id,timestamp,merchant,category,amount,currency,status,payment_method
TXN2025000000,2025-10-03T21:03:27Z,Cult.fit,Health,912.62,INR,SUCCESS,Credit Card
TXN2025000001,2026-01-28T13:41:04Z,HDFC Ergo,Insurance,5446.06,INR,FAILED,Netbanking
TXN2025000002,1768265109000,Domino's,Food & Dining,143.0,INR,SUCCESS,UPI
TXN2025000003,2026-01-28T09:43:21Z,BPCL,Fuel,1295.35,INR,SUCCESS,Credit Card
TXN2025000004,2025-07-03,Airtel,Utilities,2144.58,INR,SUCCESS,Credit Card
TXN2025000005,2025-09-22,upGrad,Education,23820.0,INR,SUCCESS,Debit Card
TXN2025000006,2026-05-25T21:43:12Z,Flipkart,Shopping,1986.0,INR,SUCCESS,Debit Card
TXN2025000007,2026-07-13T16:35:46Z,Domino's,Food & Dining,689.19,INR,SUCCESS,UPI
TXN2025000008,2026-06-09T15:30:30Z,BPCL,Fuel,1672.71,INR,SUCCESS,Credit Card
TXN2025000009,2026-04-27T00:01:09Z,BYJU'S,Education,4755.05,INR,PENDING,UPI
TXN2025000010,1766522125000,MakeMyTrip,Travel,7825.06,INR,SUCCESS,Debit Card
TXN2025000011,12/10/2025 16:24:49,Croma,Shopping,6883.0,INR,SUCCESS,UPI
TXN2025000012,2025-10-03T20:18:11Z,1mg,Health,4499.6,INR,SUCCESS,Netbanking
TXN2025000013,2026-03-25T06:08:03+05:30,BookMyShow,Entertainment,783.65,INR,PENDING,Credit Card
TXN2025000014,2025-07-22T11:52:46Z,Unacademy,Education,18510.59,INR,SUCCESS,UPI
TXN2025000015,2026-06-20T15:02:43+05:30,DMart,Groceries,2586.0,INR,SUCCESS,Debit Card
TXN2025000016,1781995324000,IRCTC,Travel,5967.86,INR,SUCCESS,Netbanking
TXN2025000017,2026-02-04T00:19:48+05:30,Nykaa,Shopping,5025.0,INR,SUCCESS,Debit Card
TXN2025000018,2025-12-02T21:10:57Z,HDFC Ergo,Insurance,24006.56,INR,SUCCESS,Credit Card
TXN2025000019,2025-07-19T01:39:23Z,Ajio,Shopping,9343.0,INR,SUCCESS,Credit Card
TXN2025000020,2026-02-17T09:26:06Z,Cult.fit,Health,1245.88,INR,PENDING,Netbanking
TXN2025000021,2025-10-06T15:20:57+05:30,BookMyShow,Entertainment,1549.93,INR,SUCCESS,UPI
TXN2025000022,2026-01-25,Unacademy,Education,39918.7,INR,FAILED,Debit Card
TXN2025000023,2025-08-31T10:08:13+05:30,Udemy,Education,19368.0,INR,SUCCESS,UPI
TXN2025000024,2026-01-11,LIC Premium,Insurance,35220.0,INR,SUCCESS,Credit Card
TXN2025000025,1761322345000,Indian Oil,Fuel,4150.51,INR,SUCCESS,Credit Card
TXN2025000026,2026-07-06,Nykaa,Shopping,6949.0,INR,SUCCESS,UPI
TXN2025000027,2026-06-26T14:19:36Z,1mg,Health,2370.0,INR,SUCCESS,Debit Card
TXN2025000028,2026-07-03T12:42:30Z,IndiGo,Travel,709.74,INR,SUCCESS,UPI
TXN2025000029,2026-04-22T09:19:33+05:30,LIC Premium,Insurance,20210.0,INR,SUCCESS,Credit Card
TXN2025000030,2025-09-02T21:35:41Z,Ajio,Shopping,11994.6,INR,SUCCESS,Netbanking
TXN2025000031,2026-03-25T16:31:56Z,IRCTC,Travel,8374.44,INR,SUCCESS,Debit Card
TXN2025000032,2025-12-18T03:23:19+05:30,Hotstar,Entertainment,2488.6,INR,SUCCESS,Netbanking
TXN2025000033,1752013992000,Myntra,Shopping,4725.0,INR,SUCCESS,Credit Card
TXN2025000034,2026-03-02T20:48:21Z,PharmEasy,Health,1658.0,INR,SUCCESS,Credit Card
TXN2025000035,2025-07-28T12:26:18+05:30,McDonald's,Food & Dining,826.23,INR,SUCCESS,Credit Card
TXN2025000036,21/08/2025 09:14:08,BigBasket,Groceries,4113.0,INR,SUCCESS,Netbanking
TXN2025000037,2025-09-12T17:14:56Z,IndiGo,Travel,7104.65,INR,SUCCESS,UPI
TXN2025000038,2025-12-29,Coursera,Education,24276.19,INR,SUCCESS,UPI
TXN2025000039,2025-07-24T07:27:03Z,Unacademy,Education,36286.25,INR,SUCCESS,Debit Card
TXN2025000040,2025-12-21T23:52:52Z,Flipkart,Shopping,4738.0,INR,SUCCESS,Netbanking
TXN2025000041,2026-06-24T07:57:32Z,Uber,Travel,2651.0,INR,SUCCESS,Netbanking
TXN2025000042,2026-01-26T17:08:41Z,BPCL,Fuel,891.63,INR,SUCCESS,UPI
TXN2025000043,2026-01-05T14:30:12+05:30,Policybazaar,Insurance,34174.0,INR,SUCCESS,Credit Card
TXN2025000044,2025-07-01T14:35:22Z,Hotstar,Entertainment,2270.0,INR,SUCCESS,Debit Card
TXN2025000045,2026-04-10T16:48:10+05:30,Tata Power,Utilities,1141.32,INR,PENDING,Netbanking
TXN2025000046,2025-07-23T17:06:13+05:30,Nykaa,Shopping,3701.0,INR,SUCCESS,UPI
TXN2025000047,2026-01-02T03:59:27+05:30,HDFC Ergo,Insurance,13573.0,INR,SUCCESS,Credit Card
TXN2025000048,2025-09-10T22:30:51Z,Starbucks,Food & Dining,869.0,INR,SUCCESS,UPI
TXN2025000049,2026-07-01T16:18:43+05:30,Unacademy,,47538.1,INR,SUCCESS,Credit Card
TXN2025000050,1765375053000,PharmEasy,Health,4222.46,INR,PENDING,Debit Card
TXN2025000051,2025-10-01T11:12:51Z,Rapido,Travel,1997.48,INR,SUCCESS,Netbanking
TXN2025000052,2025-10-31,Ajio,Shopping,12205.0,INR,SUCCESS,UPI
TXN2025000053,2025-08-08T14:23:34Z,Swiggy,Food & Dining,-477.46,INR,SUCCESS,Credit Card
TXN2025000054,2026-06-07T20:44:57Z,Indian Oil,Fuel,1560.8,INR,SUCCESS,Credit Card
TXN2025000055,27/01/2026 23:09:30,Spotify,Entertainment,819.01,INR,SUCCESS,Debit Card
TXN2025000056,2026-01-22T04:35:04Z,Practo,Health,6889.4,INR,SUCCESS,Debit Card
TXN2025000057,2025-10-11T11:30:03Z,Coursera,Education,6592.77,INR,PENDING,UPI
TXN2025000058,2026-02-20T15:55:21Z,HDFC Ergo,Insurance,22799.0,INR,SUCCESS,Debit Card
TXN2025000059,2026-01-13T06:45:13+05:30,IRCTC,Travel,6249.97,INR,SUCCESS,Debit Card
TXN2025000060,2025-10-16T05:20:47Z,Starbucks,Food & Dining,191.99,INR,SUCCESS,UPI
TXN2025000061,2025-10-10T12:06:00Z,JioMart,Groceries,4695.38,INR,SUCCESS,Netbanking
TXN2025000062,2025-08-13T05:14:24Z,BPCL,Fuel,3322.67,INR,SUCCESS,Credit Card
TXN2025000063,2026-01-31T08:24:25Z,Shell,Fuel,644.11,INR,FAILED,Netbanking
TXN2025000064,2026-06-28T03:30:38Z,Ajio,Shopping,1088.28,INR,SUCCESS,Debit Card
TXN2025000065,2025-11-15,IRCTC,Travel,6202.19,INR,SUCCESS,Netbanking
TXN2025000066,2025-09-30T17:03:06Z,Practo,Health,5283.92,INR,SUCCESS,Credit Card
TXN2025000067,2025-11-06T18:41:34Z,YouTube Premium,Entertainment,207.27,INR,SUCCESS,Credit Card
TXN2025000068,2025-11-26T08:02:50Z,BigBasket,Groceries,1207.43,INR,SUCCESS,Netbanking
TXN2025000069,2025-11-13T13:33:09Z,MakeMyTrip,Travel,1956.24,INR,FAILED,Credit Card
TXN2025000070,2025-11-05T06:07:23Z,MakeMyTrip,,408.0,INR,SUCCESS,UPI
TXN2025000071,2026-03-21T21:34:04+05:30,BigBasket,Groceries,2301.53,INR,SUCCESS,Debit Card
TXN2025000072,2025-09-08T08:22:21+05:30,Zomato,Food & Dining,209.97,INR,SUCCESS,Debit Card
TXN2025000073,2026-04-09T17:01:55Z,Domino's,Food & Dining,204.55,INR,SUCCESS,Netbanking
TXN2025000074,2026-06-15T07:59:30+05:30,1mg,Health,6892.0,INR,SUCCESS,Credit Card
TXN2025000075,2026-01-18T22:00:31+05:30,Rapido,Travel,590.6,INR,SUCCESS,Credit Card
TXN2025000076,2026-06-23T08:42:23Z,Spotify,Entertainment,1162.98,INR,FAILED,Debit Card
TXN2025000077,2025-10-25T15:12:23+05:30,Coursera,Education,46792.67,INR,SUCCESS,Debit Card
TXN2025000078,2025-10-23T19:42:22+05:30,Coursera,Education,23052.63,INR,SUCCESS,Credit Card
TXN2025000079,2026-03-21,Ola,Travel,3899.93,INR,SUCCESS,Credit Card
TXN2025000080,2026-05-20T13:22:54Z,Practo,Health,4048.37,INR,SUCCESS,Debit Card
TXN2025000081,1771664384000,Blinkit,Groceries,1498.04,INR,SUCCESS,Debit Card
TXN2025000082,2026-01-15T12:29:13+05:30,Tata Power,Utilities,1657.89,INR,SUCCESS,Credit Card
TXN2025000083,1772546170000,Coursera,Education,5578.04,INR,SUCCESS,Debit Card
TXN2025000084,2026-03-19T01:24:36Z,Amazon,Shopping,14795.17,INR,SUCCESS,Credit Card
TXN2025000085,1767251130000,Ola,Travel,1496.0,INR,SUCCESS,UPI
TXN2025000086,14/09/2025 12:16:03,Tata Power,Utilities,1567.66,INR,SUCCESS,Netbanking
TXN2025000087,2026-03-24T19:36:19Z,ACT Fibernet,Utilities,1518.0,INR,SUCCESS,UPI
TXN2025000088,2026-03-28T06:22:04+05:30,Jio,Utilities,922.18,INR,SUCCESS,Netbanking
TXN2025000089,2025-08-17T03:08:38+05:30,Starbucks,Food & Dining,554.78,INR,SUCCESS,Credit Card
TXN2025000090,2026-02-17T00:31:04Z,Tata Power,Utilities,2403.01,INR,SUCCESS,Netbanking
TXN2025000091,2025-12-13T17:30:43+05:30,Practo,Health,5732.79,INR,SUCCESS,Netbanking
TXN2025000092,2025-10-09,Croma,Shopping,13475.52,INR,SUCCESS,Credit Card
TXN2025000093,1767568577000,Cult.fit,Health,2049.58,INR,SUCCESS,Credit Card
TXN2025000094,2025-09-29T20:08:18Z,BigBasket,Groceries,2807.27,INR,SUCCESS,Debit Card
TXN2025000095,2025-08-28T08:20:37Z,DMart,Groceries,5390.0,INR,SUCCESS,Netbanking
TXN2025000096,2025-12-08T21:20:56Z,upGrad,Education,9250.0,INR,SUCCESS,Debit Card
TXN2025000097,2026-05-20T05:36:30Z,Shell,Fuel,2363.0,INR,SUCCESS,Netbanking
TXN2025000098,2026-06-08,PharmEasy,Health,6630.0,INR,FAILED,Netbanking
TXN2025000099,2026-04-19T09:23:49Z,BSES,Utilities,219.46,INR,SUCCESS,Netbanking
TXN2025000100,2026-02-20T01:13:17Z,Shell,Fuel,3490.06,INR,FAILED,Netbanking
TXN2025000101,2025-11-28T18:54:42Z,MakeMyTrip,Travel,2601.83,INR,SUCCESS,Netbanking
TXN2025000102,1755590678000,LIC Premium,Insurance,7854.22,INR,SUCCESS,UPI
TXN2025000103,1754125009000,Hotstar,Entertainment,1540.54,INR,SUCCESS,Netbanking
TXN2025000104,2025-10-09T19:19:57Z,Ajio,Shopping,15649.0,INR,SUCCESS,Debit Card
TXN2025000105,2026-06-07T09:20:20Z,IRCTC,Travel,4201.0,INR,FAILED,Debit Card
TXN2025000106,2026-05-21T00:26:01Z,Policybazaar,Insurance,38121.36,INR,SUCCESS,Netbanking
TXN2025000107,2026-07-05T11:02:04Z,Zomato,Food & Dining,704.0,INR,SUCCESS,Credit Card
TXN2025000108,2025-07-16,Udemy,Education,4704.46,INR,SUCCESS,UPI
TXN2025000109,2025-08-28T22:48:23Z,IndiGo,Travel,1954.0,INR,PENDING,Credit Card
TXN2025000110,2025-09-23T15:34:36+05:30,BSES,Utilities,2409.21,INR,SUCCESS,Debit Card
TXN2025000111,17/04/2026 11:10:20,Spotify,Entertainment,543.47,INR,SUCCESS,UPI
TXN2025000112,2025-07-10T17:50:24Z,Croma,Shopping,17377.0,INR,SUCCESS,Netbanking
TXN2025000113,15/02/2026 22:45:07,Hotstar,Entertainment,2362.0,INR,PENDING,Credit Card
TXN2025000114,1774268123000,Flipkart,Shopping,12655.0,INR,SUCCESS,UPI
TXN2025000115,1765682180000,Apollo Pharmacy,Health,5511.0,INR,SUCCESS,Debit Card
TXN2025000116,2026-05-26T17:07:07Z,McDonald's,Food & Dining,514.0,INR,SUCCESS,Netbanking
TXN2025000117,2026-06-12T06:04:53+05:30,Flipkart,Shopping,8001.69,INR,PENDING,Credit Card
TXN2025000118,2026-03-10T09:12:09Z,Jio,Utilities,781.25,INR,SUCCESS,Netbanking
TXN2025000119,2025-10-13T00:07:39Z,Tata Power,Utilities,1637.4,INR,SUCCESS,Credit Card
TXN2025000120,2026-04-18T10:56:45+05:30,Amazon,Shopping,5273.08,INR,FAILED,Netbanking
TXN2025000121,2025-09-09T14:52:13+05:30,JioMart,Groceries,463.59,INR,SUCCESS,Credit Card
TXN2025000122,1780846836000,Netflix,Entertainment,2024.0,INR,SUCCESS,Debit Card
TXN2025000123,2025-08-03T00:28:14Z,BPCL,Fuel,540.6,INR,SUCCESS,Netbanking
TXN2025000124,1767283233000,ACT Fibernet,Utilities,2032.0,INR,SUCCESS,Netbanking
TXN2025000125,2025-09-24T19:55:41Z,Airtel,Utilities,2816.0,INR,SUCCESS,Credit Card
TXN2025000126,2026-01-31T22:44:30+05:30,Zepto,Groceries,4084.57,INR,SUCCESS,Debit Card
TXN2025000127,14/11/2025 15:06:42,Jio,Utilities,3488.88,INR,SUCCESS,Netbanking
TXN2025000128,2026-04-06T21:21:26Z,BigBasket,Groceries,2047.0,INR,SUCCESS,Debit Card
TXN2025000129,2026-03-25T19:17:26Z,Myntra,Shopping,13461.85,INR,SUCCESS,Credit Card
TXN2025000130,2026-02-14,IRCTC,Travel,6699.0,INR,SUCCESS,Debit Card
TXN2025000131,2025-11-17T22:09:19Z,Flipkart,Shopping,15045.0,INR,SUCCESS,Debit Card
TXN2025000132,2025-07-18T10:44:13Z,Swiggy,Food & Dining,672.0,INR,SUCCESS,Debit Card
TXN2025000133,2026-04-19T08:31:53+05:30,upGrad,Education,51980.78,INR,FAILED,UPI
TXN2025000134,2025-12-18T19:58:00Z,Swiggy,Food & Dining,567.77,INR,SUCCESS,Credit Card
TXN2025000135,2025-08-14T01:52:09Z,Starbucks,Food & Dining,316.93,INR,SUCCESS,Netbanking
TXN2025000136,2025-07-21T14:10:22Z,ACT Fibernet,Utilities,444.47,INR,SUCCESS,Credit Card
TXN2025000137,2025-10-05T03:48:26Z,Apollo Pharmacy,Health,6651.0,INR,SUCCESS,Netbanking
TXN2025000138,2026-04-28T05:59:16+05:30,1mg,Health,4233.47,INR,SUCCESS,Netbanking
TXN2025000139,2026-02-14T07:57:06Z,Airtel,Utilities,3198.0,INR,SUCCESS,Debit Card
TXN2025000140,2026-04-14T04:37:56Z,Apollo Pharmacy,Health,4404.04,INR,SUCCESS,Credit Card
TXN2025000141,2025-08-30T18:22:41Z,Cult.fit,Health,1595.52,INR,SUCCESS,Credit Card
TXN2025000142,22/12/2025 22:59:55,BPCL,Fuel,800.0,INR,SUCCESS,Netbanking
TXN2025000143,18/10/2025 19:07:34,Blinkit,Groceries,486.0,INR,SUCCESS,Netbanking
TXN2025000144,1777743321000,McDonald's,Food & Dining,656.16,INR,SUCCESS,Credit Card
TXN2025000145,2025-08-27T15:10:54Z,Jio,Utilities,578.0,INR,SUCCESS,Credit Card
TXN2025000146,2026-02-17,McDonald's,Food & Dining,166.52,INR,SUCCESS,Debit Card
TXN2025000147,2026-03-29T12:29:26Z,Airtel,Utilities,610.37,INR,SUCCESS,Debit Card
TXN2025000148,2026-02-18T00:36:20Z,Indian Oil,Fuel,2659.93,INR,PENDING,Netbanking
TXN2025000149,2025-08-05T05:43:41Z,HDFC Ergo,Insurance,13909.0,INR,SUCCESS,UPI
TXN2025000150,2025-07-16,Policybazaar,Insurance,27382.0,INR,SUCCESS,Credit Card
TXN2025000151,2025-10-16T19:06:25Z,BSES,Utilities,1912.58,INR,PENDING,Netbanking
TXN2025000152,2025-12-30T07:18:51Z,Cult.fit,Health,5727.58,INR,SUCCESS,Netbanking
TXN2025000153,2025-09-01T05:29:46Z,JioMart,Groceries,2130.0,INR,SUCCESS,Netbanking
TXN2025000154,2025-12-03,upGrad,Education,27754.82,INR,SUCCESS,UPI
TXN2025000155,2025-08-15,Tata Power,Utilities,490.0,INR,SUCCESS,Netbanking
TXN2025000156,2026-06-03T15:05:32+05:30,Indian Oil,Fuel,3799.0,INR,SUCCESS,Netbanking
TXN2025000157,2026-02-27,YouTube Premium,Entertainment,276.43,INR,SUCCESS,Netbanking
TXN2025000158,2025-10-12T17:08:40+05:30,Cult.fit,Health,3177.0,INR,SUCCESS,Credit Card
TXN2025000159,2025-08-16T22:16:23Z,Blinkit,Groceries,2797.26,INR,SUCCESS,Credit Card
TXN2025000160,2026-01-31T05:51:22Z,BYJU'S,Education,9551.58,INR,SUCCESS,UPI
TXN2025000161,2025-12-26T23:30:21Z,MakeMyTrip,Travel,8931.86,INR,SUCCESS,Credit Card
TXN2025000162,2026-03-31T17:24:46Z,ACT Fibernet,Utilities,3277.0,INR,SUCCESS,Netbanking
TXN2025000163,2026-01-30T20:39:46Z,BSES,Utilities,3434.0,INR,SUCCESS,Netbanking
TXN2025000164,2026-06-07T06:24:53Z,Ola,Travel,8312.44,INR,SUCCESS,UPI
TXN2025000165,2025-11-09T23:52:00+05:30,BigBasket,Groceries,4704.25,INR,SUCCESS,Debit Card
TXN2025000166,2026-02-13T22:39:21+05:30,Swiggy,Food & Dining,340.0,INR,SUCCESS,Netbanking
TXN2025000167,2025-11-07T02:33:53+05:30,Nykaa,Shopping,8231.56,INR,SUCCESS,Netbanking
TXN2025000168,2026-03-28T15:39:23Z,Tata Power,Utilities,3278.41,INR,SUCCESS,Netbanking
TXN2025000169,2025-11-01,MakeMyTrip,Travel,7732.91,INR,SUCCESS,Netbanking
TXN2025000170,1773577901000,BYJU'S,Education,50325.14,INR,SUCCESS,Credit Card
TXN2025000171,1783700091000,ACT Fibernet,Utilities,3383.0,INR,SUCCESS,Debit Card
TXN2025000172,2026-01-21T06:13:09+05:30,Flipkart,Shopping,15779.46,INR,SUCCESS,UPI
TXN2025000173,2026-07-12T11:09:09Z,LIC Premium,Insurance,7049.98,INR,SUCCESS,UPI
TXN2025000174,28/02/2026 01:11:55,BSES,Utilities,2779.0,INR,SUCCESS,Netbanking
TXN2025000175,2026-03-19T21:28:02+05:30,Udemy,Education,5336.0,INR,SUCCESS,Netbanking
TXN2025000176,2026-01-06T12:00:00+05:30,DMart,Groceries,3872.76,INR,SUCCESS,UPI
TXN2025000177,2026-06-23T10:10:52Z,Practo,Health,618.68,INR,SUCCESS,Credit Card
TXN2025000178,1776821973000,HDFC Ergo,Insurance,4979.6,INR,SUCCESS,UPI
TXN2025000179,2025-07-12T00:18:28Z,Airtel,Utilities,-749.0,INR,SUCCESS,Debit Card
TXN2025000180,2025-08-26T07:18:31Z,Starbucks,Food & Dining,348.83,INR,SUCCESS,Netbanking
TXN2025000181,2025-09-06T18:15:52Z,Apollo Pharmacy,Health,4820.0,INR,SUCCESS,Netbanking
TXN2025000182,2026-02-12T05:55:06Z,Practo,Health,4829.47,INR,SUCCESS,Credit Card
TXN2025000183,2026-03-16T17:54:21Z,Tata Power,Utilities,2305.09,INR,SUCCESS,Netbanking
TXN2025000184,2025-12-19T07:43:11Z,Blinkit,Groceries,4162.0,INR,SUCCESS,Debit Card
TXN2025000185,2025-12-25T04:31:06Z,Cult.fit,Health,6739.9,INR,SUCCESS,Credit Card
TXN2025000186,2025-11-26T02:34:22+05:30,BookMyShow,Entertainment,2155.0,INR,SUCCESS,Debit Card
TXN2025000187,1752044370000,Apollo Pharmacy,Health,2176.73,INR,SUCCESS,Netbanking
TXN2025000188,2026-04-29,BigBasket,,346.16,INR,SUCCESS,UPI
TXN2025000189,2026-06-16T10:27:48Z,1mg,Health,5254.43,INR,SUCCESS,Credit Card
TXN2025000190,1757687970000,1mg,Health,5643.0,INR,SUCCESS,Debit Card
TXN2025000191,2026-03-22T04:31:45Z,Unacademy,Education,41800.93,INR,PENDING,UPI
TXN2025000192,2025-12-18T23:16:11Z,Cult.fit,Health,4577.0,INR,SUCCESS,Debit Card
TXN2025000193,2025-11-04,LIC Premium,Insurance,6559.35,INR,SUCCESS,Netbanking
TXN2025000194,2026-06-06T03:42:17Z,Uber,Travel,1966.99,INR,SUCCESS,Debit Card
TXN2025000195,2026-01-03T21:38:50Z,Croma,Shopping,4885.52,INR,SUCCESS,Debit Card
TXN2025000196,2026-04-19T15:42:04Z,Myntra,Shopping,8616.0,INR,SUCCESS,Netbanking
TXN2025000197,2025-07-06T04:13:52Z,BPCL,Fuel,1963.1,INR,FAILED,UPI
TXN2025000198,2025-10-10T19:31:17+05:30,Tata Power,Utilities,1416.33,INR,SUCCESS,Netbanking
TXN2025000199,2025-09-29T19:22:41+05:30,Cult.fit,Health,6591.0,INR,SUCCESS,UPI
TXN2025000200,1782019092000,Practo,Health,6207.01,INR,SUCCESS,Credit Card
TXN2025000201,19/06/2026 04:06:25,Udemy,Education,4412.78,INR,FAILED,Debit Card
TXN2025000202,2026-07-03T06:17:48Z,Udemy,Education,23047.0,INR,SUCCESS,Debit Card
TXN2025000203,2026-01-25T12:47:51Z,ACT Fibernet,Utilities,583.0,INR,SUCCESS,Netbanking
TXN2025000204,2026-03-28T11:42:04+05:30,Tata Power,Utilities,1424.34,INR,SUCCESS,Netbanking
TXN2025000205,1765229414000,PharmEasy,Health,5234.0,INR,SUCCESS,UPI
TXN2025000206,2025-10-17T09:52:01Z,ACT Fibernet,Utilities,2231.65,INR,SUCCESS,Debit Card
TXN2025000207,2026-05-28T23:52:25Z,IRCTC,Travel,4101.77,INR,SUCCESS,UPI
TXN2025000208,2026-03-08T04:43:17Z,Unacademy,Education,20835.46,INR,SUCCESS,UPI
TXN2025000209,2026-07-04T13:25:17+05:30,Hotstar,Entertainment,797.6,INR,SUCCESS,UPI
TXN2025000210,2026-07-12T21:44:44Z,Coursera,Education,12452.93,INR,SUCCESS,UPI
TXN2025000211,2026-02-05T00:44:53Z,JioMart,Groceries,1688.0,INR,SUCCESS,UPI
TXN2025000212,2026-05-12T12:42:10Z,Policybazaar,Insurance,22837.0,INR,FAILED,Debit Card
TXN2025000213,2025-10-16T10:53:19Z,Nykaa,Shopping,14269.56,INR,SUCCESS,Credit Card
TXN2025000214,2026-03-14T12:00:13Z,Shell,Fuel,1502.0,INR,SUCCESS,Credit Card
TXN2025000215,2026-02-14T11:00:25Z,Swiggy,Food & Dining,399.43,INR,SUCCESS,UPI
TXN2025000216,2025-12-11T11:38:12+05:30,Uber,Travel,2535.0,INR,SUCCESS,UPI
TXN2025000217,2025-11-18T14:26:52+05:30,HDFC Ergo,Insurance,3946.98,INR,SUCCESS,UPI
TXN2025000218,2025-07-17,Airtel,Utilities,1862.67,INR,SUCCESS,Debit Card
TXN2025000219,2026-01-02T18:56:05Z,Tata Power,Utilities,2323.0,INR,SUCCESS,Netbanking
TXN2025000220,2025-12-20T00:48:02Z,Unacademy,,6829.05,INR,SUCCESS,UPI
TXN2025000221,1760536205000,DMart,Groceries,3767.0,INR,SUCCESS,Debit Card
TXN2025000222,2025-12-24T04:56:03+05:30,BookMyShow,Entertainment,2487.37,INR,SUCCESS,Netbanking
TXN2025000223,1773276721000,Flipkart,Shopping,14348.0,INR,SUCCESS,Credit Card
TXN2025000224,2025-11-09T15:04:17+05:30,Jio,Utilities,1690.0,INR,SUCCESS,Netbanking
TXN2025000225,30/10/2025 08:55:50,YouTube Premium,Entertainment,1864.0,INR,SUCCESS,Debit Card
TXN2025000226,2025-12-31T22:59:49Z,Spotify,Entertainment,2390.9,INR,SUCCESS,UPI
TXN2025000227,2026-04-13T16:34:40Z,Amazon,Shopping,1995.0,INR,SUCCESS,Credit Card
TXN2025000228,2026-02-03T21:46:06Z,BPCL,Fuel,739.92,INR,SUCCESS,UPI
TXN2025000229,2026-04-18T03:39:21Z,YouTube Premium,Entertainment,980.31,INR,SUCCESS,UPI
TXN2025000230,2026-02-10T10:35:27+05:30,Blinkit,Groceries,3722.34,INR,SUCCESS,Credit Card
TXN2025000231,2025-08-11T19:10:06Z,Nykaa,Shopping,11941.0,INR,SUCCESS,Debit Card
TXN2025000232,2026-05-10T06:20:54Z,Myntra,Shopping,13809.99,INR,SUCCESS,UPI
TXN2025000233,2025-10-12T15:17:36Z,1mg,Health,6514.23,INR,SUCCESS,Credit Card
TXN2025000234,2025-11-09T17:53:43Z,BigBasket,Groceries,4305.0,INR,SUCCESS,UPI
TXN2025000235,2025-12-03T10:04:51Z,Uber,Travel,7854.79,INR,SUCCESS,Credit Card
TXN2025000236,2026-04-16T18:15:56+05:30,HDFC Ergo,Insurance,-25877.0,INR,SUCCESS,Credit Card
TXN2025000237,2025-11-21T11:38:41Z,BookMyShow,Entertainment,1136.0,INR,SUCCESS,Debit Card
TXN2025000238,2025-08-30T04:36:35Z,Apollo Pharmacy,Health,4234.13,INR,SUCCESS,UPI
TXN2025000239,2025-12-12T16:06:14+05:30,Unacademy,Education,5404.48,INR,SUCCESS,Netbanking
TXN2025000240,2025-08-13T23:21:21Z,YouTube Premium,Entertainment,791.22,INR,FAILED,Netbanking
TXN2025000241,2026-01-05T23:44:45+05:30,Myntra,Shopping,5349.3,INR,SUCCESS,Debit Card
TXN2025000242,2025-07-22T01:06:17Z,Domino's,Food & Dining,292.0,INR,FAILED,Credit Card
TXN2025000243,2026-04-23T12:59:44Z,Zepto,Groceries,5688.35,INR,PENDING,Debit Card
TXN2025000244,2025-12-15T00:29:44Z,DMart,Groceries,983.91,INR,SUCCESS,Credit Card
TXN2025000245,02/02/2026 23:40:51,BookMyShow,Entertainment,1401.0,INR,PENDING,Debit Card
TXN2025000246,2025-12-17T04:21:40Z,McDonald's,Food & Dining,429.72,INR,SUCCESS,Netbanking
TXN2025000247,2026-02-08T10:58:20Z,McDonald's,Food & Dining,792.45,INR,SUCCESS,Netbanking
TXN2025000248,2025-11-03T21:33:31Z,Blinkit,Groceries,956.0,INR,SUCCESS,Netbanking
TXN2025000249,2026-05-24T17:39:53Z,upGrad,Education,50667.0,INR,SUCCESS,Credit Card
TXN2025000250,2025-12-01T11:18:46Z,Jio,Utilities,2143.28,INR,SUCCESS,Debit Card
TXN2025000251,1768437176000,MakeMyTrip,Travel,-3131.0,INR,SUCCESS,UPI
TXN2025000252,2025-11-13T10:54:48Z,HP Petrol,Fuel,2539.81,INR,SUCCESS,Credit Card
TXN2025000253,1757129861000,IndiGo,Travel,1104.0,INR,SUCCESS,Credit Card
TXN2025000254,2026-07-05,Policybazaar,Insurance,30727.0,INR,SUCCESS,Netbanking
TXN2025000255,22/12/2025 08:06:00,Tata Power,Utilities,2689.67,INR,SUCCESS,Debit Card
TXN2025000256,2025-12-30T02:39:40+05:30,Cult.fit,Health,2315.55,INR,SUCCESS,Debit Card
TXN2025000257,2025-07-29T14:00:25Z,BigBasket,Groceries,3671.09,INR,SUCCESS,Netbanking
TXN2025000258,2025-10-20T06:15:06Z,Airtel,Utilities,324.1,INR,FAILED,UPI
TXN2025000259,2026-02-11T09:03:43+05:30,Practo,Health,4219.45,INR,PENDING,UPI
TXN2025000260,2025-09-11T21:01:08Z,Airtel,Utilities,3199.86,INR,SUCCESS,Netbanking
TXN2025000261,2025-08-09T23:12:26Z,Indian Oil,Fuel,1103.0,INR,SUCCESS,UPI
TXN2025000262,2026-04-01T19:30:44+05:30,Indian Oil,Fuel,3084.0,INR,SUCCESS,Netbanking
TXN2025000263,2025-11-22T13:43:56Z,HP Petrol,Fuel,2590.0,INR,SUCCESS,Netbanking
TXN2025000264,1753065295000,YouTube Premium,Entertainment,1969.77,INR,SUCCESS,Debit Card
TXN2025000265,2025-11-27T21:32:22Z,McDonald's,Food & Dining,377.16,INR,SUCCESS,Debit Card
TXN2025000266,2026-02-19T20:04:43Z,LIC Premium,Insurance,34285.3,INR,FAILED,Debit Card
TXN2025000267,2025-11-13T15:03:57Z,Amazon,Shopping,10635.0,INR,SUCCESS,Netbanking
TXN2025000268,2025-10-29T05:30:44+05:30,Ajio,Shopping,10852.48,INR,SUCCESS,Netbanking
TXN2025000269,18/03/2026 05:56:15,Udemy,Education,43749.54,INR,PENDING,UPI
TXN2025000270,2025-07-07T20:25:15Z,Udemy,Education,37204.3,INR,SUCCESS,Debit Card
TXN2025000271,2026-04-24T13:05:36+05:30,Uber,Travel,8570.0,INR,SUCCESS,Credit Card
TXN2025000272,2025-10-23T15:28:55Z,MakeMyTrip,Travel,8999.0,INR,SUCCESS,UPI
TXN2025000273,1755705476000,Coursera,Education,19184.61,INR,SUCCESS,Netbanking
TXN2025000274,1777181949000,Nykaa,Shopping,3213.66,INR,SUCCESS,Credit Card
TXN2025000275,20/03/2026 16:09:33,LIC Premium,Insurance,18350.43,INR,SUCCESS,Credit Card
TXN2025000276,2026-05-01T09:32:55+05:30,Airtel,Utilities,2214.96,INR,SUCCESS,Credit Card
TXN2025000277,2026-05-01T14:51:37+05:30,Shell,Fuel,1456.67,INR,SUCCESS,Credit Card
TXN2025000278,2025-12-19T02:39:55+05:30,Spotify,Entertainment,1743.7,INR,SUCCESS,Debit Card
TXN2025000279,2025-09-01T16:59:29Z,BookMyShow,Entertainment,1331.33,INR,SUCCESS,Credit Card
TXN2025000280,2025-11-22T03:56:51+05:30,Rapido,Travel,659.18,INR,SUCCESS,UPI
TXN2025000281,2025-10-19T11:28:47Z,BYJU'S,Education,46678.03,INR,SUCCESS,Credit Card
TXN2025000282,2026-05-19T17:55:00+05:30,BigBasket,Groceries,2861.12,INR,SUCCESS,UPI
TXN2025000283,2026-06-27T03:07:37Z,MakeMyTrip,Travel,7386.99,INR,SUCCESS,Netbanking
TXN2025000284,2025-11-27T17:49:44Z,Starbucks,Food & Dining,-429.23,INR,SUCCESS,Debit Card
TXN2025000285,22/05/2026 21:41:23,MakeMyTrip,Travel,448.05,INR,SUCCESS,Debit Card
TXN2025000286,2026-05-19T05:56:18+05:30,Nykaa,Shopping,2778.0,INR,SUCCESS,Credit Card
TXN2025000287,2025-07-02T19:26:40Z,Policybazaar,Insurance,28663.14,INR,SUCCESS,UPI
TXN2025000288,2026-07-01,Rapido,Travel,2097.0,INR,SUCCESS,Netbanking
TXN2025000289,2025-08-17T02:12:32Z,Myntra,Shopping,14049.0,INR,SUCCESS,Credit Card
TXN2025000290,2025-07-25T03:54:18Z,YouTube Premium,Entertainment,-1651.18,INR,SUCCESS,Netbanking
TXN2025000291,2026-02-09T02:19:50Z,1mg,Health,3821.97,INR,SUCCESS,Credit Card
TXN2025000292,2025-10-02T10:13:16+05:30,Blinkit,Groceries,2746.66,INR,SUCCESS,Netbanking
TXN2025000293,2026-07-14T06:56:17Z,Uber,Travel,6046.0,INR,SUCCESS,UPI
TXN2025000294,2026-01-14T03:23:07+05:30,HP Petrol,Fuel,2676.33,INR,SUCCESS,UPI
TXN2025000295,2025-11-28T00:29:42Z,BookMyShow,Entertainment,2202.0,INR,PENDING,Debit Card
TXN2025000296,2025-11-11T16:17:31Z,HDFC Ergo,Insurance,2125.33,INR,PENDING,UPI
TXN2025000297,2025-07-17T23:44:18Z,PharmEasy,Health,5186.0,INR,FAILED,Debit Card
TXN2025000298,28/12/2025 10:35:57,Udemy,Education,10453.99,INR,SUCCESS,Netbanking
TXN2025000299,2026-04-05,Cult.fit,Health,1398.0,INR,SUCCESS,Netbanking
TXN2025000300,2025-09-16T05:41:36Z,Domino's,Food & Dining,348.0,INR,SUCCESS,Debit Card
TXN2025000301,2026-01-27T21:24:46+05:30,Zepto,Groceries,3237.69,INR,SUCCESS,Debit Card
TXN2025000302,2025-11-16,Domino's,,707.0,INR,SUCCESS,UPI
TXN2025000303,2025-11-20T22:11:14+05:30,Udemy,Education,18923.0,INR,SUCCESS,Netbanking
TXN2025000304,2025-11-09T10:33:01Z,HDFC Ergo,Insurance,18429.86,INR,SUCCESS,Netbanking
TXN2025000305,2026-01-18T10:30:06Z,upGrad,Education,27865.76,INR,SUCCESS,UPI
TXN2025000306,2026-05-16T03:16:34Z,LIC Premium,Insurance,17843.24,INR,SUCCESS,Debit Card
TXN2025000307,2025-10-23T14:03:50Z,DMart,Groceries,884.0,INR,SUCCESS,Netbanking
TXN2025000308,2025-12-20T04:01:33Z,1mg,Health,5065.00,INR,SUCCESS,Netbanking
TXN2025000309,2026-02-24T18:49:52+05:30,Domino's,,686.92,INR,SUCCESS,Debit Card
TXN2025000310,30/07/2025 03:26:03,Cult.fit,Health,6863.19,INR,SUCCESS,Netbanking
TXN2025000311,2025-08-31T21:41:03Z,Spotify,Entertainment,1355.27,INR,SUCCESS,Credit Card
TXN2025000312,2025-08-18T19:02:56Z,1mg,Health,4794.91,INR,SUCCESS,Credit Card
TXN2025000313,2026-02-06T01:36:11Z,Udemy,Education,20781.1,INR,SUCCESS,Credit Card
TXN2025000314,2025-12-20,Unacademy,Education,25295.27,INR,SUCCESS,UPI
TXN2025000315,1761857224000,Apollo Pharmacy,Health,1093.21,INR,FAILED,Debit Card
TXN2025000316,2025-09-11T06:05:36+05:30,IndiGo,,8652.0,INR,SUCCESS,Netbanking
TXN2025000317,2026-03-31T10:06:28+05:30,BPCL,Fuel,971.04,INR,SUCCESS,Credit Card
TXN2025000318,2026-01-07T12:49:03Z,Practo,,2106.2,INR,SUCCESS,UPI
TXN2025000319,15/06/2026 00:17:44,Ajio,Shopping,15402.38,INR,SUCCESS,Netbanking
TXN2025000320,02/11/2025 02:46:26,Amazon,Shopping,14655.56,INR,PENDING,Debit Card
TXN2025000321,2026-06-11T22:18:48Z,BYJU'S,Education,4505.78,INR,SUCCESS,Credit Card
TXN2025000322,2025-09-06T09:08:44Z,BYJU'S,Education,39316.15,INR,SUCCESS,Credit Card
TXN2025000323,2025-09-30T22:32:28+05:30,Myntra,Shopping,17737.59,INR,SUCCESS,UPI
TXN2025000324,2026-05-09T02:40:12+05:30,Spotify,Entertainment,-1451.5,INR,SUCCESS,Credit Card
TXN2025000325,02/12/2025 15:07:11,Practo,Health,6207.0,INR,SUCCESS,Netbanking
TXN2025000326,2026-02-09T00:57:40Z,HP Petrol,Fuel,2143.18,INR,SUCCESS,Credit Card
TXN2025000327,2026-03-22T03:04:30+05:30,DMart,Groceries,3961.33,INR,SUCCESS,Debit Card
TXN2025000328,1772776121000,Ajio,Shopping,15846.0,INR,SUCCESS,Credit Card
TXN2025000329,2025-07-22T06:59:06Z,Ajio,Shopping,7985.71,INR,SUCCESS,Credit Card
TXN2025000330,2026-04-02T05:57:16Z,Zepto,Groceries,1238.0,INR,SUCCESS,Debit Card
TXN2025000331,2025-10-06T02:18:38Z,HP Petrol,Fuel,4079.7,INR,SUCCESS,Debit Card
TXN2025000332,2025-08-06T06:48:57+05:30,Ajio,Shopping,11381.64,INR,SUCCESS,Credit Card
TXN2025000333,1773411607000,PharmEasy,Health,6600.0,INR,SUCCESS,Debit Card
TXN2025000334,2025-08-01T07:33:06Z,Apollo Pharmacy,Health,432.18,INR,SUCCESS,Debit Card
TXN2025000335,1772048477000,Udemy,Education,12382.86,INR,SUCCESS,UPI
TXN2025000336,2026-03-07T01:30:34Z,ACT Fibernet,Utilities,3133.69,INR,SUCCESS,Netbanking
TXN2025000337,2025-10-24T12:17:04+05:30,IndiGo,Travel,7281.26,INR,SUCCESS,UPI
TXN2025000338,2026-01-05T01:32:51+05:30,upGrad,Education,-4234.36,INR,SUCCESS,Credit Card
TXN2025000339,2026-04-05T18:07:38Z,JioMart,Groceries,3757.0,INR,SUCCESS,Debit Card
TXN2025000340,2026-02-03T21:28:07Z,Hotstar,Entertainment,456.43,INR,SUCCESS,Debit Card
TXN2025000341,2025-10-05T01:16:17Z,IndiGo,Travel,4304.0,INR,SUCCESS,UPI
TXN2025000342,2026-02-24T18:14:00Z,Starbucks,Food & Dining,346.37,INR,SUCCESS,Credit Card
TXN2025000343,2026-04-06T19:54:14Z,Croma,Shopping,14707.88,INR,SUCCESS,Credit Card
TXN2025000344,2025-12-29T07:01:56+05:30,Policybazaar,Insurance,7634.68,INR,SUCCESS,Debit Card
TXN2025000345,2026-01-13T07:05:01+05:30,ACT Fibernet,Utilities,276.48,INR,SUCCESS,Credit Card
TXN2025000346,2025-10-18T06:25:52+05:30,IRCTC,Travel,5333.0,INR,SUCCESS,Netbanking
TXN2025000347,2025-12-15T03:02:16Z,Blinkit,Groceries,3359.14,INR,SUCCESS,Debit Card
TXN2025000348,2025-07-18T08:11:22Z,LIC Premium,Insurance,15582.44,INR,SUCCESS,UPI
TXN2025000349,2025-10-20T20:27:46Z,Apollo Pharmacy,Health,3998.45,INR,SUCCESS,Netbanking
TXN2025000350,1779001052000,Indian Oil,Fuel,2301.42,INR,FAILED,UPI
TXN2025000351,2026-05-05T11:28:44Z,Ajio,Shopping,17560.21,INR,SUCCESS,Debit Card
TXN2025000352,2025-12-03T21:11:55+05:30,Policybazaar,Insurance,7054.29,INR,SUCCESS,UPI
TXN2025000353,2026-05-09T05:30:17+05:30,Domino's,Food & Dining,150.35,INR,SUCCESS,Netbanking
TXN2025000354,1762312907000,Nykaa,Shopping,11050.5,INR,SUCCESS,Debit Card
TXN2025000355,2026-05-24T00:07:09Z,Croma,Shopping,7285.65,INR,FAILED,Debit Card
TXN2025000356,2026-04-02T05:56:01+05:30,Indian Oil,Fuel,3813.16,INR,SUCCESS,Debit Card
TXN2025000357,2026-03-19T10:49:50Z,BSES,,2891.97,INR,SUCCESS,Netbanking
TXN2025000358,04/06/2026 16:33:10,PharmEasy,Health,2257.59,INR,SUCCESS,UPI
TXN2025000359,2026-05-01,1mg,Health,3400.94,INR,SUCCESS,Credit Card
TXN2025000360,1768898518000,LIC Premium,Insurance,3477.17,INR,SUCCESS,Netbanking
TXN2025000361,08/02/2026 08:44:30,Nykaa,Shopping,14852.0,INR,SUCCESS,UPI
TXN2025000362,2025-08-28T13:56:29Z,Ola,Travel,366.0,INR,SUCCESS,Credit Card
TXN2025000363,2025-12-31,YouTube Premium,Entertainment,1328.78,INR,SUCCESS,UPI
TXN2025000364,1762215052000,BYJU'S,Education,8455.0,INR,SUCCESS,Netbanking
TXN2025000365,2025-12-26T12:22:28+05:30,HP Petrol,Fuel,2007.30,INR,SUCCESS,Debit Card
TXN2025000366,06/04/2026 23:30:14,Shell,,1917.15,INR,SUCCESS,Debit Card
TXN2025000367,2025-10-17T08:31:41+05:30,Practo,Health,3466.63,INR,SUCCESS,Debit Card
TXN2025000368,2026-04-26T06:21:54Z,MakeMyTrip,Travel,8485.07,INR,SUCCESS,Credit Card
TXN2025000369,2025-11-13T11:04:52+05:30,upGrad,Education,39069.0,INR,SUCCESS,Debit Card
TXN2025000370,2025-11-25T05:30:22Z,Blinkit,Groceries,994.68,INR,PENDING,Debit Card
TXN2025000371,2026-04-04T02:46:45Z,Nykaa,Shopping,5476.0,INR,SUCCESS,Debit Card
TXN2025000372,2025-09-21T21:00:05Z,Airtel,Utilities,2364.71,INR,SUCCESS,Debit Card
TXN2025000373,2026-02-25,BPCL,Fuel,3284.0,INR,SUCCESS,Credit Card
TXN2025000374,1758880483000,IndiGo,,646.74,INR,SUCCESS,Credit Card
TXN2025000375,2025-12-31T05:37:24Z,Starbucks,Food & Dining,198.0,INR,PENDING,Credit Card
TXN2025000376,2025-08-31T02:37:03Z,Swiggy,Food & Dining,872.32,INR,SUCCESS,Netbanking
TXN2025000377,2025-10-20T07:49:04Z,BSES,,2346.78,INR,SUCCESS,Debit Card
TXN2025000378,2026-03-11T07:51:53+05:30,Udemy,Education,4193.84,INR,SUCCESS,Credit Card
TXN2025000379,2025-07-15T06:08:41Z,Shell,Fuel,3454.75,INR,SUCCESS,Netbanking
TXN2025000380,2026-05-21T12:28:43Z,Uber,Travel,8418.0,INR,SUCCESS,Netbanking
TXN2025000381,2026-06-25T09:48:56Z,Uber,Travel,8442.16,INR,FAILED,UPI
TXN2025000382,2026-06-26T08:19:34Z,Swiggy,Food & Dining,352.75,INR,SUCCESS,Debit Card
TXN2025000383,2026-01-08T14:05:50Z,Tata Power,Utilities,3464.03,INR,SUCCESS,Netbanking
TXN2025000384,2025-09-02,BigBasket,Groceries,1399.0,INR,SUCCESS,Netbanking
TXN2025000385,2026-04-12T20:16:35Z,Udemy,Education,14891.0,INR,SUCCESS,Debit Card
TXN2025000386,1771808431000,Apollo Pharmacy,Health,4769.0,INR,SUCCESS,Netbanking
TXN2025000387,2026-03-17T16:25:00Z,Jio,Utilities,1900.0,INR,SUCCESS,Credit Card
TXN2025000388,2025-07-03T10:09:40Z,Ajio,Shopping,8777.06,INR,SUCCESS,Netbanking
TXN2025000389,2025-11-05T18:49:49Z,IndiGo,Travel,4131.0,INR,SUCCESS,UPI
TXN2025000390,25/07/2025 03:02:26,Rapido,Travel,5952.41,INR,PENDING,UPI
TXN2025000391,12/01/2026 03:49:48,Tata Power,Utilities,1212.46,INR,SUCCESS,Debit Card
TXN2025000392,2025-10-23T08:26:59Z,upGrad,Education,7339.57,INR,SUCCESS,Credit Card
TXN2025000393,2025-12-24,MakeMyTrip,Travel,8624.77,INR,SUCCESS,Debit Card
TXN2025000394,2026-04-21T03:01:06+05:30,YouTube Premium,Entertainment,1799.26,INR,SUCCESS,Credit Card
TXN2025000395,2026-06-04T20:42:30Z,Policybazaar,Insurance,11027.42,INR,SUCCESS,Netbanking
TXN2025000396,2026-02-04T20:56:01Z,HP Petrol,Fuel,3315.0,INR,SUCCESS,UPI
TXN2025000397,2026-01-25T04:32:06Z,BPCL,Fuel,4111.0,INR,FAILED,Credit Card
TXN2025000398,2026-03-21T23:18:40Z,DMart,Groceries,5170.57,INR,SUCCESS,Netbanking
TXN2025000399,2025-07-22T14:33:47+05:30,Amazon,Shopping,16215.4,INR,SUCCESS,Credit Card
TXN2025000400,2026-02-03T00:22:02+05:30,Indian Oil,Fuel,2161.7,INR,FAILED,Debit Card
TXN2025000401,2025-07-02,LIC Premium,Insurance,2338.0,INR,SUCCESS,Credit Card
TXN2025000402,2026-03-29T18:33:36Z,PharmEasy,Health,650.25,INR,SUCCESS,UPI
TXN2025000403,2025-10-20T06:22:45Z,McDonald's,Food & Dining,889.19,INR,SUCCESS,Credit Card
TXN2025000404,2026-03-08T14:32:43Z,Ajio,Shopping,13866.86,INR,SUCCESS,Debit Card
TXN2025000405,2025-11-24T09:01:15Z,BookMyShow,Entertainment,1203.51,INR,PENDING,UPI
TXN2025000406,1755770597000,Unacademy,Education,53063.76,INR,SUCCESS,Debit Card
TXN2025000407,2026-01-22T03:40:11Z,Myntra,Shopping,3500.06,INR,SUCCESS,Credit Card
TXN2025000408,27/12/2025 19:30:32,Swiggy,Food & Dining,709.82,INR,SUCCESS,Netbanking
TXN2025000409,2025-12-26T15:50:19Z,Shell,Fuel,2017.0,INR,SUCCESS,Credit Card
TXN2025000410,2026-04-24T01:22:59Z,BigBasket,Groceries,1374.34,INR,SUCCESS,UPI
TXN2025000411,2026-06-08T23:42:31Z,Coursera,Education,23638.41,INR,SUCCESS,Credit Card
TXN2025000412,1766288276000,IRCTC,Travel,792.16,INR,PENDING,UPI
TXN2025000413,2025-09-30T00:12:01+05:30,IndiGo,Travel,6716.76,INR,SUCCESS,Credit Card
TXN2025000414,2026-01-12T11:08:58Z,Policybazaar,Insurance,34753.0,INR,SUCCESS,Credit Card
TXN2025000415,27/04/2026 00:34:40,LIC Premium,Insurance,23680.25,INR,FAILED,Debit Card
TXN2025000416,2026-03-14T09:37:32+05:30,IndiGo,Travel,2855.0,INR,SUCCESS,Credit Card
TXN2025000417,1783135258000,YouTube Premium,Entertainment,855.0,INR,SUCCESS,Credit Card
TXN2025000418,2025-07-18T23:29:29Z,Cult.fit,Health,4799.44,INR,SUCCESS,Netbanking
TXN2025000419,2025-08-27T17:18:32Z,HP Petrol,Fuel,1774.94,INR,SUCCESS,Netbanking
TXN2025000420,2026-05-26T14:55:52Z,Uber,Travel,6838.86,INR,SUCCESS,Debit Card
TXN2025000421,2025-07-23T09:05:38+05:30,BYJU'S,Education,8794.14,INR,SUCCESS,Netbanking
TXN2025000422,2025-10-03T02:06:19Z,YouTube Premium,Entertainment,1459.0,INR,SUCCESS,Credit Card
TXN2025000423,2026-05-25T18:21:19Z,JioMart,Groceries,3986.22,INR,SUCCESS,UPI
TXN2025000424,2025-10-13T00:44:36Z,Shell,Fuel,3398.0,INR,SUCCESS,UPI
TXN2025000425,08/04/2026 07:00:50,McDonald's,Food & Dining,266.77,INR,SUCCESS,Credit Card
TXN2025000426,2025-10-26T12:25:01Z,BSES,Utilities,889.33,INR,PENDING,Credit Card
TXN2025000427,2026-04-19T22:52:19+05:30,Ola,Travel,8666.0,INR,SUCCESS,Credit Card
TXN2025000428,2026-06-21T04:05:48Z,upGrad,Education,33637.0,INR,SUCCESS,Debit Card
TXN2025000429,2025-11-17T07:02:30Z,Blinkit,Groceries,2469.77,INR,SUCCESS,Debit Card
TXN2025000430,08/08/2025 07:05:43,Spotify,Entertainment,1354.63,INR,SUCCESS,Netbanking
TXN2025000431,2025-11-21T17:43:13Z,Policybazaar,Insurance,33829.65,INR,SUCCESS,Netbanking
TXN2025000432,2025-08-26T10:35:53Z,Domino's,Food & Dining,558.0,INR,FAILED,Debit Card
TXN2025000433,2025-12-09T22:36:35Z,BPCL,Fuel,4239.03,INR,SUCCESS,Credit Card
TXN2025000434,2026-05-20T10:00:12Z,Ola,Travel,3102.81,INR,SUCCESS,Netbanking
TXN2025000435,2025-10-08,BPCL,Fuel,3118.43,INR,SUCCESS,Netbanking
TXN2025000436,2025-09-04,LIC Premium,Insurance,26205.24,INR,SUCCESS,Debit Card
TXN2025009277,2025-09-10T11:26:58+05:30,Croma,Shopping,2820.27,INR,SUCCESS,UPI
TXN2025000438,03/07/2026 01:47:30,HP Petrol,Fuel,635.3,INR,FAILED,UPI
TXN2025000439,2026-03-02T17:03:55Z,Policybazaar,Insurance,1745.0,INR,SUCCESS,UPI
TXN2025000440,2025-12-24T20:49:05Z,BYJU'S,Education,9154.0,INR,SUCCESS,UPI
TXN2025000441,2026-06-20T11:27:36+05:30,Practo,Health,4518.44,INR,SUCCESS,Netbanking
TXN2025000442,2025-07-05T08:57:32Z,Zomato,Food & Dining,125.16,INR,SUCCESS,Debit Card
TXN2025000443,12/05/2026 19:10:28,Shell,Fuel,4409.0,INR,SUCCESS,Netbanking
TXN2025000444,2025-08-27T14:19:30Z,Uber,Travel,1141.0,INR,SUCCESS,Credit Card
TXN2025000445,2025-10-12T14:08:49Z,Practo,,3756.22,INR,SUCCESS,UPI
TXN2025000446,03/10/2025 10:51:42,Spotify,Entertainment,2404.31,INR,SUCCESS,Credit Card
TXN2025000447,1773243930000,Zepto,Groceries,4199.04,INR,SUCCESS,UPI
TXN2025000448,2026-01-01T15:11:20Z,Amazon,Shopping,7503.16,INR,SUCCESS,UPI
TXN2025000449,1765867791000,upGrad,Education,10253.88,INR,SUCCESS,Debit Card
TXN2025000450,2026-06-13T12:03:30+05:30,Apollo Pharmacy,Health,6844.71,INR,SUCCESS,UPI
TXN2025000451,2026-06-10T16:36:20+05:30,MakeMyTrip,Travel,2060.47,INR,SUCCESS,Netbanking
TXN2025000452,2026-06-25T05:34:32Z,BigBasket,Groceries,565.0,INR,SUCCESS,UPI
TXN2025000453,2026-07-09T04:02:32Z,Uber,Travel,8373.0,INR,SUCCESS,Credit Card
TXN2025000454,2026-06-26T12:14:31Z,Policybazaar,Insurance,33096.59,INR,SUCCESS,Debit Card
TXN2025000455,2026-05-26T15:52:38Z,Croma,Shopping,10303.86,INR,SUCCESS,Debit Card
TXN2025000456,25/03/2026 16:50:23,BookMyShow,Entertainment,1925.0,INR,SUCCESS,UPI
TXN2025000457,2025-08-07T22:29:51+05:30,Indian Oil,Fuel,3481.0,INR,SUCCESS,Credit Card
TXN2025000458,1783347931000,McDonald's,Food & Dining,385.66,INR,SUCCESS,Netbanking
TXN2025000459,2025-12-22T23:25:55+05:30,DMart,Groceries,468.0,INR,SUCCESS,Credit Card
TXN2025000460,11/09/2025 03:12:07,Netflix,Entertainment,1449.19,INR,SUCCESS,Netbanking
TXN2025000461,04/10/2025 17:04:42,Amazon,Shopping,13978.0,INR,SUCCESS,UPI
TXN2025000462,1777611193000,Amazon,Shopping,5079.71,INR,SUCCESS,Credit Card
TXN2025000463,2025-08-05T07:31:56Z,HDFC Ergo,Insurance,16500.45,INR,SUCCESS,Debit Card
TXN2025000464,2025-08-21T05:33:17Z,Airtel,Utilities,1387.0,INR,SUCCESS,Credit Card
TXN2025000465,2025-12-06T05:44:50Z,Jio,Utilities,1681.18,INR,SUCCESS,UPI
TXN2025000466,2026-02-18T00:40:19Z,Amazon,Shopping,6596.0,INR,SUCCESS,Netbanking
TXN2025000467,02/08/2025 21:27:24,Swiggy,Food & Dining,347.64,INR,SUCCESS,Credit Card
TXN2025000468,2025-09-04T14:22:14Z,Apollo Pharmacy,Health,3719.57,INR,SUCCESS,Debit Card
TXN2025000469,2025-09-03T22:29:09+05:30,Zepto,Groceries,1829.0,INR,SUCCESS,Debit Card
TXN2025000470,2025-11-18T00:25:41Z,YouTube Premium,Entertainment,853.72,INR,SUCCESS,Credit Card
TXN2025000471,2025-09-14T22:38:29+05:30,LIC Premium,Insurance,25563.8,INR,SUCCESS,UPI
TXN2025000472,1762455559000,Ajio,Shopping,5727.21,INR,SUCCESS,Netbanking
TXN2025000473,1778941457000,JioMart,Groceries,2809.27,INR,SUCCESS,Credit Card
TXN2025000474,2025-09-17T00:04:17+05:30,Zepto,Groceries,2127.79,INR,SUCCESS,Debit Card
TXN2025000475,2025-10-22,Uber,Travel,8688.26,INR,SUCCESS,Netbanking
TXN2025000476,2025-10-17T15:05:12Z,Apollo Pharmacy,Health,5506.0,INR,SUCCESS,Debit Card
TXN2025000477,2026-01-28T16:07:54Z,Myntra,Shopping,16800.0,INR,SUCCESS,UPI
TXN2025000478,2025-12-18T01:11:46Z,LIC Premium,Insurance,19272.46,INR,SUCCESS,UPI
TXN2025000479,2025-10-26T09:06:17Z,YouTube Premium,Entertainment,1731.0,INR,SUCCESS,Debit Card
TXN2025000480,2025-11-24T04:18:32Z,Coursera,Education,9322.89,INR,SUCCESS,Netbanking
TXN2025000481,13/01/2026 17:58:19,1mg,Health,3432.76,INR,SUCCESS,Netbanking
TXN2025000482,2026-03-30T11:42:19+05:30,Shell,Fuel,647.06,INR,SUCCESS,UPI
TXN2025000483,2025-11-15T15:25:19Z,Flipkart,Shopping,13922.04,INR,SUCCESS,UPI
TXN2025000484,2025-12-03,Apollo Pharmacy,Health,6887.72,INR,PENDING,Debit Card
TXN2025000485,2025-09-25T05:12:00+05:30,Jio,,549.0,INR,SUCCESS,Credit Card
TXN2025000486,1774110298000,Airtel,Utilities,1434.59,INR,FAILED,Credit Card
TXN2025000487,2025-10-23T12:07:40Z,Netflix,Entertainment,2494.6,INR,SUCCESS,UPI
TXN2025000488,2025-11-13T01:09:30Z,Myntra,,15022.76,INR,SUCCESS,Debit Card
TXN2025000489,2025-11-13T06:23:38+05:30,Tata Power,Utilities,2788.09,INR,SUCCESS,UPI
TXN2025000490,2025-07-26T20:36:36Z,Airtel,Utilities,2582.58,INR,SUCCESS,UPI
TXN2025000491,2026-03-09T10:01:02Z,BYJU'S,Education,7213.72,INR,SUCCESS,Credit Card
TXN2025000492,2025-08-31T23:04:22Z,HDFC Ergo,Insurance,10890.0,INR,SUCCESS,Netbanking
TXN2025000493,2025-09-10T09:42:54Z,Tata Power,Utilities,965.12,INR,SUCCESS,Netbanking
TXN2025000494,2025-09-15T15:11:49+05:30,Hotstar,Entertainment,217.63,INR,SUCCESS,Netbanking
TXN2025000495,2025-10-17,BookMyShow,Entertainment,159.0,INR,SUCCESS,UPI
TXN2025000496,2025-09-11T09:05:31Z,Apollo Pharmacy,Health,847.0,INR,PENDING,Debit Card
TXN2025000497,2026-06-01T00:21:19+05:30,Ola,Travel,4226.0,INR,SUCCESS,Debit Card
TXN2025000498,2025-08-14T03:13:12Z,1mg,Health,2812.18,INR,SUCCESS,Debit Card
TXN2025000499,2026-03-31T22:47:18Z,Tata Power,Utilities,2237.3,INR,SUCCESS,UPI
TXN2025000500,2025-10-27T08:50:52Z,Unacademy,Education,8232.0,INR,SUCCESS,Credit Card
TXN2025000501,1765341975000,Spotify,Entertainment,1779.27,INR,SUCCESS,Credit Card
TXN2025000502,2026-03-04T19:18:16+05:30,Apollo Pharmacy,Health,2778.0,INR,SUCCESS,Credit Card
TXN2025000503,2025-09-11T10:23:06Z,BPCL,Fuel,1167.0,INR,SUCCESS,Netbanking
TXN2025000504,2025-07-04T17:19:26+05:30,Practo,Health,517.24,INR,SUCCESS,Credit Card
TXN2025000505,1768267885000,Ola,Travel,7373.9,INR,PENDING,Netbanking
TXN2025000506,2026-05-23T04:21:32+05:30,YouTube Premium,Entertainment,1758.72,INR,SUCCESS,Netbanking
TXN2025000507,2026-04-22T08:03:42Z,Croma,Shopping,1809.0,INR,SUCCESS,Debit Card
TXN2025000508,2025-09-04,Domino's,Food & Dining,334.39,INR,SUCCESS,Netbanking
TXN2025000509,2026-01-30T11:49:09+05:30,Apollo Pharmacy,Health,5236.25,INR,SUCCESS,UPI
TXN2025000510,2026-05-16T12:03:06Z,Apollo Pharmacy,Health,932.32,INR,FAILED,UPI
TXN2025000511,2025-12-12T21:13:44Z,Policybazaar,Insurance,29180.74,INR,SUCCESS,Credit Card
TXN2025000512,2025-10-10T20:06:55Z,Zepto,Groceries,5286.0,INR,SUCCESS,UPI
TXN2025000513,2026-05-12T01:51:11Z,Airtel,Utilities,3055.0,INR,SUCCESS,Credit Card
TXN2025000514,1775157145000,HDFC Ergo,Insurance,24135.07,INR,SUCCESS,Netbanking
TXN2025000515,2026-05-12T17:08:52Z,Croma,Shopping,11225.07,INR,SUCCESS,UPI
TXN2025000516,2026-01-26T00:11:12Z,Apollo Pharmacy,Health,2553.0,INR,SUCCESS,Debit Card
TXN2025000517,2026-07-05T20:59:11+05:30,BYJU'S,Education,16801.57,INR,SUCCESS,UPI
TXN2025000518,2026-06-22T14:02:42Z,Ajio,Shopping,17342.93,INR,SUCCESS,Debit Card
TXN2025000519,2025-10-05T17:39:38Z,Udemy,Education,7851.09,INR,SUCCESS,Debit Card
TXN2025000520,2026-01-06T20:35:09Z,IndiGo,Travel,6900.97,INR,PENDING,Debit Card
TXN2025000521,2026-03-04,Cult.fit,Health,-2987.44,INR,SUCCESS,UPI
TXN2025000522,2026-06-29T09:47:06Z,Hotstar,Entertainment,1361.0,INR,SUCCESS,Netbanking
TXN2025000523,2026-04-27,ACT Fibernet,Utilities,1280.0,INR,SUCCESS,UPI
TXN2025000524,2026-03-28T13:42:15Z,LIC Premium,Insurance,38927.79,INR,FAILED,UPI
TXN2025000525,2026-05-17T02:38:14Z,Shell,Fuel,2090.86,INR,PENDING,Netbanking
TXN2025000526,2026-01-29T13:18:14+05:30,BigBasket,Groceries,2140.0,INR,SUCCESS,Credit Card
TXN2025000527,13/06/2026 06:07:31,Apollo Pharmacy,Health,5989.09,INR,SUCCESS,UPI
TXN2025000528,2025-12-26T06:06:45Z,Domino's,Food & Dining,197.67,INR,SUCCESS,UPI
TXN2025000529,2026-07-07T20:00:11Z,Croma,Shopping,8138.0,INR,SUCCESS,Credit Card
TXN2025000530,2025-10-26T00:05:25Z,upGrad,Education,50107.9,INR,SUCCESS,Debit Card
TXN2025000531,22/11/2025 09:50:06,Amazon,Shopping,11903.0,INR,SUCCESS,Credit Card
TXN2025000532,2026-03-29,Starbucks,Food & Dining,429.0,INR,SUCCESS,Credit Card
TXN2025000533,2025-07-01T04:37:30Z,Jio,Utilities,2363.1,INR,SUCCESS,Netbanking
TXN2025000534,2026-03-22T01:53:54+05:30,McDonald's,Food & Dining,223.0,INR,SUCCESS,UPI
TXN2025000535,2026-05-30T21:27:09Z,Swiggy,Food & Dining,662.57,INR,SUCCESS,Credit Card
TXN2025000536,2026-04-10T13:42:30Z,BSES,Utilities,433.73,INR,SUCCESS,UPI
TXN2025000537,2025-11-26,DMart,Groceries,2395.0,INR,SUCCESS,Credit Card
TXN2025000538,2026-01-23T00:41:43+05:30,Udemy,Education,54618.0,INR,SUCCESS,UPI
TXN2025000539,2026-04-07T08:03:16Z,Practo,Health,4602.64,INR,SUCCESS,Credit Card
TXN2025000540,2025-09-23T03:22:01Z,YouTube Premium,Entertainment,1597.39,INR,SUCCESS,UPI
TXN2025000541,2025-11-26T21:56:12Z,Ajio,Shopping,13630.67,INR,SUCCESS,Netbanking
TXN2025000542,2026-03-08T02:47:57Z,DMart,Groceries,4809.0,INR,SUCCESS,Credit Card
TXN2025000543,2025-10-19,BPCL,Fuel,2904.0,INR,SUCCESS,UPI
TXN2025000544,2026-02-21T16:58:06+05:30,Coursera,Education,48294.0,INR,SUCCESS,Credit Card
TXN2025000545,2026-05-01T04:03:37Z,HDFC Ergo,Insurance,16582.41,INR,SUCCESS,Netbanking
TXN2025000546,2026-02-16T10:19:36Z,BookMyShow,Entertainment,-414.06,INR,SUCCESS,UPI
TXN2025000547,2026-05-31T07:22:04+05:30,Spotify,Entertainment,2344.0,INR,SUCCESS,Netbanking
TXN2025000548,2025-12-30,Spotify,Entertainment,1433.0,INR,PENDING,UPI
TXN2025000549,2025-09-22T13:22:11Z,Zomato,Food & Dining,578.0,INR,SUCCESS,UPI
TXN2025000550,2026-01-11,Hotstar,Entertainment,1340.04,INR,FAILED,Netbanking
TXN2025000551,2026-01-25T09:08:47+05:30,Jio,Utilities,2515.0,INR,SUCCESS,Credit Card
TXN2025000552,2026-06-23T10:08:30Z,BigBasket,Groceries,776.0,INR,SUCCESS,Credit Card
TXN2025000553,1776917752000,Shell,Fuel,1807.0,INR,SUCCESS,UPI
TXN2025000554,2026-05-25T12:09:16Z,Zepto,Groceries,4282.45,INR,SUCCESS,UPI
TXN2025000555,1766520834000,IndiGo,Travel,958.67,INR,SUCCESS,UPI
TXN2025000556,2025-09-06T23:38:18Z,Zepto,Groceries,4096.65,INR,SUCCESS,UPI
TXN2025000557,2026-01-09T13:24:13Z,BYJU'S,Education,8408.0,INR,SUCCESS,Debit Card
TXN2025000558,2026-06-04T23:44:16Z,Croma,Shopping,6913.5,INR,SUCCESS,UPI
TXN2025000559,2026-01-20T05:10:30Z,Zomato,Food & Dining,381.31,INR,SUCCESS,Debit Card
TXN2025000560,2026-01-09T16:25:49+05:30,BYJU'S,Education,-53652.71,INR,SUCCESS,Debit Card
TXN2025000561,2025-11-20T13:35:54Z,Starbucks,Food & Dining,509.7,INR,SUCCESS,Debit Card
TXN2025000562,2025-08-14T13:29:13Z,Flipkart,Shopping,16133.84,INR,SUCCESS,UPI
TXN2025000563,2025-07-18T20:34:44+05:30,Domino's,Food & Dining,789.0,INR,SUCCESS,Debit Card
TXN2025000564,2026-07-08T17:32:15Z,BookMyShow,Entertainment,2312.0,INR,SUCCESS,Netbanking
TXN2025000565,2026-04-06T12:04:12Z,MakeMyTrip,Travel,3031.86,INR,SUCCESS,Debit Card
TXN2025000566,2026-03-19T06:21:01Z,McDonald's,Food & Dining,565.0,INR,SUCCESS,Credit Card
TXN2025000567,2026-07-06T07:09:52Z,MakeMyTrip,Travel,7278.17,INR,FAILED,UPI
TXN2025000568,2025-10-29T10:24:47Z,Tata Power,Utilities,3057.91,INR,SUCCESS,UPI
TXN2025000569,2025-10-22T05:51:47+05:30,BPCL,Fuel,2326.98,INR,SUCCESS,Debit Card
TXN2025000570,2026-02-15T18:57:33+05:30,HDFC Ergo,Insurance,25474.62,INR,SUCCESS,Credit Card
TXN2025000571,2025-10-03T23:14:53Z,LIC Premium,Insurance,36167.07,INR,FAILED,UPI
TXN2025000572,04/03/2026 23:24:27,YouTube Premium,Entertainment,205.21,INR,SUCCESS,UPI
TXN2025000573,2026-05-26,JioMart,Groceries,308.33,INR,SUCCESS,Debit Card
TXN2025000574,2025-12-11T00:58:02+05:30,Flipkart,Shopping,3971.68,INR,PENDING,UPI
TXN2025000575,2026-06-23T13:23:59Z,Nykaa,Shopping,12910.0,INR,SUCCESS,Netbanking
TXN2025000576,2026-04-17T05:25:39Z,upGrad,Education,49361.1,INR,SUCCESS,UPI
TXN2025000577,1753819094000,Indian Oil,Fuel,1034.06,INR,SUCCESS,UPI
TXN2025000578,2025-10-22T01:07:03Z,Jio,Utilities,2386.0,INR,SUCCESS,Debit Card
TXN2025000579,2025-11-01T12:30:46+05:30,Hotstar,Entertainment,1796.41,INR,SUCCESS,Debit Card
TXN2025000580,2026-04-29,MakeMyTrip,Travel,857.0,INR,SUCCESS,UPI
TXN2025000581,2025-10-30T17:30:08Z,Nykaa,Shopping,2214.86,INR,SUCCESS,UPI
TXN2025000582,2025-12-23T06:40:20Z,Shell,Fuel,1933.15,INR,SUCCESS,Netbanking
TXN2025000583,10/05/2026 15:20:55,Rapido,Travel,7701.0,INR,SUCCESS,Debit Card
TXN2025000584,2026-05-21T09:53:00Z,BYJU'S,Education,38631.0,INR,SUCCESS,Credit Card
TXN2025000585,2025-12-01T21:15:57+05:30,Amazon,Shopping,12901.93,INR,SUCCESS,UPI
TXN2025000586,2025-09-06T07:03:53Z,Unacademy,Education,17136.7,INR,SUCCESS,Netbanking
TXN2025000587,2025-08-06T18:54:12+05:30,Airtel,Utilities,2034.65,INR,SUCCESS,UPI
TXN2025000588,2026-04-30T01:34:28Z,Ajio,Shopping,2493.0,INR,SUCCESS,Credit Card
TXN2025000589,1772457476000,Ola,Travel,7448.33,INR,FAILED,UPI
TXN2025000590,2025-07-29T21:25:52Z,PharmEasy,Health,4164.91,INR,SUCCESS,UPI
TXN2025000591,2025-08-19T18:55:27Z,Ola,Travel,8141.97,INR,SUCCESS,Debit Card
TXN2025000592,2025-09-04T05:46:22+05:30,Myntra,Shopping,1103.59,INR,SUCCESS,Netbanking
TXN2025000593,2026-03-23T02:30:21Z,LIC Premium,Insurance,16707.0,INR,FAILED,Credit Card
TXN2025000594,2025-10-17T16:26:00+05:30,Netflix,Entertainment,653.0,INR,SUCCESS,Credit Card
TXN2025000595,2026-03-09T03:34:19Z,Domino's,Food & Dining,599.0,INR,SUCCESS,Netbanking
TXN2025000596,2025-08-03T20:07:26Z,YouTube Premium,Entertainment,2224.41,INR,FAILED,Netbanking
TXN2025000597,2026-05-06T14:25:24+05:30,Ajio,Shopping,7749.49,INR,SUCCESS,Credit Card
TXN2025000598,2025-07-08T08:31:57Z,Cult.fit,Health,6959.5,INR,PENDING,Debit Card
TXN2025000599,2026-06-20T10:45:58+05:30,BSES,Utilities,1996.91,INR,SUCCESS,Debit Card
TXN2025000600,2026-02-17T16:01:40Z,BookMyShow,Entertainment,784.0,INR,SUCCESS,UPI
TXN2025000601,2026-01-22T09:09:59Z,BigBasket,Groceries,633.97,INR,SUCCESS,Credit Card
TXN2025000602,2025-10-12T12:12:42+05:30,Croma,Shopping,2117.37,INR,SUCCESS,UPI
TXN2025000603,2026-05-25T12:29:57Z,Policybazaar,Insurance,39861.0,INR,SUCCESS,Debit Card
TXN2025000604,2026-05-10,Uber,Travel,1749.68,INR,SUCCESS,Debit Card
TXN2025000605,2026-07-03T23:53:15+05:30,PharmEasy,Health,343.22,INR,SUCCESS,Credit Card
TXN2025000606,2026-05-11T17:29:10+05:30,Apollo Pharmacy,Health,6646.32,INR,SUCCESS,Debit Card
TXN2025000607,1759113744000,Uber,Travel,4515.0,INR,SUCCESS,Credit Card
TXN2025000608,1782107685000,Zomato,Food & Dining,530.0,INR,SUCCESS,Credit Card
TXN2025000609,2026-05-08T09:38:16Z,Ajio,Shopping,6364.0,INR,SUCCESS,UPI
TXN2025000610,2025-08-25,Zomato,Food & Dining,235.22,INR,PENDING,UPI
TXN2025000611,23/11/2025 02:07:06,HP Petrol,Fuel,3942.68,INR,SUCCESS,Netbanking
TXN2025000612,2025-08-22T18:19:18Z,PharmEasy,Health,842.0,INR,SUCCESS,Netbanking
TXN2025000613,06/09/2025 15:41:11,Cult.fit,Health,6730.54,INR,SUCCESS,Debit Card
TXN2025000614,2025-11-24T17:17:43Z,MakeMyTrip,Travel,6056.68,INR,SUCCESS,Debit Card
TXN2025000615,2026-03-30T15:11:34+05:30,Ajio,Shopping,3486.0,INR,SUCCESS,Netbanking
TXN2025000616,1782213114000,Apollo Pharmacy,Health,371.82,INR,PENDING,Credit Card
TXN2025000617,2025-08-24T09:23:28Z,Cult.fit,Health,4024.02,INR,SUCCESS,UPI
TXN2025000618,2026-03-04T20:11:25Z,IndiGo,Travel,3251.0,INR,SUCCESS,Debit Card
TXN2025000619,2026-03-26T23:22:09Z,Airtel,Utilities,237.0,INR,SUCCESS,Debit Card
TXN2025000620,2025-07-19T11:16:00Z,Rapido,Travel,7125.78,INR,FAILED,Netbanking
TXN2025000621,2025-12-08T18:56:17+05:30,LIC Premium,Insurance,17656.0,INR,SUCCESS,Netbanking
TXN2025000622,2026-01-03T05:09:49+05:30,Netflix,Entertainment,1432.0,INR,SUCCESS,Credit Card
TXN2025000623,2025-07-13T17:55:47Z,Croma,Shopping,8315.22,INR,SUCCESS,UPI
TXN2025000624,2025-11-10T12:23:00Z,DMart,Groceries,1788.0,INR,SUCCESS,Netbanking
TXN2025000625,2026-06-14T13:37:26Z,Croma,Shopping,13269.54,INR,SUCCESS,Debit Card
TXN2025000626,2026-03-31T08:57:33Z,1mg,Health,6899.14,INR,PENDING,Netbanking
TXN2025000627,2025-08-30T18:48:48Z,Udemy,Education,9909.01,INR,SUCCESS,UPI
TXN2025000628,2026-03-28T18:20:39+05:30,JioMart,Groceries,1471.0,INR,SUCCESS,Debit Card
TXN2025000629,2025-07-20T01:08:09Z,Coursera,Education,16201.0,INR,PENDING,Netbanking
TXN2025000630,2025-08-03T19:15:19Z,Nykaa,Shopping,1312.0,INR,FAILED,Netbanking
TXN2025000631,2026-03-05T14:52:05Z,Ola,Travel,1053.0,INR,SUCCESS,UPI
TXN2025000632,2025-12-02T08:39:51+05:30,BSES,Utilities,2984.0,INR,SUCCESS,Netbanking
TXN2025000633,2025-11-28T06:30:52Z,Coursera,Education,15309.5,INR,SUCCESS,Debit Card
TXN2025000634,2025-10-11T06:05:46+05:30,BookMyShow,Entertainment,1017.46,INR,SUCCESS,Netbanking
TXN2025000635,2025-07-24T17:01:14Z,Rapido,Travel,2190.0,INR,SUCCESS,UPI
TXN2025000636,2025-12-08,Amazon,Shopping,12142.69,INR,SUCCESS,Credit Card
TXN2025000637,2026-01-19T17:19:11Z,BPCL,Fuel,743.93,INR,SUCCESS,Netbanking
TXN2025000638,2025-07-31T10:24:51Z,Apollo Pharmacy,Health,6189.33,INR,SUCCESS,UPI
TXN2025000639,07/02/2026 22:37:48,Indian Oil,Fuel,2784.88,INR,SUCCESS,Credit Card
TXN2025000640,2026-07-04T08:23:38Z,Myntra,Shopping,17104.35,INR,SUCCESS,Credit Card
TXN2025000641,2026-03-23T07:11:27+05:30,Ola,Travel,1310.44,INR,SUCCESS,Credit Card
TXN2025000642,2025-11-02,Cult.fit,Health,1162.97,INR,SUCCESS,UPI
TXN2025000643,2025-11-04T10:13:19Z,Amazon,Shopping,7199.95,INR,SUCCESS,Netbanking
TXN2025000644,2026-01-19T17:07:51Z,Swiggy,Food & Dining,733.51,INR,PENDING,UPI
TXN2025000645,2026-02-12,YouTube Premium,Entertainment,500.81,INR,SUCCESS,UPI
TXN2025000646,2025-10-20T02:34:43+05:30,Flipkart,Shopping,10281.0,INR,SUCCESS,Debit Card
TXN2025000647,1770502114000,YouTube Premium,Entertainment,769.99,INR,SUCCESS,Netbanking
TXN2025000648,1772053042000,Domino's,Food & Dining,254.32,INR,SUCCESS,Netbanking
TXN2025000649,2026-03-25T22:33:16Z,Domino's,Food & Dining,428.72,INR,SUCCESS,UPI
TXN2025000650,2025-11-22T09:53:56Z,HDFC Ergo,Insurance,19795.0,INR,SUCCESS,Debit Card
TXN2025000651,30/05/2026 07:19:40,Zepto,Groceries,2072.41,INR,SUCCESS,UPI
TXN2025000652,2025-12-20,MakeMyTrip,Travel,1382.59,INR,SUCCESS,Debit Card
TXN2025000653,2025-08-04T10:42:49Z,BigBasket,Groceries,4454.16,INR,PENDING,Netbanking
TXN2025000654,2026-01-05,IRCTC,Travel,8238.21,INR,SUCCESS,Debit Card
TXN2025000655,29/10/2025 19:52:38,Starbucks,Food & Dining,521.0,INR,SUCCESS,Netbanking
TXN2025000656,2026-02-06T14:54:36Z,Ajio,Shopping,14126.11,INR,SUCCESS,Credit Card
TXN2025000657,2025-07-23T03:37:38Z,Ola,Travel,7901.0,INR,SUCCESS,UPI
TXN2025000658,2025-09-16T02:20:15Z,Tata Power,Utilities,366.85,INR,SUCCESS,Debit Card
TXN2025000659,18/08/2025 02:34:43,Tata Power,Utilities,1866.92,INR,SUCCESS,UPI
TXN2025000660,2025-09-07T23:11:59+05:30,IndiGo,Travel,3477.71,INR,SUCCESS,Debit Card
TXN2025000661,17/04/2026 20:49:25,Netflix,Entertainment,533.42,INR,SUCCESS,UPI
TXN2025000662,2026-05-28T14:11:29+05:30,Blinkit,Groceries,456.0,INR,SUCCESS,Credit Card
TXN2025000663,1760337146000,MakeMyTrip,Travel,5896.94,INR,FAILED,Netbanking
TXN2025000664,25/04/2026 02:17:46,Indian Oil,Fuel,580.21,INR,FAILED,UPI
TXN2025000665,2026-02-19T05:32:56Z,BSES,Utilities,3208.0,INR,SUCCESS,Credit Card
TXN2025000666,03/04/2026 19:13:22,Rapido,Travel,5553.43,INR,SUCCESS,Debit Card
TXN2025000667,2025-12-26T00:40:17Z,Jio,Utilities,3155.09,INR,SUCCESS,Credit Card
TXN2025000668,2026-02-27T22:55:48Z,Tata Power,Utilities,1197.08,INR,SUCCESS,UPI
TXN2025000669,2026-05-24T06:28:33Z,Swiggy,Food & Dining,518.98,INR,SUCCESS,Debit Card
TXN2025000670,2025-11-08T08:53:26Z,Zepto,Groceries,4201.15,INR,SUCCESS,Debit Card
TXN2025000671,1781251295000,BigBasket,Groceries,1788.54,INR,SUCCESS,Debit Card
TXN2025000672,2026-06-15T04:11:27Z,Ola,Travel,1519.38,INR,SUCCESS,Netbanking
TXN2025000673,1752162337000,Coursera,Education,18256.0,INR,SUCCESS,Netbanking
TXN2025000674,2025-11-28,Blinkit,Groceries,1778.73,INR,SUCCESS,UPI
TXN2025000675,2025-09-12T12:38:15Z,PharmEasy,Health,5000.27,INR,FAILED,Credit Card
TXN2025000676,18/06/2026 01:26:21,Unacademy,Education,29869.83,INR,SUCCESS,Debit Card
TXN2025000677,2026-03-13T09:24:47+05:30,Indian Oil,Fuel,1700.0,INR,SUCCESS,Credit Card
TXN2025000678,09/10/2025 10:48:35,Blinkit,Groceries,856.0,INR,SUCCESS,Credit Card
TXN2025000679,2025-09-25T02:03:10Z,Unacademy,Education,49577.82,INR,SUCCESS,Credit Card
TXN2025000680,2026-06-10T04:28:51Z,HDFC Ergo,Insurance,35050.14,INR,SUCCESS,Debit Card
TXN2025000681,2025-08-15T17:48:10+05:30,Rapido,Travel,5353.02,INR,SUCCESS,UPI
TXN2025000682,2025-07-28T15:46:43+05:30,Cult.fit,Health,4147.49,INR,SUCCESS,Credit Card
TXN2025000683,2026-01-22T12:57:10Z,Indian Oil,Fuel,979.26,INR,SUCCESS,Netbanking
TXN2025000684,2025-09-16T13:23:58Z,Starbucks,Food & Dining,799.0,INR,SUCCESS,Netbanking
TXN2025000685,2025-08-25T09:26:45Z,Apollo Pharmacy,Health,6265.99,INR,SUCCESS,Credit Card
TXN2025000686,2025-09-07T10:37:17Z,Amazon,Shopping,8955.8,INR,SUCCESS,UPI
TXN2025000687,2026-04-27T04:26:11Z,Swiggy,Food & Dining,472.0,INR,SUCCESS,Credit Card
TXN2025000688,1755650343000,ACT Fibernet,Utilities,2791.2,INR,SUCCESS,Netbanking
TXN2025000689,2026-01-02T04:11:35Z,Cult.fit,Health,3091.46,INR,PENDING,UPI
TXN2025000690,2026-07-04T17:46:52Z,Domino's,Food & Dining,536.35,INR,SUCCESS,Debit Card
TXN2025000691,2026-03-20T14:14:59Z,Policybazaar,Insurance,33579.0,INR,SUCCESS,Credit Card
TXN2025000692,2025-08-19T20:13:19Z,MakeMyTrip,Travel,6303.0,INR,SUCCESS,Netbanking
TXN2025000693,2026-05-16T17:16:51Z,Indian Oil,Fuel,2854.0,INR,SUCCESS,Debit Card
TXN2025000694,2026-01-20T07:37:49Z,Blinkit,Groceries,2898.78,INR,SUCCESS,Netbanking
TXN2025000695,2026-06-16T01:30:20+05:30,Unacademy,Education,54755.0,INR,SUCCESS,Debit Card
TXN2025000696,2026-06-22T08:47:40Z,Policybazaar,Insurance,8754.4,INR,SUCCESS,UPI
TXN2025000697,2025-09-21,MakeMyTrip,Travel,-2174.03,INR,SUCCESS,UPI
TXN2025000698,1775169095000,PharmEasy,Health,3606.0,INR,SUCCESS,UPI
TXN2025000699,1769250876000,BookMyShow,Entertainment,2209.0,INR,SUCCESS,UPI
TXN2025000730,2026-03-11T14:11:30Z,1mg,Health,6963.56,INR,SUCCESS,UPI
TXN2025000701,2025-08-17T23:59:22+05:30,upGrad,Education,7251.77,INR,SUCCESS,Debit Card
TXN2025000702,1774317817000,BSES,Utilities,2516.0,INR,SUCCESS,UPI
TXN2025000703,2026-01-18T20:08:00Z,Zepto,Groceries,2698.0,INR,SUCCESS,Credit Card
TXN2025000704,1775425992000,YouTube Premium,Entertainment,2101.0,INR,SUCCESS,UPI
TXN2025000705,1757973675000,Blinkit,Groceries,949.0,INR,SUCCESS,Credit Card
TXN2025000706,17/11/2025 00:04:23,Rapido,Travel,7517.19,INR,SUCCESS,Netbanking
TXN2025000707,2026-06-19T07:38:19Z,Blinkit,Groceries,1214.13,INR,SUCCESS,Netbanking
TXN2025000708,2025-08-04T08:03:59Z,JioMart,Groceries,1636.0,INR,SUCCESS,Netbanking
TXN2025000709,30/07/2025 03:30:00,Nykaa,Shopping,17107.72,INR,SUCCESS,UPI
TXN2025000710,2026-07-15T07:30:42Z,Rapido,,5870.16,INR,SUCCESS,Debit Card
TXN2025000711,2026-06-05T06:04:46Z,Tata Power,Utilities,365.26,INR,SUCCESS,Debit Card
TXN2025000712,2026-04-13T14:11:36Z,Spotify,Entertainment,2033.0,INR,SUCCESS,UPI
TXN2025000713,1755951946000,Policybazaar,Insurance,35776.0,INR,SUCCESS,Credit Card
TXN2025000714,2026-02-27T06:09:41Z,JioMart,Groceries,2337.91,INR,SUCCESS,UPI
TXN2025000715,2025-12-03T10:01:01Z,Spotify,Entertainment,2064.0,INR,SUCCESS,Netbanking
TXN2025000716,2026-01-02T12:03:59Z,BigBasket,Groceries,5063.54,INR,FAILED,Credit Card
TXN2025000717,2026-07-01T18:55:44Z,Myntra,Shopping,2688.83,INR,SUCCESS,UPI
TXN2025000718,06/02/2026 22:56:13,YouTube Premium,Entertainment,2291.29,INR,SUCCESS,Netbanking
TXN2025000719,2026-02-23T04:46:24Z,Uber,Travel,5579.64,INR,SUCCESS,Credit Card
TXN2025000720,2025-12-07T17:26:49+05:30,BSES,Utilities,3237.0,INR,SUCCESS,UPI
TXN2025000721,31/03/2026 15:03:04,McDonald's,Food & Dining,324.0,INR,SUCCESS,Credit Card
TXN2025000722,25/03/2026 06:52:37,Coursera,Education,48149.63,INR,SUCCESS,UPI
TXN2025000723,1762909627000,Jio,Utilities,2383.0,INR,SUCCESS,Netbanking
TXN2025000724,2026-02-23T19:16:21Z,Nykaa,Shopping,15158.93,INR,SUCCESS,UPI
TXN2025000725,2025-12-30T06:05:23+05:30,Udemy,Education,51455.99,INR,PENDING,Credit Card
TXN2025000726,2025-11-06T06:39:48Z,McDonald's,Food & Dining,706.0,INR,SUCCESS,UPI
TXN2025000727,2025-12-04T09:18:50Z,Indian Oil,Fuel,1390.83,INR,FAILED,UPI
TXN2025000728,2025-08-04T04:24:16+05:30,Tata Power,Utilities,1665.82,INR,SUCCESS,Netbanking
TXN2025000729,2026-03-11T12:22:40Z,DMart,Groceries,976.63,INR,SUCCESS,UPI
TXN2025000730,2025-06-30T20:04:54Z,Hotstar,Entertainment,1118.41,INR,SUCCESS,Debit Card
TXN2025000731,2025-12-24T22:39:57Z,Indian Oil,Fuel,2749.33,INR,SUCCESS,Debit Card
TXN2025000732,2025-11-06T22:12:32+05:30,Starbucks,Food & Dining,756.94,INR,SUCCESS,Netbanking
TXN2025000733,2025-08-14T01:16:29Z,BYJU'S,Education,36486.69,INR,PENDING,Credit Card
TXN2025000734,2026-07-10T07:40:24Z,Swiggy,Food & Dining,386.26,INR,SUCCESS,Debit Card
TXN2025000735,2026-01-08T00:12:25Z,upGrad,Education,6740.51,INR,SUCCESS,Netbanking
TXN2025000736,2025-08-16T15:55:56Z,Flipkart,Shopping,4838.0,INR,SUCCESS,Credit Card
TXN2025000737,2025-11-09T00:16:08Z,Tata Power,Utilities,2921.0,INR,SUCCESS,Netbanking
TXN2025000738,2026-02-14T10:37:02Z,Domino's,Food & Dining,842.77,INR,FAILED,Netbanking
TXN2025000739,2025-08-22T06:53:54+05:30,Tata Power,Utilities,2372.91,INR,SUCCESS,UPI
TXN2025000740,2025-12-16T02:05:06+05:30,HP Petrol,Fuel,3444.86,INR,SUCCESS,Netbanking
TXN2025000741,2026-03-26T16:12:30+05:30,Indian Oil,Fuel,3624.33,INR,SUCCESS,Credit Card
TXN2025000742,1773370970000,LIC Premium,Insurance,32886.0,INR,PENDING,Debit Card
TXN2025000743,22/02/2026 12:13:57,Indian Oil,Fuel,4025.56,INR,SUCCESS,Credit Card
TXN2025000744,2025-10-23T05:53:46+05:30,BigBasket,Groceries,2567.0,INR,FAILED,Credit Card
TXN2025000745,2026-04-17T15:50:38+05:30,Ajio,Shopping,7634.96,INR,SUCCESS,Debit Card
TXN2025000746,2026-04-13T03:38:51+05:30,upGrad,Education,30581.0,INR,SUCCESS,Credit Card
TXN2025000747,2026-03-24T10:10:52Z,Ola,Travel,2045.47,INR,SUCCESS,Credit Card
TXN2025000748,2026-01-12T16:37:38+05:30,BYJU'S,Education,36104.32,INR,SUCCESS,Debit Card
TXN2025000749,2026-01-03T13:22:19+05:30,BYJU'S,Education,7231.0,INR,FAILED,Netbanking
TXN2025000750,2025-10-19T19:32:30Z,Unacademy,Education,41384.66,INR,SUCCESS,UPI
TXN2025000751,21/07/2025 14:36:05,HP Petrol,Fuel,925.88,INR,SUCCESS,UPI
TXN2025000752,20/10/2025 07:27:01,Ola,Travel,2549.41,INR,SUCCESS,Debit Card
TXN2025000753,2025-10-23T09:24:34Z,Nykaa,Shopping,15165.09,INR,SUCCESS,UPI
TXN2025000754,03/06/2026 02:40:33,Netflix,Entertainment,2062.0,INR,SUCCESS,Credit Card
TXN2025000755,15/01/2026 10:08:27,HDFC Ergo,Insurance,26414.1,INR,SUCCESS,Debit Card
TXN2025000756,2025-11-28T06:46:16Z,upGrad,Education,36882.32,INR,SUCCESS,Debit Card
TXN2025000757,1758122676000,BPCL,Fuel,715.21,INR,SUCCESS,Netbanking
TXN2025000758,2026-03-09T06:52:16Z,MakeMyTrip,Travel,8221.08,INR,SUCCESS,Credit Card
TXN2025000759,07/09/2025 21:43:45,LIC Premium,Insurance,38625.0,INR,SUCCESS,UPI
TXN2025000760,2025-08-16T02:57:29Z,Uber,Travel,8669.78,INR,SUCCESS,UPI
TXN2025000761,2025-09-01T11:57:56+05:30,Jio,Utilities,1121.0,INR,SUCCESS,Debit Card
TXN2025000762,2025-08-29T21:23:37Z,Swiggy,Food & Dining,377.84,INR,SUCCESS,Credit Card
TXN2025000763,1772292023000,DMart,Groceries,3702.22,INR,SUCCESS,Debit Card
TXN2025000764,29/07/2025 07:17:53,ACT Fibernet,Utilities,2806.7,INR,SUCCESS,Debit Card
TXN2025000765,2025-07-27T11:27:02+05:30,HP Petrol,Fuel,1379.0,INR,SUCCESS,Credit Card
TXN2025000766,2025-11-13T11:10:17Z,YouTube Premium,Entertainment,1425.78,INR,SUCCESS,Credit Card
TXN2025000767,2025-09-23,Coursera,Education,18921.04,INR,SUCCESS,Netbanking
TXN2025000768,2025-07-04T04:33:23Z,BPCL,Fuel,3794.75,INR,SUCCESS,Debit Card
TXN2025000769,1782131546000,Airtel,Utilities,993.15,INR,SUCCESS,Credit Card
TXN2025000770,2026-06-21T11:36:32Z,Domino's,Food & Dining,652.0,INR,PENDING,Netbanking
TXN2025000771,2026-06-19T22:15:59+05:30,Rapido,Travel,4954.0,INR,PENDING,Debit Card
TXN2025000772,2025-07-17T19:13:37Z,Indian Oil,Fuel,3711.27,INR,SUCCESS,Credit Card
TXN2025000773,2025-09-04,DMart,Groceries,3229.2,INR,SUCCESS,UPI
TXN2025000774,2026-04-27T04:48:33Z,Cult.fit,Health,598.48,INR,SUCCESS,Netbanking
TXN2025000775,2026-06-07,Flipkart,Shopping,3978.48,INR,SUCCESS,Netbanking
TXN2025000776,2026-03-24T04:53:21Z,Udemy,Education,45104.0,INR,SUCCESS,UPI
TXN2025000777,2025-07-29T05:13:16Z,Tata Power,Utilities,2565.0,INR,SUCCESS,Credit Card
TXN2025000778,2025-09-27T04:18:39Z,Rapido,Travel,5111.14,INR,SUCCESS,Netbanking
TXN2025000779,2025-10-31T15:36:04Z,BookMyShow,Entertainment,1209.6,INR,SUCCESS,Netbanking
TXN2025000780,1775476976000,Unacademy,Education,7387.0,INR,FAILED,UPI
TXN2025000781,2026-05-26T04:46:28Z,Policybazaar,Insurance,30219.0,INR,SUCCESS,Debit Card
TXN2025000782,1761419851000,Indian Oil,Fuel,924.54,INR,SUCCESS,UPI
TXN2025000783,1764566000000,Blinkit,Groceries,4662.06,INR,SUCCESS,UPI
TXN2025000784,2026-04-16T18:45:03Z,BSES,Utilities,715.0,INR,SUCCESS,Debit Card
TXN2025000785,2026-06-21,Cult.fit,Health,1136.92,INR,SUCCESS,Debit Card
TXN2025000786,2025-08-17T15:08:05Z,Swiggy,Food & Dining,551.75,INR,SUCCESS,UPI
TXN2025000787,2026-07-03T12:59:15Z,Apollo Pharmacy,Health,4237.09,INR,SUCCESS,Debit Card
TXN2025000788,2025-11-11T07:25:46Z,IRCTC,Travel,6785.01,INR,SUCCESS,Netbanking
TXN2025000789,2025-09-10T05:26:11Z,Udemy,Education,46978.0,INR,SUCCESS,Debit Card
TXN2025000790,2026-02-06T02:03:02Z,Ola,Travel,1208.68,INR,SUCCESS,Netbanking
TXN2025000791,2025-07-26T22:21:59Z,Udemy,Education,30681.0,INR,PENDING,UPI
TXN2025000792,2025-11-06T06:15:15Z,Ola,Travel,6585.19,INR,SUCCESS,Credit Card
TXN2025000793,2026-02-26T08:48:20Z,Coursera,Education,36395.0,INR,SUCCESS,Credit Card
TXN2025000794,2026-03-13T20:45:39Z,DMart,Groceries,3069.0,INR,PENDING,Credit Card
TXN2025000795,2026-07-08T01:50:55Z,Apollo Pharmacy,Health,4033.0,INR,SUCCESS,Credit Card
TXN2025000796,2026-04-03,Swiggy,Food & Dining,364.31,INR,SUCCESS,Netbanking
TXN2025000797,2026-04-11T10:18:05Z,BigBasket,Groceries,5088.0,INR,PENDING,Netbanking
TXN2025000798,2026-01-06T02:54:08+05:30,Tata Power,Utilities,1669.68,INR,SUCCESS,UPI
TXN2025000799,2025-10-17T18:01:48Z,Uber,Travel,5880.0,INR,SUCCESS,Credit Card
TXN2025000800,2026-04-09T06:35:45Z,Rapido,Travel,6655.19,INR,SUCCESS,UPI
TXN2025000801,2026-02-10T14:14:47Z,Indian Oil,Fuel,3026.51,INR,SUCCESS,Credit Card
TXN2025000802,2026-01-26T14:09:19+05:30,Domino's,Food & Dining,550.24,INR,SUCCESS,Credit Card
TXN2025000803,2026-02-14,Spotify,Entertainment,1071.76,INR,SUCCESS,Debit Card
TXN2025000804,2025-12-01T20:48:20Z,Ajio,Shopping,8551.98,INR,SUCCESS,UPI
TXN2025000805,24/02/2026 11:13:48,Coursera,Education,13898.8,INR,SUCCESS,Credit Card
TXN2025000806,2025-09-08T13:45:14+05:30,Policybazaar,Insurance,21294.26,INR,SUCCESS,Credit Card
TXN2025000807,2025-07-16T11:14:24Z,HDFC Ergo,Insurance,29682.17,INR,SUCCESS,Netbanking
TXN2025000808,17/07/2025 15:00:12,MakeMyTrip,Travel,753.18,INR,SUCCESS,Credit Card
TXN2025000809,2025-12-30T09:40:51+05:30,HP Petrol,Fuel,4130.9,INR,SUCCESS,UPI
TXN2025000810,2026-03-31T07:17:50+05:30,Domino's,Food & Dining,884.0,INR,FAILED,Debit Card
TXN2025000811,2025-09-06T06:53:51Z,HDFC Ergo,Insurance,11637.67,INR,SUCCESS,Netbanking
TXN2025000812,2025-07-31T05:29:52+05:30,Spotify,Entertainment,1530.63,INR,SUCCESS,Debit Card
TXN2025000813,2025-12-05T09:13:24Z,BookMyShow,Entertainment,2435.0,INR,SUCCESS,Debit Card
TXN2025000814,2025-07-03T13:29:41+05:30,ACT Fibernet,Utilities,2815.77,INR,SUCCESS,Credit Card
TXN2025000815,2026-03-07T16:08:25Z,Airtel,Utilities,746.0,INR,SUCCESS,Credit Card
TXN2025000816,2026-04-05T08:14:44Z,Nykaa,Shopping,3648.89,INR,SUCCESS,Credit Card
TXN2025000817,04/01/2026 00:03:37,YouTube Premium,Entertainment,2056.07,INR,FAILED,Netbanking
TXN2025000818,2026-05-20T10:01:29Z,BSES,Utilities,895.0,INR,SUCCESS,UPI
TXN2025000819,2025-09-01T08:19:56Z,IndiGo,Travel,579.67,INR,SUCCESS,UPI
TXN2025000820,2026-06-24T00:19:40Z,Apollo Pharmacy,Health,1156.0,INR,SUCCESS,Netbanking
TXN2025000821,07/06/2026 04:17:49,1mg,Health,6789.32,INR,SUCCESS,Debit Card
TXN2025000822,2025-12-31T01:53:30+05:30,Amazon,Shopping,4172.87,INR,SUCCESS,Credit Card
TXN2025000823,2026-05-05T14:21:30+05:30,MakeMyTrip,Travel,7507.2,INR,SUCCESS,Credit Card
TXN2025000824,08/04/2026 05:54:36,Practo,Health,4668.0,INR,SUCCESS,Debit Card
TXN2025000825,2025-11-24T15:41:07Z,Tata Power,Utilities,2168.0,INR,SUCCESS,Credit Card
TXN2025000826,2026-06-19T03:39:21+05:30,Flipkart,Shopping,642.33,INR,SUCCESS,Netbanking
TXN2025000827,1781561151000,Nykaa,Shopping,11037.0,INR,SUCCESS,UPI
TXN2025000828,1767489520000,Shell,Fuel,2513.0,INR,SUCCESS,Credit Card
TXN2025000829,2026-06-30,1mg,Health,3844.0,INR,SUCCESS,Netbanking
TXN2025000830,2026-03-28T22:30:08+05:30,HP Petrol,Fuel,2182.74,INR,SUCCESS,Netbanking
TXN2025000831,2026-04-25T07:02:21Z,MakeMyTrip,Travel,8458.11,INR,PENDING,Debit Card
TXN2025000832,22/05/2026 03:10:52,PharmEasy,Health,5661.65,INR,SUCCESS,UPI
TXN2025000833,2025-09-29T01:40:37Z,Jio,Utilities,641.81,INR,SUCCESS,Debit Card
TXN2025000834,2025-09-12T04:18:12Z,1mg,Health,6155.85,INR,FAILED,UPI
TXN2025000835,1763892114000,Apollo Pharmacy,Health,3729.4,INR,SUCCESS,Credit Card
TXN2025000836,2025-08-11T03:55:39Z,upGrad,Education,44431.31,INR,SUCCESS,Netbanking
TXN2025000837,2026-01-24T23:21:35Z,Udemy,Education,32609.0,INR,SUCCESS,Debit Card
TXN2025000838,2026-04-19T23:20:53Z,Practo,Health,2037.59,INR,SUCCESS,Netbanking
TXN2025000839,2025-11-21T18:38:05+05:30,BPCL,Fuel,3635.15,INR,SUCCESS,Netbanking
TXN2025000840,27/04/2026 16:00:56,Rapido,Travel,8898.87,INR,SUCCESS,Netbanking
TXN2025000841,2025-08-16,HDFC Ergo,Insurance,6815.64,INR,PENDING,Credit Card
TXN2025000842,2025-08-08T17:09:52Z,Airtel,Utilities,2784.26,INR,SUCCESS,Netbanking
TXN2025000843,23/03/2026 20:36:11,JioMart,Groceries,4864.87,INR,SUCCESS,UPI
TXN2025000844,2026-05-09T03:45:57Z,Croma,Shopping,7217.68,INR,SUCCESS,Credit Card
TXN2025000845,2025-07-25T15:46:23Z,BSES,Utilities,3255.34,INR,SUCCESS,Credit Card
TXN2025000846,2025-11-27T00:40:40Z,Spotify,Entertainment,337.0,INR,SUCCESS,Debit Card
TXN2025000847,2026-04-27T05:03:12Z,BYJU'S,Education,53030.0,INR,SUCCESS,Netbanking
TXN2025000848,2026-06-27T11:17:51+05:30,Airtel,Utilities,235.34,INR,SUCCESS,Debit Card
TXN2025000849,17/01/2026 07:43:53,Ola,Travel,495.76,INR,SUCCESS,Credit Card
TXN2025000850,1759336320000,Practo,Health,1310.0,INR,SUCCESS,UPI
TXN2025000851,2025-12-02T21:29:30Z,Croma,Shopping,1882.0,INR,SUCCESS,Netbanking
TXN2025000852,13/04/2026 04:38:37,Hotstar,Entertainment,1526.87,INR,SUCCESS,UPI
TXN2025000853,2026-02-03T03:19:08+05:30,Amazon,Shopping,10050.31,INR,PENDING,Debit Card
TXN2025000854,2026-02-21T06:12:59Z,Netflix,Entertainment,2413.0,INR,SUCCESS,Netbanking
TXN2025000855,2025-12-06T02:46:11+05:30,Hotstar,Entertainment,1500.0,INR,SUCCESS,UPI
TXN2025000856,2026-07-03T13:19:26Z,BPCL,Fuel,789.0,INR,SUCCESS,Debit Card
TXN2025000857,2026-03-27T14:20:13+05:30,Shell,Fuel,3752.59,INR,SUCCESS,Netbanking
TXN2025000858,2025-11-09,Apollo Pharmacy,Health,3462.0,INR,SUCCESS,Netbanking
TXN2025000859,2025-07-11T14:55:37+05:30,Unacademy,Education,25878.36,INR,FAILED,UPI
TXN2025000860,24/09/2025 14:06:43,Rapido,Travel,794.48,INR,SUCCESS,Credit Card
TXN2025000861,2026-01-24T19:08:15Z,DMart,,2650.83,INR,SUCCESS,Debit Card
TXN2025000862,2026-04-17T13:42:40Z,IndiGo,Travel,2728.15,INR,SUCCESS,UPI
TXN2025000863,2025-11-15T01:42:44Z,BPCL,Fuel,4225.58,INR,SUCCESS,Debit Card
TXN2025000864,2026-06-19T03:38:19Z,Uber,Travel,8534.64,INR,SUCCESS,Netbanking
TXN2025000865,2026-06-04T17:02:58Z,HDFC Ergo,Insurance,9187.16,INR,SUCCESS,Credit Card
TXN2025000866,2026-02-26T00:14:27Z,MakeMyTrip,Travel,1984.0,INR,SUCCESS,Credit Card
TXN2025000867,1783378844000,Flipkart,Shopping,2465.0,INR,SUCCESS,Netbanking
TXN2025000868,2026-07-07T19:38:34Z,Practo,Health,195.37,INR,SUCCESS,Netbanking
TXN2025000869,2026-06-08T03:23:46+05:30,Spotify,Entertainment,1608.19,INR,PENDING,Debit Card
TXN2025000870,2026-01-15T06:36:38Z,ACT Fibernet,Utilities,803.48,INR,SUCCESS,Netbanking
TXN2025000871,2026-01-20T22:42:34Z,MakeMyTrip,Travel,6801.0,INR,SUCCESS,Netbanking
TXN2025000872,31/05/2026 03:30:37,Shell,Fuel,630.0,INR,SUCCESS,Credit Card
TXN2025000873,2025-12-26T10:40:07Z,Tata Power,Utilities,3422.47,INR,SUCCESS,UPI
TXN2025000874,2025-08-08T21:32:16Z,Swiggy,Food & Dining,645.8,INR,SUCCESS,Debit Card
TXN2025000875,2025-10-10T20:25:50Z,Practo,Health,6053.0,INR,SUCCESS,Debit Card
TXN2025000876,2025-09-10T10:11:58+05:30,BSES,Utilities,3363.0,INR,SUCCESS,Netbanking
TXN2025000877,2025-11-19T13:16:24Z,IRCTC,Travel,3888.02,INR,SUCCESS,Debit Card
TXN2025000878,09/02/2026 15:42:33,Airtel,Utilities,793.0,INR,SUCCESS,Credit Card
TXN2025000879,2026-02-01T16:08:39+05:30,Flipkart,Shopping,13072.39,INR,SUCCESS,Netbanking
TXN2025000880,2025-08-28T01:53:20+05:30,Ola,Travel,1483.42,INR,SUCCESS,UPI
TXN2025000881,1781281381000,Uber,Travel,3909.0,INR,SUCCESS,Debit Card
TXN2025000882,2026-02-06T07:06:04Z,ACT Fibernet,Utilities,1190.11,INR,SUCCESS,Netbanking
TXN2025000883,2026-05-12T19:50:03Z,Flipkart,Shopping,12538.0,INR,SUCCESS,Netbanking
TXN2025000884,2025-10-09T15:43:25Z,Cult.fit,Health,809.67,INR,SUCCESS,Debit Card
TXN2025000885,2025-11-11T10:07:11Z,BPCL,Fuel,2729.97,INR,SUCCESS,Netbanking
TXN2025000886,2026-02-20T22:52:39Z,Myntra,Shopping,6546.75,INR,SUCCESS,Credit Card
TXN2025000887,2026-01-06,Blinkit,Groceries,2324.12,INR,SUCCESS,Netbanking
TXN2025000888,2026-03-03T02:29:03Z,Amazon,,7075.0,INR,SUCCESS,Credit Card
TXN2025000889,1772490220000,Cult.fit,Health,5682.0,INR,SUCCESS,Netbanking
TXN2025000890,2025-10-30T12:21:52Z,McDonald's,Food & Dining,181.0,INR,SUCCESS,Debit Card
TXN2025000891,2025-10-14T08:12:55+05:30,BYJU'S,Education,15442.78,INR,SUCCESS,Debit Card
TXN2025000892,2025-12-08T13:09:27Z,HDFC Ergo,Insurance,24096.41,INR,SUCCESS,Credit Card
TXN2025000893,2025-10-06,Zomato,Food & Dining,217.0,INR,SUCCESS,UPI
TXN2025000894,2025-07-25T18:35:17+05:30,IRCTC,Travel,1668.0,INR,SUCCESS,UPI
TXN2025000895,2025-08-02T02:27:26Z,Zomato,Food & Dining,721.33,INR,SUCCESS,Debit Card
TXN2025000896,2026-06-09T15:41:27Z,Practo,Health,1213.63,INR,PENDING,Debit Card
TXN2025000897,2026-03-01T01:43:23Z,MakeMyTrip,Travel,2377.0,INR,SUCCESS,Credit Card
TXN2025000898,2026-03-15T11:13:34Z,HP Petrol,Fuel,3854.0,INR,SUCCESS,Debit Card
TXN2025000899,2026-06-28T20:00:14Z,BSES,Utilities,1741.74,INR,SUCCESS,Netbanking
TXN2025000900,1757248563000,Ajio,Shopping,17462.42,INR,SUCCESS,Netbanking
TXN2025000901,2025-12-16T22:16:58+05:30,Cult.fit,Health,5280.04,INR,SUCCESS,Debit Card
TXN2025000902,2025-08-04T18:42:14+05:30,Netflix,Entertainment,1281.0,INR,SUCCESS,Debit Card
TXN2025000903,2025-07-04T20:53:14Z,Spotify,Entertainment,1118.0,INR,SUCCESS,Credit Card
TXN2025000904,2026-03-25T02:28:50+05:30,Netflix,Entertainment,823.18,INR,SUCCESS,Netbanking
TXN2025000905,1761137051000,Zepto,Groceries,352.06,INR,SUCCESS,Credit Card
TXN2025000906,2026-06-08T14:20:47+05:30,Swiggy,Food & Dining,-547.0,INR,SUCCESS,Netbanking
TXN2025000907,2026-03-08T15:34:14Z,Hotstar,Entertainment,736.51,INR,SUCCESS,Netbanking
TXN2025000908,2025-10-02T00:52:40+05:30,MakeMyTrip,Travel,2514.23,INR,PENDING,Debit Card
TXN2025000909,2025-10-13T04:06:10Z,Blinkit,Groceries,3996.21,INR,SUCCESS,Credit Card
TXN2025000910,2026-03-05T08:16:13+05:30,McDonald's,Food & Dining,262.0,INR,SUCCESS,Netbanking
TXN2025000911,2025-11-02T07:06:58Z,BigBasket,Groceries,4292.69,INR,SUCCESS,Credit Card
TXN2025000912,2026-07-13T09:17:48Z,Starbucks,Food & Dining,876.0,INR,SUCCESS,Debit Card
TXN2025000913,2025-07-03T22:58:03Z,BigBasket,,1012.72,INR,SUCCESS,UPI
TXN2025000914,2025-12-10T23:26:56Z,Nykaa,Shopping,609.0,INR,FAILED,Netbanking
TXN2025000915,2025-11-06T00:38:25Z,Spotify,Entertainment,1239.12,INR,SUCCESS,Credit Card
TXN2025007816,2026-01-27T22:54:57+05:30,Starbucks,Food & Dining,327.87,INR,SUCCESS,Credit Card
TXN2025000917,2025-11-25T23:03:33Z,Ola,Travel,8082.0,INR,SUCCESS,UPI
TXN2025000918,2025-12-19T19:11:42Z,BYJU'S,Education,-14443.22,INR,SUCCESS,UPI
TXN2025000919,19/01/2026 09:22:07,Ola,Travel,4255.34,INR,SUCCESS,Credit Card
TXN2025000920,2026-06-29T08:39:30Z,BSES,Utilities,1484.11,INR,SUCCESS,Credit Card
TXN2025000921,2026-01-30T10:27:22+05:30,Cult.fit,Health,5138.42,INR,SUCCESS,UPI
TXN2025000922,2025-11-17T17:55:11Z,Rapido,Travel,4434.0,INR,SUCCESS,Credit Card
TXN2025000923,2025-07-06T14:56:28Z,Myntra,Shopping,4514.8,INR,SUCCESS,Debit Card
TXN2025000924,2025-07-04T05:43:56Z,PharmEasy,Health,969.6,INR,SUCCESS,Netbanking
TXN2025000925,2025-08-04T12:30:47Z,upGrad,Education,33195.06,INR,SUCCESS,Credit Card
TXN2025000926,2026-06-27,ACT Fibernet,Utilities,501.63,INR,SUCCESS,UPI
TXN2025000927,2026-01-25T01:40:31Z,Starbucks,Food & Dining,397.0,INR,SUCCESS,Credit Card
TXN2025000928,1777767944000,ACT Fibernet,Utilities,967.83,INR,SUCCESS,Debit Card
TXN2025000929,2025-11-24T11:33:42Z,Airtel,Utilities,2619.0,INR,FAILED,Credit Card
TXN2025000930,2025-12-17T21:47:44+05:30,Rapido,Travel,8108.23,INR,SUCCESS,Debit Card
TXN2025000931,2025-09-11T11:29:13+05:30,Shell,Fuel,3288.0,INR,PENDING,Debit Card
TXN2025000932,1779203663000,DMart,Groceries,4474.0,INR,SUCCESS,Credit Card
TXN2025000933,2026-05-15T00:02:04Z,McDonald's,Food & Dining,534.29,INR,SUCCESS,Debit Card
TXN2025000934,2025-11-25,Tata Power,Utilities,202.38,INR,SUCCESS,Credit Card
TXN2025000935,2026-02-26T15:09:28Z,Zomato,Food & Dining,603.39,INR,SUCCESS,Debit Card
TXN2025000936,2026-05-14T20:35:48Z,LIC Premium,Insurance,3938.66,INR,SUCCESS,Credit Card
TXN2025000937,1756479995000,HP Petrol,Fuel,3232.9,INR,SUCCESS,Debit Card
TXN2025000938,2025-08-07T09:10:25+05:30,DMart,Groceries,2635.0,INR,SUCCESS,UPI
TXN2025000939,2026-06-05T00:02:34Z,Domino's,Food & Dining,771.0,INR,SUCCESS,Credit Card
TXN2025000940,1770468189000,Flipkart,Shopping,8916.0,INR,PENDING,Netbanking
TXN2025000941,2026-02-15T00:30:11Z,Coursera,Education,27454.61,INR,SUCCESS,UPI
TXN2025000942,2025-07-05T20:28:16Z,Spotify,Entertainment,667.92,INR,SUCCESS,Netbanking
TXN2025000943,2025-11-18T04:04:28+05:30,Amazon,Shopping,8611.24,INR,FAILED,Netbanking
TXN2025000944,2026-02-25T08:44:07Z,Spotify,Entertainment,2016.0,INR,SUCCESS,UPI
TXN2025000945,2026-07-02T14:50:33Z,LIC Premium,Insurance,4209.0,INR,SUCCESS,UPI
TXN2025000946,2025-09-12T08:23:56Z,Flipkart,Shopping,13149.28,INR,SUCCESS,Credit Card
TXN2025000947,2026-04-17T22:59:51+05:30,Apollo Pharmacy,Health,4433.0,INR,SUCCESS,Netbanking
TXN2025000948,17/11/2025 00:27:37,HDFC Ergo,Insurance,5562.3,INR,SUCCESS,Netbanking
TXN2025000949,2025-09-03T13:16:31Z,upGrad,Education,36922.75,INR,SUCCESS,Netbanking
TXN2025000950,2026-02-18T23:37:11+05:30,Indian Oil,Fuel,1850.0,INR,FAILED,Debit Card
TXN2025000951,2026-05-24T21:06:36Z,DMart,Groceries,3435.46,INR,SUCCESS,Netbanking
TXN2025000952,1762161411000,Policybazaar,Insurance,25879.77,INR,SUCCESS,Credit Card
TXN2025000953,2026-01-30,Apollo Pharmacy,Health,3887.54,INR,SUCCESS,Debit Card
TXN2025000954,2025-12-01T23:39:08Z,Spotify,Entertainment,2409.84,INR,SUCCESS,UPI
TXN2025000955,2026-06-11T12:55:34Z,Blinkit,Groceries,3695.85,INR,SUCCESS,UPI
TXN2025000956,2025-10-31T01:37:27Z,Zepto,Groceries,5911.0,INR,SUCCESS,Debit Card
TXN2025000957,2026-02-07T18:18:30Z,BPCL,Fuel,2545.09,INR,SUCCESS,UPI
TXN2025000958,2025-10-11T16:22:07Z,Domino's,Food & Dining,479.0,INR,SUCCESS,Credit Card
TXN2025000959,2026-02-07T07:49:32Z,MakeMyTrip,Travel,2454.0,INR,SUCCESS,Credit Card
TXN2025000960,2026-01-04T04:02:06Z,LIC Premium,Insurance,4472.0,INR,SUCCESS,Netbanking
TXN2025000961,1754508086000,upGrad,Education,38953.49,INR,SUCCESS,Debit Card
TXN2025000962,2025-07-31,Domino's,Food & Dining,690.02,INR,SUCCESS,UPI
TXN2025000963,2025-12-09T12:45:49Z,JioMart,Groceries,2283.2,INR,SUCCESS,Credit Card
TXN2025000964,1751691874000,HDFC Ergo,Insurance,26632.0,INR,SUCCESS,Netbanking
TXN2025000965,2026-01-26T16:30:35+05:30,Starbucks,Food & Dining,357.0,INR,SUCCESS,Credit Card
TXN2025000966,20/07/2025 14:52:43,DMart,Groceries,3163.0,INR,SUCCESS,Netbanking
TXN2025000967,2025-08-04T18:08:02Z,Airtel,Utilities,2684.37,INR,SUCCESS,Netbanking
TXN2025000968,2025-11-08T07:48:52Z,Blinkit,Groceries,4782.0,INR,SUCCESS,Netbanking
TXN2025000969,2025-10-10T17:43:03Z,Apollo Pharmacy,Health,5255.41,INR,SUCCESS,Netbanking
TXN2025000970,2026-04-22T17:09:41Z,Indian Oil,Fuel,2237.96,INR,SUCCESS,Netbanking
TXN2025000971,2026-02-07T15:41:16Z,BPCL,Fuel,1292.43,INR,SUCCESS,Credit Card
TXN2025000972,03/11/2025 14:24:53,IndiGo,Travel,830.47,INR,SUCCESS,UPI
TXN2025000973,2025-11-13T00:57:52Z,Myntra,Shopping,12206.34,INR,SUCCESS,Debit Card
TXN2025000974,2025-10-27T03:37:03Z,Netflix,Entertainment,1545.0,INR,SUCCESS,Debit Card
TXN2025000975,2026-02-27T18:58:43Z,Practo,Health,5777.85,INR,SUCCESS,Netbanking
TXN2025000976,2026-03-23T22:30:39Z,Domino's,Food & Dining,840.0,INR,SUCCESS,Credit Card
TXN2025000977,2026-04-13T23:54:01Z,Policybazaar,Insurance,29546.0,INR,SUCCESS,Credit Card
TXN2025000978,2026-05-15T06:42:09Z,Practo,Health,6498.1,INR,SUCCESS,UPI
TXN2025000979,2025-12-22T18:52:40+05:30,JioMart,Groceries,4254.0,INR,SUCCESS,UPI
TXN2025000980,2025-09-18T03:33:58+05:30,JioMart,Groceries,1491.35,INR,SUCCESS,Debit Card
TXN2025000981,24/08/2025 21:27:12,BPCL,Fuel,2432.11,INR,SUCCESS,UPI
TXN2025000982,2025-07-17T15:46:54Z,BookMyShow,Entertainment,1519.64,INR,SUCCESS,Credit Card
TXN2025000983,2026-02-25T18:20:57Z,Starbucks,Food & Dining,341.53,INR,SUCCESS,UPI
TXN2025000984,1764348967000,Tata Power,Utilities,2360.0,INR,SUCCESS,Debit Card
TXN2025000985,2026-06-01T10:11:40Z,Coursera,Education,47012.33,INR,SUCCESS,UPI
TXN2025000986,2025-09-28T13:08:51Z,Blinkit,Groceries,5244.24,INR,FAILED,UPI
TXN2025000987,2025-08-03T22:54:43Z,DMart,Groceries,3062.57,INR,SUCCESS,Credit Card
TXN2025000988,2026-04-03T11:11:39Z,Indian Oil,Fuel,4367.17,INR,SUCCESS,UPI
TXN2025000989,2026-01-07T01:00:18Z,IndiGo,Travel,8315.0,INR,SUCCESS,Credit Card
TXN2025000990,2026-02-28T14:04:30Z,Zomato,Food & Dining,390.49,INR,SUCCESS,Credit Card
TXN2025000991,2025-10-08T20:14:44Z,Indian Oil,Fuel,1603.0,INR,FAILED,UPI
TXN2025000992,2025-11-10T12:10:40Z,BPCL,Fuel,4296.0,INR,SUCCESS,Credit Card
TXN2025000993,1774057933000,Amazon,Shopping,13232.55,INR,SUCCESS,Credit Card
TXN2025000994,2026-07-12T16:33:43Z,YouTube Premium,Entertainment,714.0,INR,SUCCESS,Debit Card
TXN2025000995,2025-08-23T19:37:36+05:30,Airtel,Utilities,1989.0,INR,PENDING,Credit Card
TXN2025000996,2026-01-20T04:43:15Z,Ajio,Shopping,5803.82,INR,SUCCESS,Netbanking
TXN2025000997,2025-08-31T03:36:48Z,Nykaa,Shopping,11932.49,INR,SUCCESS,UPI
TXN2025000998,2025-09-10T06:45:52Z,BPCL,Fuel,2631.85,INR,FAILED,Credit Card
TXN2025000999,2026-07-13T14:32:53Z,LIC Premium,Insurance,2635.0,INR,PENDING,Netbanking
TXN2025001000,1781310227000,Zepto,Groceries,2825.13,INR,SUCCESS,Debit Card
TXN2025001001,2025-09-10T12:27:43Z,Nykaa,Shopping,14101.0,INR,FAILED,Debit Card
TXN2025001002,2025-09-28T22:35:53Z,1mg,Health,4034.0,INR,SUCCESS,UPI
TXN2025001003,2025-08-22T01:46:40+05:30,Netflix,Entertainment,335.85,INR,FAILED,Netbanking
TXN2025001004,2025-11-28T11:23:29+05:30,BYJU'S,Education,36076.0,INR,SUCCESS,Netbanking
TXN2025001005,2025-12-06,Ajio,Shopping,3240.0,INR,SUCCESS,UPI
TXN2025001006,2026-03-18T11:50:01Z,BigBasket,Groceries,5716.0,INR,SUCCESS,Credit Card
TXN2025001007,1766048165000,McDonald's,Food & Dining,258.12,INR,SUCCESS,Netbanking
TXN2025001008,2025-10-04T14:41:31Z,upGrad,Education,18543.69,INR,SUCCESS,Netbanking
TXN2025001009,2026-04-06T11:15:32Z,Domino's,Food & Dining,594.19,INR,SUCCESS,Netbanking
TXN2025001010,2026-01-25T05:22:03+05:30,Practo,Health,6583.1,INR,SUCCESS,UPI
TXN2025001011,2026-06-06T15:52:52Z,HP Petrol,Fuel,937.27,INR,SUCCESS,Credit Card
TXN2025001012,2025-07-16T05:51:05+05:30,HP Petrol,Fuel,2651.48,INR,SUCCESS,Netbanking
TXN2025001013,2025-09-12T12:02:00Z,HP Petrol,Fuel,3560.64,INR,FAILED,Netbanking
TXN2025001014,2025-10-20T00:55:01+05:30,Hotstar,Entertainment,2228.22,INR,SUCCESS,Credit Card
TXN2025001015,2026-03-25T22:49:39+05:30,Jio,,1171.59,INR,SUCCESS,Credit Card
TXN2025001016,2026-04-07T15:33:22+05:30,Tata Power,Utilities,2938.65,INR,SUCCESS,UPI
TXN2025001017,2026-03-28T08:15:14+05:30,Uber,Travel,7052.83,INR,SUCCESS,Credit Card
TXN2025001018,2025-09-08T11:16:09+05:30,Hotstar,Entertainment,1121.28,INR,SUCCESS,Credit Card
TXN2025001019,09/03/2026 21:10:13,Tata Power,Utilities,497.0,INR,SUCCESS,Credit Card
TXN2025001020,2026-04-01T06:30:36+05:30,BYJU'S,Education,40595.0,INR,SUCCESS,Debit Card
TXN2025001021,2026-05-04T05:16:30+05:30,Amazon,Shopping,9595.38,INR,SUCCESS,Credit Card
TXN2025001022,2025-09-05T03:15:48Z,BookMyShow,Entertainment,1442.0,INR,SUCCESS,Credit Card
TXN2025001023,2026-04-03T07:15:49Z,Croma,Shopping,15684.0,INR,SUCCESS,Netbanking
TXN2025001024,2025-12-21T01:55:41Z,Zepto,Groceries,2064.25,INR,SUCCESS,Credit Card
TXN2025001025,1751426744000,Myntra,Shopping,16209.26,INR,SUCCESS,Debit Card
TXN2025001026,2026-01-27T20:17:52Z,Swiggy,Food & Dining,477.74,INR,SUCCESS,Netbanking
TXN2025001027,2025-12-23T23:38:57Z,IndiGo,Travel,2108.49,INR,SUCCESS,Netbanking
TXN2025001028,2026-06-08T14:24:01+05:30,Amazon,Shopping,10961.0,INR,SUCCESS,Debit Card
TXN2025001029,2025-09-19T09:49:21Z,Practo,Health,4456.15,INR,SUCCESS,Credit Card
TXN2025001030,2025-08-26T05:29:15Z,Nykaa,Shopping,1321.0,INR,SUCCESS,Debit Card
TXN2025001031,2025-12-09T16:49:12Z,JioMart,Groceries,5546.0,INR,SUCCESS,Credit Card
TXN2025001032,1774791162000,Unacademy,Education,16355.83,INR,SUCCESS,Credit Card
TXN2025001033,2025-07-14T16:33:12Z,Tata Power,,2672.8,INR,SUCCESS,Debit Card
TXN2025001034,2025-07-27,DMart,Groceries,2400.85,INR,SUCCESS,Netbanking
TXN2025001035,17/08/2025 09:20:20,BPCL,Fuel,759.7,INR,FAILED,Debit Card
TXN2025001036,2026-03-28T00:06:03Z,JioMart,Groceries,3304.2,INR,SUCCESS,UPI
TXN2025001037,2026-01-22T04:38:23Z,Flipkart,Shopping,10434.63,INR,SUCCESS,Netbanking
TXN2025001038,2026-04-01T06:24:21Z,LIC Premium,Insurance,28013.19,INR,SUCCESS,Netbanking
TXN2025001039,1770606786000,1mg,Health,5957.0,INR,SUCCESS,Debit Card
TXN2025001040,1775775579000,Ajio,Shopping,11192.22,INR,SUCCESS,Netbanking
TXN2025001041,29/09/2025 09:07:22,ACT Fibernet,Utilities,2866.34,INR,SUCCESS,Debit Card
TXN2025001042,2026-02-28T16:12:59Z,Ola,Travel,213.0,INR,SUCCESS,Credit Card
TXN2025001043,2025-11-07T09:40:09Z,Practo,Health,6993.06,INR,SUCCESS,Credit Card
TXN2025001044,2025-10-07T13:50:35Z,Swiggy,Food & Dining,619.68,INR,PENDING,Debit Card
TXN2025001045,2025-07-03T03:38:51Z,Zepto,Groceries,3188.0,INR,SUCCESS,Debit Card
TXN2025001046,2026-07-08T15:24:00Z,JioMart,Groceries,2557.48,INR,SUCCESS,Credit Card
TXN2025001047,2026-03-19T03:54:08+05:30,Ola,Travel,3108.0,INR,SUCCESS,Netbanking
TXN2025001048,2026-03-01T13:55:56+05:30,Domino's,Food & Dining,623.61,INR,SUCCESS,Debit Card
TXN2025001049,2026-04-15T03:53:26Z,Tata Power,Utilities,2787.16,INR,SUCCESS,Debit Card
TXN2025001050,2026-01-24T21:18:52Z,Apollo Pharmacy,Health,5116.0,INR,SUCCESS,Credit Card
TXN2025001051,2026-06-10T15:32:04Z,Apollo Pharmacy,Health,4845.63,INR,SUCCESS,UPI
TXN2025001052,1763899191000,Nykaa,Shopping,5300.0,INR,PENDING,Credit Card
TXN2025001053,2025-08-15,Apollo Pharmacy,Health,4298.0,INR,SUCCESS,Debit Card
TXN2025001054,2025-10-14T05:02:21Z,BYJU'S,Education,47322.11,INR,SUCCESS,UPI
TXN2025001055,2026-05-18T21:36:14Z,ACT Fibernet,Utilities,3094.26,INR,FAILED,Credit Card
TXN2025001056,2026-05-01T14:42:29Z,HP Petrol,Fuel,1709.0,INR,SUCCESS,Credit Card
TXN2025001057,2026-01-04T10:44:49+05:30,Amazon,Shopping,8182.0,INR,SUCCESS,Credit Card
TXN2025001058,2026-06-05T09:08:36+05:30,Ola,Travel,3193.02,INR,SUCCESS,Debit Card
TXN2025001059,2026-05-16T06:53:10+05:30,DMart,Groceries,1116.78,INR,SUCCESS,Credit Card
TXN2025001060,2026-04-04T03:57:19+05:30,IRCTC,Travel,6576.22,INR,SUCCESS,UPI
TXN2025001061,1779766519000,Swiggy,Food & Dining,362.0,INR,SUCCESS,UPI
TXN2025001062,2026-01-19,JioMart,Groceries,2961.0,INR,SUCCESS,Debit Card
TXN2025001063,2026-06-12T05:48:22Z,Zomato,Food & Dining,570.0,INR,SUCCESS,Debit Card
TXN2025001064,2025-11-01,Ola,Travel,1894.0,INR,SUCCESS,Netbanking
TXN2025001065,2025-10-15T00:58:50Z,Coursera,Education,7352.0,INR,SUCCESS,UPI
TXN2025001066,2026-01-27T11:14:02Z,Practo,Health,3983.0,INR,SUCCESS,Debit Card
TXN2025001067,2025-10-19T00:14:46+05:30,BigBasket,Groceries,1106.87,INR,SUCCESS,Credit Card
TXN2025001068,2025-11-09T13:16:31+05:30,Croma,Shopping,1607.44,INR,SUCCESS,Netbanking
TXN2025001069,2026-03-20T02:34:42Z,Starbucks,Food & Dining,221.46,INR,SUCCESS,UPI
TXN2025001070,08/09/2025 12:14:32,BookMyShow,Entertainment,275.48,INR,SUCCESS,Netbanking
TXN2025001071,15/09/2025 22:51:54,Practo,Health,2586.0,INR,SUCCESS,UPI
TXN2025001072,06/08/2025 02:02:29,Policybazaar,Insurance,30930.49,INR,SUCCESS,Netbanking
TXN2025001073,2026-04-02,Flipkart,Shopping,8391.06,INR,SUCCESS,Netbanking
TXN2025001074,1780201796000,BSES,Utilities,964.0,INR,SUCCESS,Debit Card
TXN2025001075,2026-03-16T02:25:57Z,Spotify,Entertainment,1070.77,INR,SUCCESS,Debit Card
TXN2025001076,2025-08-13T14:41:01Z,Tata Power,Utilities,1808.0,INR,SUCCESS,Netbanking
TXN2025001077,1763005793000,Tata Power,Utilities,2991.0,INR,SUCCESS,Credit Card
TXN2025001078,2026-05-06T04:49:14Z,Indian Oil,Fuel,911.73,INR,SUCCESS,Debit Card
TXN2025001079,2026-01-23T21:32:54+05:30,BPCL,Fuel,3097.81,INR,PENDING,Netbanking
TXN2025001080,2026-01-29T13:45:18Z,PharmEasy,Health,2982.08,INR,SUCCESS,Netbanking
TXN2025001081,1774596984000,BookMyShow,Entertainment,304.0,INR,SUCCESS,Netbanking
TXN2025001082,2026-03-27T08:17:23Z,Jio,Utilities,2071.0,INR,PENDING,Credit Card
TXN2025001083,2026-04-03T11:28:16+05:30,Coursera,Education,37158.35,INR,SUCCESS,Netbanking
TXN2025001084,2026-02-01T08:17:32Z,Myntra,Shopping,10801.68,INR,FAILED,Netbanking
TXN2025001085,2026-02-18T02:40:47Z,Uber,Travel,2910.71,INR,SUCCESS,Netbanking
TXN2025001086,2025-08-04T22:19:43Z,DMart,Groceries,3117.48,INR,SUCCESS,Credit Card
TXN2025001087,2025-07-01,PharmEasy,Health,6337.3,INR,SUCCESS,Credit Card
TXN2025001088,1764393846000,Coursera,Education,9056.84,INR,SUCCESS,Netbanking
TXN2025001089,2025-10-25T09:44:08+05:30,Ola,Travel,2009.82,INR,SUCCESS,Debit Card
TXN2025001090,2025-08-04T16:13:08+05:30,Jio,Utilities,2568.71,INR,SUCCESS,UPI
TXN2025001091,2025-08-19T07:24:18Z,Practo,Health,6906.99,INR,SUCCESS,UPI
TXN2025001092,01/07/2025 07:51:36,Spotify,Entertainment,2267.43,INR,SUCCESS,Debit Card
TXN2025001093,2025-09-30T08:36:23+05:30,Myntra,Shopping,15551.02,INR,SUCCESS,Netbanking
TXN2025001094,2025-11-26T04:26:38+05:30,Cult.fit,Health,2329.17,INR,SUCCESS,Credit Card
TXN2025001095,2026-02-01T11:24:15Z,Coursera,Education,10363.0,INR,SUCCESS,Debit Card
TXN2025001096,2026-03-17T23:58:06Z,YouTube Premium,Entertainment,-511.68,INR,SUCCESS,Credit Card
TXN2025001097,2026-04-07T03:22:08+05:30,Swiggy,Food & Dining,175.0,INR,SUCCESS,Netbanking
TXN2025001098,2025-12-09T12:03:13+05:30,Ajio,Shopping,1844.31,INR,SUCCESS,Netbanking
TXN2025001099,2026-01-31T09:28:45+05:30,Practo,Health,1381.61,INR,SUCCESS,Netbanking
TXN2025001100,2025-07-03T21:15:09+05:30,Netflix,Entertainment,-679.72,INR,SUCCESS,Netbanking
TXN2025001101,2025-12-07T13:17:09+05:30,LIC Premium,Insurance,10614.87,INR,SUCCESS,Debit Card
TXN2025001102,2026-03-31T12:28:53Z,Domino's,Food & Dining,883.02,INR,SUCCESS,UPI
TXN2025001103,2025-08-25,PharmEasy,Health,3448.5,INR,SUCCESS,Debit Card
TXN2025001104,2026-02-22T16:46:12Z,Tata Power,Utilities,1905.93,INR,SUCCESS,Credit Card
TXN2025001105,2026-03-17T11:23:43Z,BSES,Utilities,2281.19,INR,SUCCESS,Debit Card
TXN2025001106,2026-04-29T02:53:55Z,Practo,Health,511.0,INR,FAILED,Netbanking
TXN2025001107,2026-04-11T18:08:50Z,Tata Power,Utilities,1891.79,INR,SUCCESS,Netbanking
TXN2025001108,2025-10-21T02:07:05Z,Netflix,Entertainment,2407.33,INR,SUCCESS,UPI
TXN2025001109,2026-04-09T07:52:02+05:30,upGrad,Education,50834.61,INR,SUCCESS,Debit Card
TXN2025001110,2026-02-08T05:56:31Z,Starbucks,Food & Dining,610.85,INR,SUCCESS,Debit Card
TXN2025001111,2025-08-01T19:33:01Z,HDFC Ergo,Insurance,25536.0,INR,SUCCESS,UPI
TXN2025001112,2025-10-15T15:42:33Z,BigBasket,Groceries,1736.69,INR,SUCCESS,UPI
TXN2025001113,2026-02-15,HDFC Ergo,Insurance,5794.0,INR,SUCCESS,Credit Card
TXN2025001114,10/10/2025 11:03:02,Coursera,Education,25118.72,INR,FAILED,Credit Card
TXN2025001115,2025-07-13T14:55:33Z,ACT Fibernet,Utilities,796.67,INR,SUCCESS,UPI
TXN2025001116,2026-05-22T07:07:49+05:30,Nykaa,Shopping,10861.35,INR,SUCCESS,Netbanking
TXN2025001117,2026-03-05T09:07:35Z,BookMyShow,Entertainment,708.41,INR,SUCCESS,Credit Card
TXN2025001118,2026-03-07T04:48:26Z,Apollo Pharmacy,Health,5180.0,INR,SUCCESS,UPI
TXN2025001119,2025-10-26T00:56:42+05:30,Starbucks,Food & Dining,250.73,INR,PENDING,Credit Card
TXN2025001120,2025-10-10T18:20:37Z,BookMyShow,Entertainment,1755.93,INR,FAILED,Netbanking
TXN2025001121,26/11/2025 08:32:10,Swiggy,Food & Dining,345.26,INR,FAILED,Debit Card
TXN2025001122,2026-06-22T09:41:49+05:30,HP Petrol,Fuel,3231.0,INR,SUCCESS,Debit Card
TXN2025001123,2025-10-14T15:13:42Z,Jio,Utilities,2214.6,INR,SUCCESS,Debit Card
TXN2025001124,2026-02-12T15:25:21Z,BigBasket,Groceries,4873.0,INR,SUCCESS,Netbanking
TXN2025001125,2026-02-14,Unacademy,Education,41450.66,INR,PENDING,Credit Card
TXN2025001126,2025-09-08T15:26:41Z,HP Petrol,Fuel,1849.63,INR,SUCCESS,UPI
TXN2025001127,2025-12-07T11:36:58Z,Unacademy,Education,-1456.0,INR,SUCCESS,UPI
TXN2025001128,2025-10-18T19:01:10Z,Unacademy,Education,25080.0,INR,SUCCESS,Credit Card
TXN2025001129,1782799217000,Domino's,Food & Dining,138.0,INR,FAILED,Credit Card
TXN2025001130,2025-08-16T08:46:03Z,1mg,,4520.87,INR,SUCCESS,Credit Card
TXN2025001131,2026-02-05T14:38:37Z,BookMyShow,Entertainment,1692.18,INR,SUCCESS,UPI
TXN2025001132,2026-03-14T06:35:58Z,upGrad,Education,10949.0,INR,SUCCESS,Netbanking
TXN2025001133,2026-03-17,BigBasket,Groceries,4685.35,INR,SUCCESS,Debit Card
TXN2025001134,2026-04-28T13:39:08Z,Rapido,Travel,1625.0,INR,SUCCESS,Netbanking
TXN2025001135,2026-07-06T21:23:26Z,BookMyShow,Entertainment,931.0,INR,SUCCESS,Credit Card
TXN2025001136,1758041538000,Airtel,Utilities,429.01,INR,SUCCESS,Netbanking
TXN2025001137,2026-01-26,Uber,Travel,5880.0,INR,FAILED,Netbanking
TXN2025001138,19/12/2025 11:50:23,IRCTC,Travel,5602.0,INR,SUCCESS,Debit Card
TXN2025001139,2026-04-09T07:42:44Z,Flipkart,Shopping,965.0,INR,SUCCESS,Netbanking
TXN2025001140,2026-03-06T10:51:26Z,Zomato,Food & Dining,819.0,INR,SUCCESS,UPI
TXN2025001141,2025-11-05T20:44:47Z,Coursera,Education,22085.0,INR,SUCCESS,UPI
TXN2025001142,2026-01-02T16:34:56+05:30,Indian Oil,Fuel,3330.42,INR,PENDING,Netbanking
TXN2025001143,2026-01-26T12:51:52Z,LIC Premium,Insurance,31566.08,INR,SUCCESS,UPI
TXN2025001144,2026-01-03T23:41:02Z,BookMyShow,Entertainment,2392.22,INR,SUCCESS,Debit Card
TXN2025001145,1772523745000,JioMart,Groceries,4186.46,INR,SUCCESS,UPI
TXN2025001146,2025-08-01T05:54:41+05:30,Spotify,Entertainment,1405.91,INR,SUCCESS,Debit Card
TXN2025001147,2026-07-11T12:22:27Z,Udemy,Education,11967.71,INR,SUCCESS,Credit Card
TXN2025001148,02/03/2026 21:46:37,Zepto,,4266.53,INR,SUCCESS,Debit Card
TXN2025001149,2026-04-12T08:13:05Z,ACT Fibernet,Utilities,480.05,INR,SUCCESS,Credit Card
TXN2025001150,2026-02-16T01:09:07Z,Domino's,Food & Dining,270.61,INR,SUCCESS,Netbanking
TXN2025001151,2025-10-28T12:15:34+05:30,BookMyShow,,297.1,INR,SUCCESS,Netbanking
TXN2025001152,02/05/2026 22:37:41,Zomato,Food & Dining,148.0,INR,SUCCESS,UPI
TXN2025001153,2026-03-17T03:50:23+05:30,Hotstar,Entertainment,426.86,INR,SUCCESS,Netbanking
TXN2025001154,2026-04-14T19:06:02+05:30,Unacademy,Education,47990.67,INR,FAILED,Credit Card
TXN2025001155,2026-03-11T16:39:05Z,McDonald's,Food & Dining,148.0,INR,SUCCESS,Netbanking
TXN2025001156,2025-08-20T11:11:59Z,Practo,Health,463.74,INR,SUCCESS,Credit Card
TXN2025001157,2026-05-05T00:17:35Z,Cult.fit,Health,492.0,INR,SUCCESS,Netbanking
TXN2025001158,2026-05-14T08:57:00Z,Practo,Health,1319.22,INR,SUCCESS,UPI
TXN2025001159,2025-07-25T06:43:43Z,ACT Fibernet,Utilities,2163.43,INR,SUCCESS,Netbanking
TXN2025001160,2026-03-21T05:37:34Z,JioMart,Groceries,4925.67,INR,SUCCESS,Debit Card
TXN2025001161,2025-08-23T02:30:10Z,Myntra,Shopping,17573.81,INR,SUCCESS,Credit Card
TXN2025001162,2025-07-25T07:46:14Z,Policybazaar,Insurance,3255.0,INR,SUCCESS,Debit Card
TXN2025001163,2025-11-21T15:58:21+05:30,Nykaa,Shopping,13720.0,INR,FAILED,Credit Card
TXN2025001164,2025-08-21T13:36:24Z,Airtel,Utilities,1004.03,INR,SUCCESS,Netbanking
TXN2025001165,2025-07-03T05:40:56Z,Croma,Shopping,625.88,INR,SUCCESS,Credit Card
TXN2025001166,2025-10-18T23:04:10Z,Amazon,Shopping,12823.98,INR,SUCCESS,Netbanking
TXN2025001167,2025-10-14T05:26:04+05:30,upGrad,Education,7851.0,INR,SUCCESS,Netbanking
TXN2025001168,2026-03-26T09:21:53Z,YouTube Premium,Entertainment,711.0,INR,SUCCESS,Credit Card
TXN2025001169,2026-03-01T08:20:59Z,BYJU'S,Education,27993.43,INR,SUCCESS,Debit Card
TXN2025001170,2025-08-15T15:15:08+05:30,YouTube Premium,Entertainment,159.0,INR,SUCCESS,UPI
TXN2025001171,2026-01-26T14:34:52+05:30,Practo,Health,2629.02,INR,SUCCESS,Credit Card
TXN2025001172,2025-10-16T02:58:57Z,Tata Power,Utilities,2742.09,INR,SUCCESS,Credit Card
TXN2025001173,2026-07-12T03:45:44+05:30,Myntra,Shopping,14410.22,INR,SUCCESS,Netbanking
TXN2025001174,1753121065000,Uber,Travel,1605.88,INR,SUCCESS,Debit Card
TXN2025001175,2026-02-25,Blinkit,Groceries,1494.0,INR,SUCCESS,Netbanking
TXN2025001176,2026-01-25T11:03:51Z,Domino's,Food & Dining,201.0,INR,SUCCESS,Credit Card
TXN2025001177,2026-06-13T09:14:33Z,Zomato,Food & Dining,498.00,INR,SUCCESS,Netbanking
TXN2025001178,17/04/2026 03:21:11,PharmEasy,Health,4121.37,INR,SUCCESS,Debit Card
TXN2025001179,2025-08-07T20:31:26Z,MakeMyTrip,Travel,7054.0,INR,SUCCESS,Netbanking
TXN2025001180,2025-12-30T21:56:50+05:30,Ola,Travel,3504.0,INR,SUCCESS,Netbanking
TXN2025001181,1782442925000,Starbucks,Food & Dining,814.0,INR,SUCCESS,Netbanking
TXN2025001182,2026-04-06T07:43:12Z,Uber,Travel,3608.0,INR,SUCCESS,Debit Card
TXN2025001183,2026-03-26T19:52:11+05:30,BigBasket,Groceries,1452.0,INR,SUCCESS,UPI
TXN2025001184,2025-12-25T20:45:55Z,BigBasket,Groceries,1078.06,INR,SUCCESS,Credit Card
TXN2025001185,2026-02-20T04:47:42Z,Policybazaar,Insurance,14727.68,INR,SUCCESS,Credit Card
TXN2025001186,2025-08-03T08:29:57Z,Apollo Pharmacy,Health,6795.43,INR,SUCCESS,Netbanking
TXN2025001187,2025-10-17T04:33:40Z,IRCTC,Travel,5405.91,INR,SUCCESS,Netbanking
TXN2025001188,2025-12-16T15:29:29+05:30,HDFC Ergo,Insurance,35095.0,INR,SUCCESS,Credit Card
TXN2025001189,2026-06-14T14:48:48Z,PharmEasy,Health,6631.83,INR,SUCCESS,Netbanking
TXN2025001190,2026-04-25T11:55:50+05:30,Domino's,Food & Dining,151.25,INR,SUCCESS,UPI
TXN2025001191,06/05/2026 22:03:44,Jio,Utilities,1952.7,INR,FAILED,UPI
TXN2025001192,2026-04-19T05:42:07Z,Airtel,Utilities,1834.0,INR,SUCCESS,Netbanking
TXN2025001193,2026-03-09T06:56:38Z,IRCTC,Travel,-1367.0,INR,SUCCESS,UPI
TXN2025001194,2025-12-26T08:49:34+05:30,BSES,Utilities,2407.0,INR,SUCCESS,UPI
TXN2025001195,2026-03-30T20:11:31Z,Tata Power,Utilities,1730.0,INR,SUCCESS,Credit Card
TXN2025001196,1751353956000,Spotify,Entertainment,1622.63,INR,FAILED,UPI
TXN2025001197,2025-07-13T11:25:05Z,BookMyShow,Entertainment,2249.0,INR,SUCCESS,Netbanking
TXN2025001198,2026-01-27T15:51:41+05:30,Policybazaar,Insurance,11886.89,INR,SUCCESS,Credit Card
TXN2025001199,2026-04-12T12:17:15Z,Unacademy,Education,5370.87,INR,SUCCESS,Debit Card
TXN2025001200,2026-02-26T05:14:31Z,Starbucks,Food & Dining,206.55,INR,SUCCESS,Debit Card
TXN2025001201,2025-07-27T00:32:25+05:30,Spotify,Entertainment,561.05,INR,SUCCESS,Credit Card
TXN2025001202,1755118563000,Ajio,Shopping,17669.0,INR,SUCCESS,Netbanking
TXN2025001203,08/07/2026 11:29:40,HDFC Ergo,Insurance,37657.2,INR,PENDING,Credit Card
TXN2025001204,2025-11-14T18:00:39Z,Policybazaar,Insurance,30183.0,INR,SUCCESS,Netbanking
TXN2025001205,2025-12-23T16:46:22+05:30,BigBasket,Groceries,610.42,INR,SUCCESS,UPI
TXN2025001206,2026-01-23T17:04:22Z,BSES,Utilities,2542.42,INR,SUCCESS,Netbanking
TXN2025001207,2026-03-26T23:48:26Z,Practo,Health,2671.8,INR,SUCCESS,Credit Card
TXN2025001208,2025-09-08T05:08:49Z,Tata Power,Utilities,488.12,INR,SUCCESS,UPI
TXN2025001209,2025-08-27T11:01:53+05:30,Flipkart,Shopping,3258.0,INR,SUCCESS,Credit Card
TXN2025001210,2025-10-22T15:02:14Z,IRCTC,Travel,4782.05,INR,SUCCESS,Credit Card
TXN2025001211,2026-03-08T03:23:40Z,BSES,Utilities,1344.11,INR,SUCCESS,Debit Card
TXN2025001212,2025-09-29T05:27:16+05:30,Ola,Travel,753.96,INR,SUCCESS,Debit Card
TXN2025001213,2026-05-02T08:14:04Z,YouTube Premium,Entertainment,1509.53,INR,FAILED,Netbanking
TXN2025001214,2026-01-30T00:05:56+05:30,PharmEasy,Health,4711.11,INR,SUCCESS,Netbanking
TXN2025001215,2025-10-27T19:14:25Z,Zepto,Groceries,3533.33,INR,SUCCESS,Debit Card
TXN2025001216,2026-04-25T17:05:15Z,MakeMyTrip,Travel,4461.34,INR,SUCCESS,Credit Card
TXN2025001217,2026-02-26T00:33:05Z,Netflix,Entertainment,817.58,INR,SUCCESS,Debit Card
TXN2025001218,27/03/2026 01:54:59,Uber,Travel,8764.21,INR,SUCCESS,Credit Card
TXN2025001219,2025-10-31T23:10:00+05:30,Croma,Shopping,4549.0,INR,SUCCESS,Credit Card
TXN2025001220,04/02/2026 10:45:39,Airtel,Utilities,1059.0,INR,FAILED,UPI
TXN2025001221,2025-11-22T19:49:08+05:30,Coursera,Education,18114.0,INR,SUCCESS,Credit Card
TXN2025001222,2025-12-05T02:47:39+05:30,Shell,Fuel,1706.24,INR,SUCCESS,Credit Card
TXN2025001223,2026-07-12,Tata Power,Utilities,3261.0,INR,SUCCESS,Debit Card
TXN2025001224,2025-10-21,Udemy,Education,39094.08,INR,SUCCESS,Credit Card
TXN2025001225,09/11/2025 12:46:03,Apollo Pharmacy,Health,5140.52,INR,SUCCESS,UPI
TXN2025001226,2026-03-21T07:29:44+05:30,LIC Premium,Insurance,19940.0,INR,SUCCESS,UPI
TXN2025001227,2025-09-24T13:56:55+05:30,Zepto,Groceries,441.33,INR,SUCCESS,Debit Card
TXN2025001228,2025-09-14T18:55:38+05:30,Amazon,Shopping,6110.37,INR,SUCCESS,Credit Card
TXN2025001229,2026-05-26T21:27:38+05:30,BigBasket,Groceries,1415.0,INR,SUCCESS,UPI
TXN2025004051,1771547289000,Indian Oil,Fuel,2077.69,INR,SUCCESS,UPI
TXN2025001231,2026-05-28T08:31:50Z,Coursera,Education,20496.0,INR,SUCCESS,Debit Card
TXN2025001232,2025-11-14T05:21:58Z,BookMyShow,Entertainment,1025.0,INR,SUCCESS,Netbanking
TXN2025001233,2025-12-20,BPCL,Fuel,850.39,INR,SUCCESS,Netbanking
TXN2025001234,2026-07-12T14:55:01Z,Airtel,Utilities,1152.49,INR,SUCCESS,Netbanking
TXN2025001235,2025-08-25T13:18:54Z,Ajio,Shopping,15096.78,INR,SUCCESS,Debit Card
TXN2025001236,2025-11-08T00:48:38Z,BSES,Utilities,-3461.66,INR,SUCCESS,Netbanking
TXN2025001237,2025-10-14T22:06:34Z,Amazon,Shopping,466.82,INR,PENDING,Credit Card
TXN2025001238,2026-06-21T01:43:34Z,BPCL,,2348.48,INR,SUCCESS,Credit Card
TXN2025001239,2026-01-07T07:05:21Z,Uber,Travel,7524.0,INR,SUCCESS,Debit Card
TXN2025001240,2025-12-27T18:11:03Z,PharmEasy,Health,2231.81,INR,SUCCESS,UPI
TXN2025001241,1772801666000,Swiggy,Food & Dining,240.0,INR,SUCCESS,Netbanking
TXN2025001242,2025-12-09T18:40:58Z,Myntra,Shopping,11889.8,INR,FAILED,Netbanking
TXN2025001243,2026-04-23T18:11:30Z,upGrad,Education,35818.0,INR,SUCCESS,Netbanking
TXN2025001244,2026-01-03T14:27:11+05:30,McDonald's,Food & Dining,587.14,INR,FAILED,Netbanking
TXN2025001245,2026-03-27T09:19:59Z,Rapido,Travel,5726.37,INR,SUCCESS,Debit Card
TXN2025001246,2025-10-09T13:33:42Z,Indian Oil,Fuel,3431.0,INR,SUCCESS,UPI
TXN2025001247,2025-08-22T09:25:38Z,Nykaa,Shopping,5992.37,INR,SUCCESS,Credit Card
TXN2025001248,2026-06-19T23:55:52Z,Starbucks,,332.68,INR,SUCCESS,UPI
TXN2025001249,2025-07-30T20:04:35+05:30,Blinkit,Groceries,1962.49,INR,SUCCESS,Credit Card
TXN2025001250,2026-04-19T01:30:22Z,Cult.fit,Health,1405.0,INR,SUCCESS,Debit Card
TXN2025001251,2025-10-25T16:41:50Z,DMart,Groceries,5012.89,INR,SUCCESS,Debit Card
TXN2025001252,2025-08-25T14:02:39Z,Flipkart,Shopping,9782.52,INR,SUCCESS,Credit Card
TXN2025001253,2025-12-07T18:34:01Z,HP Petrol,Fuel,1625.67,INR,SUCCESS,Credit Card
TXN2025001254,2026-05-19T17:19:38Z,Flipkart,Shopping,4195.52,INR,SUCCESS,UPI
TXN2025001255,2026-05-14T18:41:10Z,YouTube Premium,Entertainment,1231.0,INR,SUCCESS,UPI
TXN2025001256,2025-08-23T23:42:15+05:30,BSES,Utilities,1349.09,INR,SUCCESS,Debit Card
TXN2025001257,2026-05-13T02:52:51Z,Uber,Travel,6447.0,INR,SUCCESS,Credit Card
TXN2025001258,2025-09-26T18:19:36Z,Ajio,Shopping,15472.0,INR,SUCCESS,Credit Card
TXN2025001259,2026-03-26,IRCTC,Travel,1345.0,INR,SUCCESS,UPI
TXN2025001260,2025-12-15T06:01:04Z,McDonald's,Food & Dining,134.67,INR,PENDING,Credit Card
TXN2025001261,2026-02-16T03:18:09Z,Flipkart,Shopping,928.79,INR,FAILED,Netbanking
TXN2025001262,26/10/2025 03:32:33,Myntra,Shopping,16385.0,INR,SUCCESS,UPI
TXN2025001263,2026-02-19T11:36:27Z,Policybazaar,Insurance,5215.0,INR,SUCCESS,Credit Card
TXN2025001264,2025-08-26,Uber,Travel,6101.0,INR,PENDING,Debit Card
TXN2025001265,2026-01-11,PharmEasy,Health,2532.0,INR,SUCCESS,Credit Card
TXN2025001266,2026-02-10,Indian Oil,Fuel,2780.0,INR,SUCCESS,UPI
TXN2025001267,2025-10-18T05:35:44Z,HP Petrol,Fuel,1367.0,INR,SUCCESS,UPI
TXN2025001268,12/01/2026 19:26:25,LIC Premium,Insurance,5299.0,INR,SUCCESS,Netbanking
TXN2025001269,2026-03-19T08:12:52Z,Spotify,Entertainment,1790.0,INR,FAILED,Credit Card
TXN2025001270,2026-01-16T11:40:00Z,Netflix,Entertainment,2456.04,INR,SUCCESS,Netbanking
TXN2025001271,2025-12-28T17:01:06Z,Myntra,,13788.0,INR,SUCCESS,Credit Card
TXN2025001272,02/02/2026 08:50:51,ACT Fibernet,,2715.5,INR,SUCCESS,UPI
TXN2025001273,2025-10-19T03:27:00+05:30,Amazon,Shopping,6141.0,INR,SUCCESS,Debit Card
TXN2025001274,2026-01-31T21:22:13Z,Unacademy,Education,53713.64,INR,PENDING,Debit Card
TXN2025001275,2026-05-23T15:13:52+05:30,Jio,Utilities,822.0,INR,SUCCESS,Debit Card
TXN2025001276,2026-03-18T18:53:02Z,Uber,Travel,312.52,INR,SUCCESS,Netbanking
TXN2025001277,2025-08-16T01:41:27Z,Airtel,Utilities,1924.79,INR,SUCCESS,Netbanking
TXN2025001278,2026-04-14T17:08:54Z,Hotstar,Entertainment,1783.03,INR,SUCCESS,UPI
TXN2025001279,2026-02-16T19:56:12Z,Spotify,Entertainment,2441.0,INR,SUCCESS,UPI
TXN2025001280,2025-10-17,MakeMyTrip,Travel,7575.36,INR,SUCCESS,Debit Card
TXN2025001281,2025-12-03T04:57:55Z,Policybazaar,Insurance,31895.47,INR,SUCCESS,Netbanking
TXN2025001282,2026-01-05T04:10:24+05:30,Coursera,Education,33570.54,INR,SUCCESS,Debit Card
TXN2025001283,2025-10-06T08:35:55+05:30,Nykaa,Shopping,13905.0,INR,SUCCESS,Netbanking
TXN2025001284,2025-08-08,MakeMyTrip,Travel,5729.0,INR,SUCCESS,UPI
TXN2025001285,2025-09-08T07:47:34Z,McDonald's,Food & Dining,508.0,INR,SUCCESS,Debit Card
TXN2025001286,2026-04-21T23:48:41Z,Nykaa,Shopping,5693.58,INR,SUCCESS,Netbanking
TXN2025001287,2026-01-07T09:27:52+05:30,Tata Power,Utilities,866.37,INR,FAILED,Debit Card
TXN2025001288,2026-01-29T01:22:04Z,Shell,Fuel,1874.46,INR,SUCCESS,UPI
TXN2025001289,2025-12-22T13:52:50Z,Jio,Utilities,3104.0,INR,SUCCESS,Netbanking
TXN2025001290,1769986829000,Airtel,Utilities,1716.0,INR,SUCCESS,Debit Card
TXN2025001291,30/10/2025 08:20:06,BYJU'S,Education,9862.95,INR,SUCCESS,Netbanking
TXN2025001292,1767768451000,ACT Fibernet,Utilities,2721.24,INR,SUCCESS,Netbanking
TXN2025001293,2025-07-22T10:00:27Z,BSES,Utilities,2055.0,INR,PENDING,Debit Card
TXN2025001294,2026-03-20T11:49:23Z,ACT Fibernet,Utilities,2150.45,INR,SUCCESS,Debit Card
TXN2025001295,2025-08-19T13:23:33Z,DMart,Groceries,650.12,INR,SUCCESS,Debit Card
TXN2025001296,2026-02-28T13:20:53Z,HDFC Ergo,Insurance,23982.73,INR,SUCCESS,Netbanking
TXN2025001297,2025-12-07T17:57:43Z,Flipkart,Shopping,7906.82,INR,SUCCESS,UPI
TXN2025001298,1761780522000,Coursera,Education,14187.0,INR,SUCCESS,UPI
TXN2025001299,2025-11-08T21:06:23Z,upGrad,Education,4536.0,INR,SUCCESS,UPI
TXN2025001300,2026-06-01T01:40:40Z,Shell,Fuel,1804.47,INR,SUCCESS,Netbanking
TXN2025001301,2025-07-09T09:45:31Z,BigBasket,Groceries,416.29,INR,SUCCESS,Netbanking
TXN2025001302,2026-05-10T22:08:58+05:30,Apollo Pharmacy,Health,2823.56,INR,SUCCESS,UPI
TXN2025001303,2026-01-12,upGrad,Education,37455.0,INR,SUCCESS,Debit Card
TXN2025001304,2025-12-17T02:13:54Z,Croma,Shopping,11201.71,INR,PENDING,Netbanking
TXN2025001305,2026-05-23T08:54:49+05:30,Cult.fit,Health,5954.24,INR,FAILED,Credit Card
TXN2025001306,2026-02-08T12:06:01Z,Blinkit,Groceries,1811.0,INR,SUCCESS,Credit Card
TXN2025001307,2026-05-24T20:23:31+05:30,Practo,,5238.0,INR,SUCCESS,UPI
TXN2025001308,2026-05-08T03:35:30+05:30,PharmEasy,Health,2457.0,INR,SUCCESS,Netbanking
TXN2025001309,2026-03-10T19:15:47Z,Jio,Utilities,892.14,INR,SUCCESS,Debit Card
TXN2025001310,2025-12-08T16:11:19Z,Jio,Utilities,2389.0,INR,SUCCESS,Debit Card
TXN2025001311,2026-01-29T10:09:08Z,Practo,Health,3680.28,INR,SUCCESS,UPI
TXN2025001312,2026-02-10T00:34:09+05:30,Cult.fit,Health,4967.82,INR,PENDING,Credit Card
TXN2025001313,2025-12-29T06:00:28Z,Coursera,Education,52954.28,INR,SUCCESS,Netbanking
TXN2025001314,2025-09-16T16:40:30Z,Apollo Pharmacy,Health,5127.0,INR,SUCCESS,Netbanking
TXN2025001315,2026-04-24T01:45:27Z,Nykaa,Shopping,4592.6,INR,SUCCESS,Netbanking
TXN2025001316,1753470029000,YouTube Premium,Entertainment,898.15,INR,SUCCESS,Credit Card
TXN2025001317,2025-09-01T03:15:15Z,YouTube Premium,Entertainment,776.0,INR,SUCCESS,Credit Card
TXN2025001318,2025-07-11T12:43:17Z,Hotstar,Entertainment,709.0,INR,SUCCESS,Debit Card
TXN2025001319,1765468812000,Tata Power,Utilities,1801.76,INR,SUCCESS,UPI
TXN2025001320,2025-10-09T02:55:59Z,Ola,Travel,1602.0,INR,FAILED,Credit Card
TXN2025001321,2026-01-05T10:52:31Z,Udemy,Education,47035.99,INR,SUCCESS,UPI
TXN2025001322,2025-07-25T11:07:27Z,Amazon,Shopping,5890.0,INR,SUCCESS,Debit Card
TXN2025001323,02/07/2026 06:54:29,Coursera,,36500.0,INR,SUCCESS,Credit Card
TXN2025001324,2026-06-28T02:05:19Z,IndiGo,Travel,1185.0,INR,SUCCESS,Debit Card
TXN2025001325,2025-08-17,ACT Fibernet,Utilities,3119.0,INR,SUCCESS,Debit Card
TXN2025001326,2026-05-09,JioMart,Groceries,5044.3,INR,SUCCESS,Credit Card
TXN2025001327,2025-09-21T22:08:13Z,Jio,Utilities,919.0,INR,SUCCESS,Netbanking
TXN2025001328,2026-01-07T10:28:23+05:30,YouTube Premium,Entertainment,746.87,INR,SUCCESS,Debit Card
TXN2025001329,2025-12-12T13:55:41+05:30,upGrad,Education,52230.0,INR,SUCCESS,Credit Card
TXN2025001330,2025-11-18T23:23:12+05:30,BigBasket,Groceries,5312.77,INR,SUCCESS,Debit Card
TXN2025001331,2026-02-21T01:06:09Z,Zepto,Groceries,420.12,INR,SUCCESS,UPI
TXN2025001332,2025-10-07T05:58:17+05:30,upGrad,Education,-50542.61,INR,SUCCESS,Netbanking
TXN2025001333,16/06/2026 18:02:03,Zepto,Groceries,3942.01,INR,SUCCESS,UPI
TXN2025001334,2025-11-28T15:18:44Z,Shell,Fuel,3967.81,INR,SUCCESS,Netbanking
TXN2025001335,2026-04-20T15:09:22Z,Rapido,Travel,2847.82,INR,SUCCESS,Debit Card
TXN2025001336,1766033423000,IRCTC,Travel,7762.0,INR,SUCCESS,Debit Card
TXN2025001337,2026-06-02T06:20:56Z,Udemy,Education,22939.0,INR,SUCCESS,Netbanking
TXN2025001338,07/11/2025 05:11:44,BSES,Utilities,2631.91,INR,SUCCESS,Netbanking
TXN2025001339,2026-01-13T09:52:47Z,Flipkart,Shopping,14900.68,INR,PENDING,Debit Card
TXN2025001340,2026-04-13T07:09:34Z,YouTube Premium,Entertainment,1564.57,INR,SUCCESS,Netbanking
TXN2025001341,2026-03-06T22:34:32Z,upGrad,Education,2475.0,INR,SUCCESS,Netbanking
TXN2025001342,2026-03-01T18:38:44Z,Udemy,Education,8348.12,INR,SUCCESS,Debit Card
TXN2025001343,17/01/2026 12:52:44,Apollo Pharmacy,Health,713.0,INR,SUCCESS,Credit Card
TXN2025001344,2025-11-02T01:00:56+05:30,1mg,Health,4847.41,INR,SUCCESS,Netbanking
TXN2025001345,2026-02-16T01:51:03Z,HDFC Ergo,Insurance,6640.0,INR,SUCCESS,Debit Card
TXN2025001346,2025-11-30T14:07:53Z,Ola,Travel,942.71,INR,SUCCESS,Credit Card
TXN2025001347,1773021497000,Zomato,Food & Dining,859.53,INR,SUCCESS,Credit Card
TXN2025001348,2026-03-30T02:43:39Z,Amazon,Shopping,17543.0,INR,SUCCESS,UPI
TXN2025001349,2025-08-27T17:37:19Z,Hotstar,,1601.93,INR,SUCCESS,Debit Card
TXN2025001350,2026-04-06T01:40:58+05:30,Croma,Shopping,17068.0,INR,SUCCESS,Netbanking
TXN2025001351,26/09/2025 04:20:31,Tata Power,Utilities,2929.95,INR,SUCCESS,Credit Card
TXN2025001352,2025-10-12T03:41:25Z,Ola,Travel,8525.26,INR,SUCCESS,Netbanking
TXN2025001353,2026-02-18T19:40:37Z,BookMyShow,Entertainment,455.1,INR,SUCCESS,Debit Card
TXN2025001354,2025-12-06T10:13:14Z,LIC Premium,Insurance,27571.76,INR,SUCCESS,UPI
TXN2025001355,2025-12-22T21:54:26Z,Blinkit,Groceries,5863.0,INR,SUCCESS,Debit Card
TXN2025001356,2025-07-05T00:11:29+05:30,PharmEasy,Health,4837.23,INR,SUCCESS,Credit Card
TXN2025001357,21/09/2025 10:00:43,DMart,Groceries,5854.08,INR,SUCCESS,Netbanking
TXN2025001358,2025-07-29T03:25:39Z,BYJU'S,Education,23857.13,INR,SUCCESS,UPI
TXN2025001359,2026-06-18T11:47:05Z,Starbucks,Food & Dining,379.0,INR,PENDING,UPI
TXN2025001360,2025-10-26T06:04:22Z,Swiggy,Food & Dining,317.85,INR,SUCCESS,Debit Card
TXN2025001361,2026-02-11T05:01:48Z,Ajio,Shopping,17436.22,INR,SUCCESS,Debit Card
TXN2025001362,2026-06-06T22:35:26+05:30,Croma,Shopping,9241.13,INR,FAILED,Credit Card
TXN2025001363,2025-08-24T20:07:55Z,Amazon,Shopping,5950.65,INR,SUCCESS,UPI
TXN2025001364,2026-06-04T07:08:32Z,DMart,Groceries,551.0,INR,SUCCESS,Debit Card
TXN2025001365,2026-02-24,Jio,Utilities,1133.65,INR,SUCCESS,Debit Card
TXN2025001366,2025-10-31,HP Petrol,Fuel,1752.04,INR,SUCCESS,Netbanking
TXN2025001367,1782274001000,Policybazaar,Insurance,38076.95,INR,SUCCESS,Netbanking
TXN2025001368,2025-09-09T21:30:03Z,Starbucks,Food & Dining,267.0,INR,FAILED,Netbanking
TXN2025001369,2025-08-15T01:25:20+05:30,Rapido,Travel,1639.28,INR,SUCCESS,UPI
TXN2025001370,2026-01-05T10:23:14+05:30,Airtel,Utilities,1376.52,INR,SUCCESS,Netbanking
TXN2025001371,2025-08-17T19:02:27Z,Myntra,Shopping,15279.05,INR,SUCCESS,UPI
TXN2025001372,2025-09-04,IRCTC,Travel,7839.0,INR,SUCCESS,Debit Card
TXN2025001373,2026-02-12T09:33:21Z,Apollo Pharmacy,Health,6252.63,INR,SUCCESS,Credit Card
TXN2025001374,10/01/2026 10:43:44,YouTube Premium,Entertainment,2312.0,INR,SUCCESS,UPI
TXN2025001375,2026-03-22T02:31:08Z,JioMart,Groceries,447.98,INR,SUCCESS,Netbanking
TXN2025001376,2026-05-21T19:41:34Z,Spotify,Entertainment,1536.89,INR,SUCCESS,Credit Card
TXN2025001377,2026-03-14T03:21:07+05:30,Zomato,Food & Dining,183.23,INR,SUCCESS,Netbanking
TXN2025001378,2025-07-03T00:36:35Z,Cult.fit,Health,6693.13,INR,SUCCESS,UPI
TXN2025001379,2026-07-03,Udemy,Education,34607.32,INR,SUCCESS,Credit Card
TXN2025001380,2025-10-18T15:49:21Z,IRCTC,Travel,7796.85,INR,SUCCESS,UPI
TXN2025001381,2025-11-25T21:19:16Z,HDFC Ergo,Insurance,4222.88,INR,SUCCESS,Netbanking
TXN2025001382,2026-06-01T21:41:21Z,Rapido,Travel,1766.5,INR,SUCCESS,UPI
TXN2025001383,2026-04-29T11:53:49Z,Zomato,Food & Dining,784.0,INR,SUCCESS,Debit Card
TXN2025001384,2025-08-16T14:35:31Z,Udemy,Education,41637.92,INR,SUCCESS,Netbanking
TXN2025001385,16/06/2026 23:24:50,Jio,Utilities,2628.43,INR,SUCCESS,Credit Card
TXN2025001386,2026-01-15T20:46:27Z,Netflix,Entertainment,-1713.64,INR,SUCCESS,Netbanking
TXN2025001387,1770201260000,Airtel,Utilities,3121.86,INR,SUCCESS,Netbanking
TXN2025001388,2026-02-24T04:09:44Z,Amazon,Shopping,13702.06,INR,SUCCESS,Netbanking
TXN2025001389,2025-11-10T17:17:34+05:30,Cult.fit,Health,3068.0,INR,SUCCESS,Credit Card
TXN2025001390,2026-01-09T08:44:16+05:30,Udemy,Education,38056.0,INR,SUCCESS,UPI
TXN2025001391,2026-05-08T06:56:16+05:30,Blinkit,Groceries,2968.0,INR,SUCCESS,Debit Card
TXN2025001392,2025-10-25T10:30:41Z,Nykaa,Shopping,17720.89,INR,SUCCESS,Netbanking
TXN2025001393,2026-06-22T00:22:28Z,Blinkit,Groceries,3540.65,INR,SUCCESS,UPI
TXN2025001394,14/03/2026 15:37:02,Indian Oil,Fuel,2199.0,INR,FAILED,Debit Card
TXN2025001395,2026-01-12T06:56:36Z,Netflix,Entertainment,748.0,INR,PENDING,UPI
TXN2025001396,2025-09-09T12:48:10Z,HDFC Ergo,Insurance,26970.0,INR,FAILED,UPI
TXN2025001397,1761842491000,Amazon,Shopping,7696.84,INR,SUCCESS,Netbanking
TXN2025001398,2025-10-11T17:10:20Z,Policybazaar,Insurance,27305.0,INR,SUCCESS,Credit Card
TXN2025001399,2026-02-20T08:40:51Z,IRCTC,Travel,1828.77,INR,SUCCESS,UPI
TXN2025001400,2025-08-15T02:01:12Z,Jio,Utilities,1963.0,INR,SUCCESS,Credit Card
TXN2025001401,1780459636000,Udemy,Education,26763.95,INR,SUCCESS,Netbanking
TXN2025001402,18/11/2025 02:14:09,Zepto,Groceries,3825.45,INR,PENDING,Netbanking
TXN2025001403,2025-09-12T20:54:15Z,Zepto,Groceries,-799.0,INR,SUCCESS,UPI
TXN2025001404,2025-09-20T06:09:36+05:30,upGrad,Education,53408.07,INR,SUCCESS,Credit Card
TXN2025001405,2026-05-30T06:54:16+05:30,Udemy,Education,14055.37,INR,SUCCESS,Credit Card
TXN2025001406,2025-12-31T20:23:54Z,Amazon,Shopping,5661.2,INR,SUCCESS,UPI
TXN2025001407,2026-03-30T20:41:20+05:30,Myntra,Shopping,3281.0,INR,SUCCESS,Netbanking
TXN2025001408,2025-10-02T23:58:20Z,BSES,Utilities,264.77,INR,SUCCESS,Debit Card
TXN2025001409,2025-11-07T10:12:29Z,Apollo Pharmacy,Health,5831.74,INR,SUCCESS,UPI
TXN2025001410,2025-12-09T10:28:24+05:30,Cult.fit,Health,5956.26,INR,SUCCESS,Debit Card
TXN2025001411,15/02/2026 12:53:07,Domino's,Food & Dining,500.25,INR,FAILED,Netbanking
TXN2025001412,2025-12-11T21:22:02+05:30,MakeMyTrip,Travel,6485.75,INR,SUCCESS,Debit Card
TXN2025001413,2025-12-10T00:00:10+05:30,BPCL,Fuel,754.04,INR,SUCCESS,UPI
TXN2025001414,22/12/2025 02:41:43,ACT Fibernet,Utilities,2254.9,INR,SUCCESS,Netbanking
TXN2025001415,2025-12-30T00:08:16Z,Zomato,Food & Dining,245.84,INR,SUCCESS,Netbanking
TXN2025001416,2026-03-23T18:55:16Z,MakeMyTrip,Travel,4667.2,INR,SUCCESS,Netbanking
TXN2025001417,2025-11-29T09:01:24Z,Ajio,Shopping,15938.01,INR,SUCCESS,Debit Card
TXN2025001418,2026-02-27T06:29:27Z,BSES,Utilities,-2839.19,INR,SUCCESS,Debit Card
TXN2025001419,2025-08-19T21:46:01Z,upGrad,Education,41459.48,INR,SUCCESS,Credit Card
TXN2025001420,2025-12-09T13:15:18+05:30,Croma,Shopping,11041.0,INR,SUCCESS,Debit Card
TXN2025001421,2025-07-07T19:29:21Z,IndiGo,Travel,2043.0,INR,SUCCESS,Debit Card
TXN2025001422,2026-05-30T18:45:48+05:30,Netflix,Entertainment,1740.0,INR,SUCCESS,UPI
TXN2025001423,2025-09-26T19:24:22Z,McDonald's,Food & Dining,383.0,INR,SUCCESS,Credit Card
TXN2025001424,2025-11-15,ACT Fibernet,Utilities,1050.0,INR,FAILED,UPI
TXN2025001425,2026-03-26T00:31:47+05:30,BPCL,Fuel,1569.0,INR,SUCCESS,UPI
TXN2025001426,2026-05-07T07:05:51+05:30,BYJU'S,Education,3721.84,INR,FAILED,UPI
TXN2025001427,2026-05-30T03:15:01Z,Flipkart,Shopping,14146.16,INR,SUCCESS,UPI
TXN2025001428,2026-06-03T23:35:30Z,Indian Oil,Fuel,921.64,INR,PENDING,Debit Card
TXN2025001429,2026-04-22T22:01:32+05:30,Croma,Shopping,13205.36,INR,SUCCESS,Netbanking
TXN2025001430,2025-11-19T00:46:25Z,LIC Premium,Insurance,35013.0,INR,SUCCESS,Credit Card
TXN2025001431,2025-12-09,Myntra,Shopping,15327.7,INR,SUCCESS,UPI
TXN2025001432,2025-10-20T08:46:51+05:30,IndiGo,Travel,7546.36,INR,SUCCESS,Credit Card
TXN2025001433,2025-12-08T22:39:38Z,Amazon,Shopping,5045.18,INR,SUCCESS,Credit Card
TXN2025001434,2026-05-02T11:52:57Z,Nykaa,Shopping,13644.09,INR,SUCCESS,Credit Card
TXN2025001435,2025-12-26T03:53:18+05:30,Jio,Utilities,1564.25,INR,FAILED,Debit Card
TXN2025001436,2026-04-05T16:45:23+05:30,Zomato,Food & Dining,465.21,INR,FAILED,UPI
TXN2025001437,2026-04-26T17:32:05Z,Amazon,Shopping,6321.06,INR,SUCCESS,Netbanking
TXN2025001438,1782262796000,Starbucks,Food & Dining,426.0,INR,SUCCESS,Credit Card
TXN2025001439,1775244908000,Apollo Pharmacy,Health,546.0,INR,SUCCESS,Debit Card
TXN2025001440,2026-01-31T18:31:23Z,YouTube Premium,Entertainment,1094.11,INR,SUCCESS,Debit Card
TXN2025001441,1769017951000,Netflix,Entertainment,167.0,INR,SUCCESS,Credit Card
TXN2025001442,2026-06-10T16:50:34+05:30,upGrad,Education,22812.06,INR,PENDING,Netbanking
TXN2025001443,2026-03-09T17:21:12Z,upGrad,Education,19642.88,INR,SUCCESS,Credit Card
TXN2025001444,29/11/2025 11:00:11,Zepto,Groceries,780.4,INR,SUCCESS,Credit Card
TXN2025001445,2025-08-06T01:08:27+05:30,HP Petrol,Fuel,4467.0,INR,SUCCESS,Debit Card
TXN2025001446,2025-07-09T20:48:23Z,HP Petrol,Fuel,1862.84,INR,SUCCESS,Debit Card
TXN2025001447,2025-12-12T04:16:37+05:30,IndiGo,Travel,7523.0,INR,SUCCESS,UPI
TXN2025001448,2026-03-01T11:57:57+05:30,LIC Premium,Insurance,3807.91,INR,SUCCESS,Debit Card
TXN2025001449,2025-08-18T10:45:08+05:30,Myntra,Shopping,1192.49,INR,SUCCESS,Debit Card
TXN2025001450,2025-09-30,Apollo Pharmacy,Health,5197.48,INR,SUCCESS,Credit Card
TXN2025001451,13/05/2026 13:05:20,Netflix,Entertainment,852.42,INR,SUCCESS,Credit Card
TXN2025001452,2025-08-10T15:17:09Z,BYJU'S,Education,21393.33,INR,SUCCESS,Credit Card
TXN2025001453,2025-12-13T02:14:17Z,Spotify,Entertainment,1217.0,INR,SUCCESS,UPI
TXN2025001454,2026-01-01T17:30:01Z,Amazon,Shopping,1447.72,INR,PENDING,Netbanking
TXN2025001455,2026-02-14T10:47:20+05:30,McDonald's,Food & Dining,-408.05,INR,SUCCESS,Netbanking
TXN2025001456,18/12/2025 21:50:32,Rapido,Travel,5341.87,INR,SUCCESS,Netbanking
TXN2025001457,2025-08-26T01:24:14+05:30,LIC Premium,Insurance,38970.99,INR,SUCCESS,Credit Card
TXN2025001458,2026-03-31T14:38:45+05:30,ACT Fibernet,Utilities,2546.0,INR,SUCCESS,UPI
TXN2025001459,2026-04-16T16:20:59Z,upGrad,Education,12481.91,INR,SUCCESS,Debit Card
TXN2025001460,2025-08-16T17:03:24Z,Myntra,Shopping,10968.24,INR,SUCCESS,Debit Card
TXN2025001461,2025-10-27T04:36:11Z,Domino's,Food & Dining,527.0,INR,SUCCESS,Debit Card
TXN2025001462,1756077620000,Blinkit,Groceries,3069.78,INR,SUCCESS,Netbanking
TXN2025001463,2025-10-18T20:44:47Z,Starbucks,Food & Dining,850.0,INR,SUCCESS,Credit Card
TXN2025001464,2025-11-13T04:08:37Z,HDFC Ergo,Insurance,20318.0,INR,SUCCESS,UPI
TXN2025001465,2025-12-23T10:56:06Z,YouTube Premium,Entertainment,1280.0,INR,SUCCESS,Netbanking
TXN2025001466,2025-08-21,BSES,Utilities,2953.72,INR,SUCCESS,Credit Card
TXN2025001467,2026-03-17T02:56:53+05:30,Indian Oil,Fuel,3045.84,INR,PENDING,Credit Card
TXN2025001468,1773605197000,LIC Premium,Insurance,14020.83,INR,SUCCESS,Netbanking
TXN2025001469,2026-01-26T20:56:01Z,BookMyShow,Entertainment,696.37,INR,SUCCESS,Netbanking
TXN2025001470,03/09/2025 07:38:29,HDFC Ergo,Insurance,12178.0,INR,SUCCESS,UPI
TXN2025001471,2025-10-28T22:40:21+05:30,Apollo Pharmacy,Health,4466.25,INR,FAILED,UPI
TXN2025001472,2026-02-26T06:44:23+05:30,Udemy,Education,31204.0,INR,SUCCESS,UPI
TXN2025001473,2026-01-11T23:25:59Z,Apollo Pharmacy,Health,3724.01,INR,SUCCESS,UPI
TXN2025001474,2025-07-08T03:20:47Z,Coursera,Education,51553.0,INR,SUCCESS,Credit Card
TXN2025001475,2026-02-11T01:49:23+05:30,IndiGo,Travel,7501.28,INR,SUCCESS,UPI
TXN2025001476,2025-07-18T11:16:40+05:30,Shell,Fuel,2927.42,INR,SUCCESS,UPI
TXN2025001477,2026-05-30T20:30:14+05:30,JioMart,Groceries,2791.0,INR,SUCCESS,Debit Card
TXN2025001478,2025-08-08T13:51:23+05:30,BookMyShow,Entertainment,753.0,INR,SUCCESS,Credit Card
TXN2025001479,2025-08-04T13:53:55Z,Blinkit,Groceries,1121.0,INR,SUCCESS,Debit Card
TXN2025001480,2026-07-09T00:49:07Z,YouTube Premium,Entertainment,1744.0,INR,SUCCESS,Credit Card
TXN2025001481,2025-08-08T02:51:46Z,Zomato,Food & Dining,676.0,INR,SUCCESS,Credit Card
TXN2025001482,2026-07-01T10:38:18Z,YouTube Premium,Entertainment,2248.0,INR,SUCCESS,UPI
TXN2025001483,2025-09-30T20:15:25+05:30,Ola,Travel,2308.68,INR,SUCCESS,Netbanking
TXN2025001484,2026-01-31T13:57:43Z,Myntra,Shopping,5102.0,INR,SUCCESS,UPI
TXN2025001485,2026-06-20T15:07:42Z,BSES,Utilities,295.39,INR,SUCCESS,Debit Card
TXN2025001486,2025-10-04,BPCL,Fuel,4353.9,INR,SUCCESS,Credit Card
TXN2025001487,1779704572000,Zepto,Groceries,3539.0,INR,SUCCESS,Credit Card
TXN2025001488,2026-04-30T11:29:19Z,Nykaa,Shopping,6938.84,INR,SUCCESS,Netbanking
TXN2025001489,1766899335000,BPCL,Fuel,2306.0,INR,SUCCESS,Debit Card
TXN2025001490,2026-06-28T12:54:50+05:30,Udemy,Education,53492.0,INR,SUCCESS,Debit Card
TXN2025001491,1763099828000,1mg,Health,1868.59,INR,SUCCESS,Credit Card
TXN2025001492,2025-09-01,PharmEasy,Health,5908.0,INR,SUCCESS,UPI
TXN2025001493,2026-05-19T07:18:12Z,Zepto,Groceries,811.38,INR,SUCCESS,Debit Card
TXN2025001494,2026-05-08T06:12:32Z,Jio,Utilities,895.81,INR,SUCCESS,Debit Card
TXN2025001495,2025-12-23T14:08:18Z,Cult.fit,Health,1940.32,INR,SUCCESS,Credit Card
TXN2025001496,1766736505000,Coursera,Education,54083.0,INR,SUCCESS,Debit Card
TXN2025001497,2026-06-23T22:33:56Z,Zomato,Food & Dining,832.0,INR,SUCCESS,Netbanking
TXN2025001498,2025-12-08T10:57:30+05:30,Swiggy,Food & Dining,-823.13,INR,SUCCESS,Netbanking
TXN2025001499,1780726051000,Policybazaar,Insurance,16622.0,INR,SUCCESS,UPI
TXN2025001500,2026-03-18T19:53:15+05:30,Shell,Fuel,623.79,INR,SUCCESS,UPI
TXN2025001501,2026-02-19T07:07:24Z,Netflix,Entertainment,2434.26,INR,SUCCESS,Netbanking
TXN2025001502,2025-07-04T01:05:10Z,Uber,Travel,7584.48,INR,SUCCESS,Netbanking
TXN2025001503,2025-09-25,Spotify,Entertainment,2350.12,INR,SUCCESS,UPI
TXN2025001504,2025-11-16T17:38:01Z,Policybazaar,Insurance,12323.68,INR,SUCCESS,UPI
TXN2025001505,2025-09-24T15:44:44Z,Practo,Health,4432.87,INR,SUCCESS,Netbanking
TXN2025001506,31/03/2026 10:12:00,Spotify,Entertainment,235.51,INR,SUCCESS,Credit Card
TXN2025001507,2025-12-01T14:17:26Z,Swiggy,Food & Dining,272.95,INR,SUCCESS,Debit Card
TXN2025001508,1757810050000,Apollo Pharmacy,Health,3577.0,INR,SUCCESS,Credit Card
TXN2025001509,2025-08-19T06:14:31Z,McDonald's,Food & Dining,578.77,INR,SUCCESS,Credit Card
TXN2025001510,26/05/2026 04:49:50,HP Petrol,Fuel,3415.0,INR,SUCCESS,UPI
TXN2025001511,2026-03-22T08:24:02+05:30,upGrad,,37597.34,INR,SUCCESS,Netbanking
TXN2025001512,1782952519000,Swiggy,Food & Dining,851.55,INR,SUCCESS,UPI
TXN2025001513,2025-10-15T04:41:48Z,DMart,Groceries,2765.52,INR,SUCCESS,Netbanking
TXN2025001514,09/06/2026 05:38:08,ACT Fibernet,Utilities,1392.86,INR,SUCCESS,Credit Card
TXN2025001515,2025-12-22T02:11:32Z,Starbucks,Food & Dining,336.79,INR,SUCCESS,UPI
TXN2025001516,2026-02-07T20:14:42Z,Hotstar,Entertainment,606.0,INR,SUCCESS,Credit Card
TXN2025001517,2025-10-05T20:31:16Z,upGrad,Education,23885.0,INR,SUCCESS,Credit Card
TXN2025001518,2025-08-07T08:03:09Z,JioMart,Groceries,2071.59,INR,SUCCESS,Netbanking
TXN2025001519,2026-03-01T00:00:43Z,Jio,Utilities,2866.59,INR,PENDING,Debit Card
TXN2025001520,2025-11-10T03:00:16Z,IndiGo,Travel,1149.0,INR,FAILED,Debit Card
TXN2025001521,1777338032000,HP Petrol,Fuel,3676.44,INR,SUCCESS,Netbanking
TXN2025001522,2025-08-18T05:57:58Z,Policybazaar,Insurance,5183.32,INR,SUCCESS,UPI
TXN2025001523,2026-03-27T01:07:04Z,Domino's,Food & Dining,414.37,INR,SUCCESS,Credit Card
TXN2025001524,1761423890000,Starbucks,Food & Dining,836.91,INR,SUCCESS,Netbanking
TXN2025001525,2025-07-21T01:04:06Z,McDonald's,Food & Dining,199.0,INR,SUCCESS,Netbanking
TXN2025001526,1759130140000,Hotstar,Entertainment,374.3,INR,PENDING,UPI
TXN2025001527,1780834025000,Tata Power,Utilities,1466.94,INR,SUCCESS,UPI
TXN2025001528,2025-07-11T02:04:38+05:30,JioMart,Groceries,4010.25,INR,SUCCESS,Debit Card
TXN2025001529,17/02/2026 03:26:02,PharmEasy,Health,1468.0,INR,FAILED,UPI
TXN2025001530,2026-02-08T09:13:27Z,PharmEasy,Health,5557.0,INR,SUCCESS,Debit Card
TXN2025001531,2025-12-20T10:41:56Z,Netflix,Entertainment,1138.79,INR,FAILED,Credit Card
TXN2025001532,2025-10-30T00:56:44+05:30,Ajio,Shopping,14417.0,INR,FAILED,Netbanking
TXN2025001533,2025-10-29T20:29:04+05:30,Indian Oil,Fuel,4338.97,INR,SUCCESS,Credit Card
TXN2025001534,2025-10-21T19:24:45Z,Nykaa,Shopping,8637.09,INR,SUCCESS,UPI
TXN2025001535,2025-07-23T00:44:21Z,HP Petrol,Fuel,2845.76,INR,SUCCESS,UPI
TXN2025001536,2026-03-06T12:54:12Z,Jio,Utilities,1334.59,INR,SUCCESS,UPI
TXN2025001537,2026-03-26T16:25:31+05:30,JioMart,Groceries,1379.33,INR,SUCCESS,Debit Card
TXN2025001538,2025-10-25T03:16:07Z,PharmEasy,Health,4027.0,INR,FAILED,Debit Card
TXN2025001539,2026-06-19T09:22:34Z,Croma,Shopping,2200.57,INR,SUCCESS,Netbanking
TXN2025001540,2026-03-26T23:47:02Z,MakeMyTrip,Travel,8295.59,INR,SUCCESS,Netbanking
TXN2025001541,2026-04-25T04:01:34Z,Practo,Health,1610.0,INR,SUCCESS,Netbanking
TXN2025001542,2025-07-03T09:11:06Z,IRCTC,Travel,3722.75,INR,SUCCESS,UPI
TXN2025001543,2025-08-25T01:46:57Z,McDonald's,Food & Dining,399.15,INR,SUCCESS,Netbanking
TXN2025001544,2025-11-17T13:05:50Z,Ola,Travel,5755.74,INR,SUCCESS,UPI
TXN2025001545,2026-06-09T14:51:37Z,Ola,Travel,1940.0,INR,SUCCESS,Credit Card
TXN2025001546,2025-09-14T21:14:11Z,JioMart,Groceries,5130.0,INR,SUCCESS,Credit Card
TXN2025001547,2026-03-20T20:48:49Z,Rapido,Travel,8213.0,INR,SUCCESS,Netbanking
TXN2025001548,2026-06-29T07:42:57Z,Udemy,Education,43520.0,INR,SUCCESS,Debit Card
TXN2025001549,2026-03-14T10:36:56Z,Tata Power,Utilities,992.49,INR,PENDING,Netbanking
TXN2025001550,2026-06-24T16:15:11Z,BYJU'S,Education,4529.0,INR,SUCCESS,Credit Card
TXN2025001551,1761976885000,Ola,Travel,4886.48,INR,SUCCESS,Netbanking
TXN2025001552,1771978669000,Cult.fit,Health,1825.0,INR,SUCCESS,Credit Card
TXN2025001553,2025-10-04T18:18:24Z,Shell,Fuel,1676.0,INR,FAILED,Debit Card
TXN2025001554,2026-06-10T00:34:26+05:30,Ajio,Shopping,15379.02,INR,FAILED,Credit Card
TXN2025001555,1773571639000,LIC Premium,Insurance,4634.2,INR,SUCCESS,UPI
TXN2025001556,2026-03-08,Croma,Shopping,9327.03,INR,SUCCESS,Debit Card
TXN2025001557,2026-04-03T11:21:32Z,ACT Fibernet,Utilities,1912.0,INR,SUCCESS,Netbanking
TXN2025001558,2026-02-11T11:33:09Z,BYJU'S,Education,52610.56,INR,SUCCESS,UPI
TXN2025001559,2026-05-31T23:48:40Z,IRCTC,Travel,2131.0,INR,SUCCESS,Netbanking
TXN2025001560,2026-02-07T16:03:28Z,IRCTC,Travel,2892.79,INR,SUCCESS,Debit Card
TXN2025001561,2025-08-02T09:41:56Z,Rapido,Travel,5044.0,INR,SUCCESS,Netbanking
TXN2025008373,2025-12-28T16:28:23+05:30,HP Petrol,Fuel,1906.3,INR,SUCCESS,Debit Card
TXN2025001563,2025-11-20T17:27:34+05:30,Jio,Utilities,1688.8,INR,SUCCESS,Debit Card
TXN2025001564,2025-09-29T13:35:04Z,BigBasket,Groceries,2479.0,INR,FAILED,UPI
TXN2025001565,2026-01-11T20:47:16+05:30,Netflix,Entertainment,2268.0,INR,FAILED,UPI
TXN2025001566,2025-07-28T11:31:04Z,BigBasket,Groceries,5581.0,INR,SUCCESS,UPI
TXN2025001567,2025-11-05T15:15:04Z,Shell,Fuel,1301.0,INR,SUCCESS,Debit Card
TXN2025001568,2025-10-15T08:41:42Z,HDFC Ergo,Insurance,32899.24,INR,SUCCESS,Credit Card
TXN2025001569,2025-10-10T04:27:31Z,Policybazaar,Insurance,29073.14,INR,SUCCESS,Debit Card
TXN2025001570,2025-12-04T14:17:33Z,Blinkit,Groceries,4987.16,INR,SUCCESS,UPI
TXN2025001571,2026-07-05T07:01:08Z,BSES,Utilities,2358.5,INR,SUCCESS,Netbanking
TXN2025001572,2026-01-01T00:35:06Z,MakeMyTrip,Travel,2196.95,INR,SUCCESS,Netbanking
TXN2025001573,2025-08-03T02:55:15Z,LIC Premium,Insurance,32854.0,INR,SUCCESS,Credit Card
TXN2025001574,2025-09-20T09:28:17+05:30,Jio,Utilities,2741.43,INR,SUCCESS,Netbanking
TXN2025001575,2026-06-05T02:26:32Z,BPCL,Fuel,620.0,INR,SUCCESS,Debit Card
TXN2025001576,2026-05-20T18:43:45Z,HDFC Ergo,Insurance,1872.72,INR,SUCCESS,Debit Card
TXN2025001577,2025-12-04,MakeMyTrip,Travel,3888.5,INR,SUCCESS,Debit Card
TXN2025001578,2025-07-13T06:42:34Z,DMart,Groceries,3645.64,INR,SUCCESS,Credit Card
TXN2025001579,1781968635000,JioMart,Groceries,3538.69,INR,FAILED,Netbanking
TXN2025001580,2026-01-24T08:18:47Z,BookMyShow,Entertainment,629.09,INR,SUCCESS,Credit Card
TXN2025001581,1766459211000,BSES,Utilities,558.51,INR,SUCCESS,Debit Card
TXN2025001582,2025-09-07T18:11:18Z,Amazon,Shopping,3375.63,INR,SUCCESS,Netbanking
TXN2025001583,2026-07-09T18:15:35Z,Zomato,Food & Dining,265.0,INR,SUCCESS,Debit Card
TXN2025001584,2025-07-28T04:15:20+05:30,IRCTC,Travel,2250.75,INR,SUCCESS,UPI
TXN2025001585,2026-05-30T15:33:11Z,Spotify,Entertainment,1368.0,INR,FAILED,Netbanking
TXN2025001586,2025-12-10T11:53:37+05:30,Croma,Shopping,17816.0,INR,SUCCESS,UPI
TXN2025001587,2025-08-20T05:33:23Z,BookMyShow,Entertainment,2394.43,INR,SUCCESS,Debit Card
TXN2025001588,1756636014000,Jio,Utilities,2899.06,INR,SUCCESS,Debit Card
TXN2025001589,2025-12-26T00:17:02Z,PharmEasy,Health,1540.36,INR,SUCCESS,Credit Card
TXN2025001590,2026-05-17T00:10:01Z,Swiggy,Food & Dining,893.05,INR,SUCCESS,Credit Card
TXN2025001591,2026-01-07T16:03:57+05:30,HP Petrol,Fuel,1815.57,INR,SUCCESS,Netbanking
TXN2025001592,2026-03-08T23:56:40+05:30,Apollo Pharmacy,Health,417.0,INR,SUCCESS,Debit Card
TXN2025001593,1764431015000,upGrad,Education,46502.37,INR,PENDING,Credit Card
TXN2025001594,2026-04-11T18:19:44+05:30,YouTube Premium,Entertainment,734.72,INR,SUCCESS,Netbanking
TXN2025001595,2026-02-06T14:22:42Z,BookMyShow,Entertainment,2290.0,INR,SUCCESS,Netbanking
TXN2025001596,2026-06-03T20:31:01Z,upGrad,Education,52067.0,INR,SUCCESS,Debit Card
TXN2025001597,26/07/2025 22:05:52,Cult.fit,Health,3833.5,INR,SUCCESS,Credit Card
TXN2025001598,2025-08-16T20:27:04Z,ACT Fibernet,Utilities,1557.22,INR,SUCCESS,UPI
TXN2025001599,2025-11-04T09:09:45Z,Policybazaar,Insurance,5551.15,INR,FAILED,Netbanking
TXN2025001600,2025-12-27T06:12:47Z,Croma,Shopping,4811.33,INR,SUCCESS,UPI
TXN2025001601,2025-11-25T19:07:38Z,Cult.fit,Health,4907.23,INR,SUCCESS,Netbanking
TXN2025001602,14/08/2025 12:55:13,Ola,Travel,3690.0,INR,SUCCESS,Credit Card
TXN2025001603,2025-12-26T22:39:32Z,DMart,Groceries,4120.68,INR,SUCCESS,UPI
TXN2025001604,2025-12-17T18:22:48Z,BPCL,Fuel,3128.09,INR,SUCCESS,Netbanking
TXN2025001605,1751914398000,BigBasket,Groceries,5096.0,INR,SUCCESS,UPI
TXN2025001606,2025-11-29T13:28:53Z,Uber,Travel,2788.47,INR,SUCCESS,UPI
TXN2025001607,2025-08-29T14:41:27+05:30,Coursera,Education,42233.57,INR,PENDING,Debit Card
TXN2025001608,2026-03-20T03:52:02+05:30,Uber,Travel,2106.0,INR,SUCCESS,Credit Card
TXN2025001609,2026-05-12T03:50:18+05:30,Airtel,Utilities,2499.25,INR,SUCCESS,UPI
TXN2025001610,2026-02-18T02:10:40Z,BookMyShow,Entertainment,1772.01,INR,SUCCESS,UPI
TXN2025001611,2025-11-23T06:26:30Z,BookMyShow,Entertainment,1952.49,INR,PENDING,Credit Card
TXN2025001612,2025-07-06T10:12:31Z,Amazon,Shopping,633.0,INR,SUCCESS,Credit Card
TXN2025001613,2026-06-08T10:00:07Z,Unacademy,Education,37122.0,INR,SUCCESS,Credit Card
TXN2025001614,2025-08-11T14:11:09Z,LIC Premium,Insurance,7931.32,INR,SUCCESS,Debit Card
TXN2025001615,2026-06-28T20:33:44+05:30,BPCL,Fuel,3007.15,INR,SUCCESS,Netbanking
TXN2025001616,2025-11-16T06:01:56Z,Jio,Utilities,598.0,INR,SUCCESS,Credit Card
TXN2025001617,2025-11-28T21:58:57Z,Swiggy,Food & Dining,433.0,INR,SUCCESS,Netbanking
TXN2025001618,1773116735000,MakeMyTrip,Travel,780.94,INR,SUCCESS,Debit Card
TXN2025001619,2025-10-26,Domino's,Food & Dining,172.0,INR,FAILED,Netbanking
TXN2025001620,2026-06-24T03:44:59+05:30,Flipkart,Shopping,12926.17,INR,SUCCESS,Credit Card
TXN2025001621,03/03/2026 00:10:16,Rapido,Travel,8639.51,INR,SUCCESS,Netbanking
TXN2025001622,2025-08-21T09:30:38Z,Unacademy,Education,50925.81,INR,SUCCESS,Credit Card
TXN2025001623,15/07/2026 19:49:16,Cult.fit,Health,5367.76,INR,SUCCESS,Netbanking
TXN2025001624,2026-02-13T04:56:21+05:30,McDonald's,Food & Dining,381.38,INR,FAILED,Netbanking
TXN2025001625,14/02/2026 03:36:13,Indian Oil,Fuel,3062.0,INR,SUCCESS,UPI
TXN2025001626,2025-08-17T22:47:14Z,MakeMyTrip,Travel,386.68,INR,SUCCESS,Credit Card
TXN2025001627,2025-07-31T14:27:54Z,HDFC Ergo,Insurance,17997.0,INR,SUCCESS,Credit Card
TXN2025001628,2025-11-23T16:43:28Z,Spotify,,1321.0,INR,SUCCESS,UPI
TXN2025001629,2026-07-03T08:12:28+05:30,IndiGo,Travel,8326.0,INR,FAILED,Debit Card
TXN2025001630,2026-04-22T02:49:00Z,Ajio,Shopping,5258.93,INR,SUCCESS,Netbanking
TXN2025001631,2025-09-27,Udemy,Education,44886.18,INR,PENDING,Debit Card
TXN2025001632,18/06/2026 02:25:23,JioMart,Groceries,1680.82,INR,SUCCESS,Credit Card
TXN2025001633,2026-06-04T16:42:26Z,Unacademy,Education,38598.0,INR,SUCCESS,Debit Card
TXN2025001634,2026-06-03T19:44:44+05:30,Uber,Travel,4092.0,INR,SUCCESS,UPI
TXN2025001635,2026-06-30T03:51:08Z,Ola,Travel,658.54,INR,SUCCESS,Credit Card
TXN2025001636,2026-05-05T14:36:34Z,Amazon,Shopping,3415.38,INR,SUCCESS,Credit Card
TXN2025001637,2025-10-29T17:32:43Z,Indian Oil,Fuel,812.66,INR,SUCCESS,Credit Card
TXN2025001638,2025-10-26T11:36:12Z,IndiGo,Travel,3931.35,INR,SUCCESS,Netbanking
TXN2025001639,2026-01-03T15:20:09Z,Cult.fit,Health,1529.6,INR,SUCCESS,Debit Card
TXN2025001640,2025-12-12T03:49:26+05:30,Hotstar,Entertainment,1037.01,INR,SUCCESS,Netbanking
TXN2025001641,2026-01-03T23:04:20Z,Policybazaar,Insurance,7501.32,INR,SUCCESS,Netbanking
TXN2025001642,2026-06-23T15:48:19Z,Jio,Utilities,3018.34,INR,SUCCESS,Credit Card
TXN2025001643,2025-12-27T20:02:33Z,BPCL,Fuel,3406.0,INR,SUCCESS,Netbanking
TXN2025001644,2025-07-28T17:01:34Z,Blinkit,Groceries,2438.34,INR,SUCCESS,Credit Card
TXN2025001645,2025-09-12T09:56:26Z,BYJU'S,Education,26339.0,INR,SUCCESS,UPI
TXN2025001646,2025-12-04T21:13:41Z,Indian Oil,Fuel,3421.47,INR,SUCCESS,Netbanking
TXN2025001647,1772818225000,HDFC Ergo,Insurance,15866.08,INR,SUCCESS,UPI
TXN2025001648,2025-08-18T02:42:52Z,YouTube Premium,Entertainment,2229.63,INR,PENDING,Credit Card
TXN2025001649,2026-04-26,Ola,Travel,6913.97,INR,SUCCESS,Debit Card
TXN2025001650,20/11/2025 23:41:28,Indian Oil,Fuel,3336.51,INR,SUCCESS,UPI
TXN2025001651,2025-10-04T14:45:59Z,Udemy,Education,21807.38,INR,SUCCESS,Netbanking
TXN2025001652,01/04/2026 09:36:24,Domino's,Food & Dining,838.75,INR,FAILED,UPI
TXN2025001653,2026-02-21T03:04:08+05:30,upGrad,Education,36946.0,INR,SUCCESS,Credit Card
TXN2025001654,2026-03-15T02:25:23Z,Rapido,Travel,2377.25,INR,SUCCESS,UPI
TXN2025001655,2026-06-21T20:28:03Z,Myntra,Shopping,13957.66,INR,SUCCESS,Netbanking
TXN2025001656,2026-01-18T03:36:55Z,BYJU'S,Education,32652.25,INR,SUCCESS,Netbanking
TXN2025001657,2025-10-26T08:53:25+05:30,Croma,Shopping,14995.0,INR,SUCCESS,Netbanking
TXN2025001658,2026-06-06,PharmEasy,,2259.66,INR,SUCCESS,UPI
TXN2025001659,2025-11-11T12:28:25Z,Flipkart,Shopping,11578.58,INR,SUCCESS,Debit Card
TXN2025001660,2026-03-29T05:44:09Z,HDFC Ergo,Insurance,9566.73,INR,SUCCESS,UPI
TXN2025001661,2025-07-28,Croma,Shopping,14759.0,INR,SUCCESS,Netbanking
TXN2025001662,2025-12-15T03:14:28Z,HP Petrol,Fuel,2167.0,INR,SUCCESS,Credit Card
TXN2025001663,2026-01-05T16:44:26Z,Spotify,Entertainment,587.0,INR,SUCCESS,UPI
TXN2025001664,2025-09-16T19:24:16Z,Airtel,Utilities,2071.0,INR,FAILED,Credit Card
TXN2025001665,2026-06-04T06:32:44Z,Policybazaar,Insurance,8887.57,INR,SUCCESS,Netbanking
TXN2025001666,2026-03-04T22:29:29Z,Cult.fit,Health,6403.0,INR,SUCCESS,UPI
TXN2025001667,2025-07-25T17:28:09Z,Blinkit,Groceries,788.0,INR,SUCCESS,UPI
TXN2025001668,2026-04-22T03:11:12Z,PharmEasy,Health,1758.24,INR,SUCCESS,UPI
TXN2025001669,2026-03-16T09:15:11+05:30,Starbucks,Food & Dining,327.54,INR,SUCCESS,UPI
TXN2025001670,1763913452000,Flipkart,Shopping,4075.36,INR,SUCCESS,Debit Card
TXN2025001671,2025-12-14T13:17:52Z,ACT Fibernet,Utilities,1761.0,INR,SUCCESS,Debit Card
TXN2025001672,2026-05-14T00:04:03Z,Unacademy,Education,49068.11,INR,SUCCESS,Debit Card
TXN2025001673,2026-07-14T13:00:07Z,Coursera,Education,22516.85,INR,SUCCESS,Debit Card
TXN2025001674,04/12/2025 01:07:31,Flipkart,Shopping,404.44,INR,SUCCESS,Credit Card
TXN2025001675,17/10/2025 12:49:34,Zomato,Food & Dining,589.49,INR,SUCCESS,Credit Card
TXN2025001676,2026-06-03T19:37:05+05:30,Spotify,Entertainment,1211.46,INR,SUCCESS,Netbanking
TXN2025009792,2026-07-07T15:29:10Z,Coursera,Education,11147.67,INR,SUCCESS,UPI
TXN2025001678,2026-05-10,Cult.fit,Health,2617.0,INR,SUCCESS,Debit Card
TXN2025001679,2025-12-03,Unacademy,Education,24991.98,INR,FAILED,UPI
TXN2025001680,2026-06-27T12:05:58+05:30,Netflix,Entertainment,1155.03,INR,SUCCESS,UPI
TXN2025001681,2026-04-03T06:16:48Z,LIC Premium,Insurance,16317.05,INR,SUCCESS,UPI
TXN2025001682,20/05/2026 06:06:09,Ajio,Shopping,9138.0,INR,SUCCESS,Netbanking
TXN2025001683,1767487091000,Croma,Shopping,16171.61,INR,FAILED,Credit Card
TXN2025001684,14/03/2026 05:16:12,IndiGo,Travel,2062.44,INR,SUCCESS,UPI
TXN2025001685,2025-09-01T00:00:03Z,Flipkart,Shopping,8025.87,INR,SUCCESS,Netbanking
TXN2025001686,01/01/2026 23:27:33,BigBasket,Groceries,1556.0,INR,SUCCESS,UPI
TXN2025001687,2026-04-08T17:21:08+05:30,Coursera,Education,8329.98,INR,SUCCESS,UPI
TXN2025001688,2026-02-09,upGrad,Education,18970.0,INR,SUCCESS,UPI
TXN2025001689,2026-04-15,Udemy,Education,19533.54,INR,SUCCESS,Netbanking
TXN2025001690,2026-05-29T11:48:45+05:30,Udemy,Education,-35673.16,INR,SUCCESS,Credit Card
TXN2025001691,2025-08-13T00:39:37Z,MakeMyTrip,Travel,2480.0,INR,SUCCESS,Debit Card
TXN2025001692,2026-07-01T14:38:52Z,HDFC Ergo,Insurance,24299.0,INR,SUCCESS,Debit Card
TXN2025001693,2026-02-10,Ajio,Shopping,15411.28,INR,PENDING,UPI
TXN2025001694,2026-05-25T18:13:03Z,Zepto,Groceries,652.74,INR,SUCCESS,Netbanking
TXN2025001695,2026-06-28T11:18:48Z,DMart,Groceries,4696.3,INR,SUCCESS,Credit Card
TXN2025001696,2025-12-26T15:37:44Z,Flipkart,Shopping,7327.26,INR,SUCCESS,Credit Card
TXN2025001697,2025-12-24T18:43:11Z,Blinkit,Groceries,5072.13,INR,FAILED,Debit Card
TXN2025001698,18/05/2026 11:12:04,Nykaa,Shopping,13535.61,INR,SUCCESS,UPI
TXN2025001699,2026-03-25T04:43:01Z,1mg,Health,2342.95,INR,SUCCESS,Debit Card
TXN2025001700,2025-09-22T18:31:00+05:30,BYJU'S,Education,31994.06,INR,SUCCESS,Debit Card
TXN2025001701,2026-05-11T10:12:22Z,BYJU'S,Education,53190.0,INR,SUCCESS,Credit Card
TXN2025001702,2026-05-11T12:08:57Z,BYJU'S,Education,12372.32,INR,SUCCESS,UPI
TXN2025001703,1761344390000,Uber,Travel,7739.65,INR,SUCCESS,Credit Card
TXN2025001704,2026-03-21T06:28:25+05:30,Zomato,Food & Dining,547.0,INR,SUCCESS,Debit Card
TXN2025001705,2026-04-09T00:20:37Z,Policybazaar,Insurance,16567.0,INR,SUCCESS,Debit Card
TXN2025001706,2026-01-29T14:19:25Z,upGrad,Education,50845.37,INR,FAILED,UPI
TXN2025001707,2026-06-02T00:51:27Z,Ajio,Shopping,6058.34,INR,SUCCESS,Debit Card
TXN2025001708,19/12/2025 14:39:17,Tata Power,Utilities,2360.29,INR,SUCCESS,Netbanking
TXN2025001709,2026-05-09,Blinkit,Groceries,5414.0,INR,SUCCESS,Credit Card
TXN2025001710,2026-05-29T11:48:54+05:30,HDFC Ergo,Insurance,26572.66,INR,SUCCESS,UPI
TXN2025001711,2025-11-24T00:15:15Z,Unacademy,Education,43416.75,INR,SUCCESS,Credit Card
TXN2025001712,2025-09-08T12:47:59Z,Starbucks,Food & Dining,194.92,INR,SUCCESS,UPI
TXN2025001713,2026-07-12T09:00:37Z,Indian Oil,Fuel,3100.39,INR,SUCCESS,Netbanking
TXN2025001714,2026-01-06T12:49:24Z,IndiGo,Travel,499.0,INR,SUCCESS,Credit Card
TXN2025001715,05/05/2026 20:58:05,Udemy,Education,41240.56,INR,SUCCESS,UPI
TXN2025001716,1760542917000,Tata Power,Utilities,3054.16,INR,SUCCESS,Netbanking
TXN2025001717,2025-08-17T09:36:10+05:30,Spotify,Entertainment,-176.0,INR,SUCCESS,Credit Card
TXN2025001718,2026-01-02T23:44:55Z,Zomato,Food & Dining,577.74,INR,SUCCESS,UPI
TXN2025001719,08/03/2026 08:04:34,PharmEasy,Health,1390.51,INR,SUCCESS,Netbanking
TXN2025001720,25/07/2025 15:50:49,Zepto,Groceries,3557.0,INR,FAILED,Credit Card
TXN2025001721,2026-02-01T22:51:22+05:30,Hotstar,Entertainment,2060.0,INR,SUCCESS,Netbanking
TXN2025001722,1775257646000,McDonald's,Food & Dining,524.74,INR,SUCCESS,UPI
TXN2025001723,2026-06-14T08:45:35Z,Policybazaar,Insurance,30490.05,INR,FAILED,Credit Card
TXN2025001724,2025-12-21T11:00:45Z,1mg,Health,4912.0,INR,SUCCESS,UPI
TXN2025001725,2025-09-01T09:05:18Z,Domino's,Food & Dining,220.0,INR,SUCCESS,Debit Card
TXN2025001726,2026-01-13T08:08:39Z,Policybazaar,Insurance,2847.7,INR,SUCCESS,Debit Card
TXN2025001727,2026-03-13T08:59:23Z,Shell,Fuel,1186.41,INR,SUCCESS,Credit Card
TXN2025001728,2026-06-17T02:09:53Z,Zepto,Groceries,563.15,INR,SUCCESS,Netbanking
TXN2025001729,2026-01-19T18:06:09Z,Ajio,Shopping,10535.31,INR,SUCCESS,Credit Card
TXN2025001730,2025-09-30T20:26:07Z,upGrad,Education,6345.59,INR,SUCCESS,Credit Card
TXN2025001731,2026-07-07T14:19:42Z,Nykaa,Shopping,5639.87,INR,SUCCESS,Credit Card
TXN2025009812,2026-02-27T10:52:30Z,PharmEasy,Health,2609.0,INR,SUCCESS,UPI
TXN2025001733,2026-06-16T17:13:15Z,BPCL,Fuel,1519.87,INR,SUCCESS,Netbanking
TXN2025001734,13/12/2025 04:29:14,Tata Power,Utilities,474.0,INR,SUCCESS,Credit Card
TXN2025001735,1760347753000,Shell,Fuel,1315.05,INR,SUCCESS,Credit Card
TXN2025001736,2026-05-15T15:41:26+05:30,BYJU'S,Education,21095.05,INR,SUCCESS,Credit Card
TXN2025001737,2026-05-02T22:40:46+05:30,YouTube Premium,Entertainment,2080.0,INR,SUCCESS,Netbanking
TXN2025001738,2025-10-13T16:14:58Z,Zomato,Food & Dining,871.0,INR,SUCCESS,UPI
TXN2025001739,2026-03-06T09:23:12Z,Unacademy,Education,30611.0,INR,SUCCESS,Debit Card
TXN2025001740,2026-05-06T17:18:23Z,JioMart,Groceries,4735.0,INR,SUCCESS,Debit Card
TXN2025001741,2025-09-25T01:47:32Z,Swiggy,Food & Dining,196.4,INR,SUCCESS,UPI
TXN2025001742,1761594296000,Myntra,,3451.66,INR,SUCCESS,Netbanking
TXN2025001743,2026-06-01T20:35:50Z,Flipkart,Shopping,9686.15,INR,SUCCESS,Debit Card
TXN2025001744,2025-11-01,1mg,Health,828.0,INR,SUCCESS,Netbanking
TXN2025001745,2026-07-11T22:24:59+05:30,Uber,Travel,3237.52,INR,SUCCESS,Netbanking
TXN2025001746,2026-03-24T16:07:10+05:30,BSES,Utilities,2154.0,INR,SUCCESS,Credit Card
TXN2025001747,2026-04-12T09:08:00Z,Coursera,Education,7823.02,INR,SUCCESS,UPI
TXN2025001748,2026-04-28T17:35:15Z,LIC Premium,Insurance,26108.95,INR,SUCCESS,Netbanking
TXN2025001749,2025-11-15T11:31:56+05:30,BYJU'S,Education,25719.93,INR,SUCCESS,Debit Card
TXN2025001750,2026-04-05T19:05:45Z,BigBasket,Groceries,5729.91,INR,SUCCESS,Debit Card
TXN2025001751,2025-12-05,Cult.fit,Health,6026.76,INR,SUCCESS,Debit Card
TXN2025001752,2025-10-01T23:48:16Z,Amazon,Shopping,11552.0,INR,SUCCESS,Credit Card
TXN2025001753,2026-02-01T05:08:36+05:30,Apollo Pharmacy,Health,543.27,INR,SUCCESS,UPI
TXN2025001754,2025-08-22T23:36:16+05:30,Jio,Utilities,2434.21,INR,FAILED,Netbanking
TXN2025001755,23/01/2026 18:24:53,Indian Oil,Fuel,3240.49,INR,SUCCESS,UPI
TXN2025001756,2026-05-19,Hotstar,Entertainment,181.0,INR,SUCCESS,UPI
TXN2025001757,2025-11-11T18:41:53Z,BYJU'S,Education,23948.29,INR,SUCCESS,UPI
TXN2025001758,2026-06-27,1mg,Health,3223.0,INR,FAILED,Credit Card
TXN2025001759,2026-01-16T06:23:11Z,Uber,Travel,861.08,INR,SUCCESS,UPI
TXN2025001760,2026-07-12T09:01:25Z,Jio,Utilities,1835.0,INR,FAILED,Debit Card
TXN2025001761,2026-04-24T09:59:43Z,Unacademy,Education,14486.57,INR,SUCCESS,Debit Card
TXN2025001762,2025-07-01,Zepto,Groceries,3053.0,INR,SUCCESS,Netbanking
TXN2025001763,1783491428000,IRCTC,Travel,8322.9,INR,SUCCESS,UPI
TXN2025001764,2025-07-23T02:24:30Z,Tata Power,Utilities,3145.23,INR,SUCCESS,UPI
TXN2025001765,2025-08-11T09:20:29Z,Practo,Health,3303.0,INR,SUCCESS,Debit Card
TXN2025001766,2025-08-09T08:32:11+05:30,LIC Premium,Insurance,8667.07,INR,SUCCESS,Netbanking
TXN2025001767,2025-08-29T11:11:14Z,Ola,Travel,945.75,INR,SUCCESS,UPI
TXN2025001768,2025-10-05T21:55:29Z,ACT Fibernet,Utilities,222.8,INR,SUCCESS,Netbanking
TXN2025001769,2026-06-12T06:20:42Z,Hotstar,Entertainment,1029.0,INR,SUCCESS,Debit Card
TXN2025001770,2025-12-18T09:36:04Z,Flipkart,Shopping,17812.37,INR,SUCCESS,Credit Card
TXN2025001771,09/06/2026 03:31:39,Netflix,Entertainment,1905.0,INR,PENDING,Credit Card
TXN2025001772,2025-11-30T23:56:07Z,Myntra,Shopping,3695.0,INR,PENDING,Debit Card
TXN2025001773,03/01/2026 03:21:10,Domino's,Food & Dining,245.0,INR,SUCCESS,Debit Card
TXN2025001774,07/05/2026 14:51:48,Myntra,Shopping,7782.33,INR,SUCCESS,Credit Card
TXN2025001775,2025-12-03T07:06:52+05:30,DMart,Groceries,4581.21,INR,SUCCESS,Netbanking
TXN2025001776,2025-07-08T23:39:10Z,Ajio,Shopping,2286.0,INR,SUCCESS,Credit Card
TXN2025001777,2025-09-30T14:53:08Z,Netflix,Entertainment,1324.5,INR,SUCCESS,Debit Card
TXN2025001778,2025-12-16T16:14:06+05:30,Jio,Utilities,3422.25,INR,SUCCESS,Debit Card
TXN2025001779,1759621219000,Blinkit,Groceries,3069.8,INR,SUCCESS,Credit Card
TXN2025001780,2026-04-24T12:55:09Z,LIC Premium,Insurance,21182.0,INR,SUCCESS,Debit Card
TXN2025001781,2025-09-16T01:20:17+05:30,upGrad,Education,14356.38,INR,PENDING,UPI
TXN2025001782,1757638880000,upGrad,Education,40444.39,INR,FAILED,Credit Card
TXN2025001783,2025-10-15T03:04:31Z,MakeMyTrip,Travel,1260.06,INR,SUCCESS,Credit Card
TXN2025001784,2026-06-01T10:49:37Z,Jio,Utilities,258.0,INR,SUCCESS,Netbanking
TXN2025001785,2025-09-28T15:33:43Z,YouTube Premium,Entertainment,1383.21,INR,SUCCESS,Debit Card
TXN2025001786,2026-03-07T19:49:58Z,Jio,Utilities,1781.34,INR,SUCCESS,Debit Card
TXN2025001787,14/11/2025 07:47:08,Myntra,Shopping,5102.0,INR,PENDING,Netbanking
TXN2025001788,2025-07-16T15:36:51Z,IndiGo,Travel,3014.0,INR,SUCCESS,UPI
TXN2025001789,2025-12-31T02:24:03Z,Coursera,Education,41216.0,INR,SUCCESS,UPI
TXN2025001790,2025-11-18T23:19:22Z,Jio,Utilities,809.97,INR,SUCCESS,Debit Card
TXN2025001791,2026-01-31,Myntra,Shopping,2060.0,INR,FAILED,Credit Card
TXN2025001792,2026-04-15,JioMart,Groceries,2355.24,INR,SUCCESS,Debit Card
TXN2025001793,2025-11-26T22:05:58Z,IndiGo,Travel,5922.0,INR,SUCCESS,UPI
TXN2025001794,1752685238000,Ajio,Shopping,11461.71,INR,SUCCESS,Credit Card
TXN2025001795,2025-07-30T01:55:42+05:30,Ola,Travel,6401.01,INR,SUCCESS,Debit Card
TXN2025001796,2025-09-17T10:46:05+05:30,Zepto,Groceries,4434.5,INR,SUCCESS,Credit Card
TXN2025001797,2026-04-03T03:07:18Z,Domino's,Food & Dining,219.71,INR,SUCCESS,Debit Card
TXN2025001798,2026-06-19T17:43:46+05:30,Spotify,Entertainment,1203.38,INR,SUCCESS,UPI
TXN2025001799,2026-01-12T10:54:12Z,BSES,Utilities,1582.71,INR,FAILED,Credit Card
TXN2025001800,2025-10-21T06:17:34Z,1mg,Health,2027.92,INR,PENDING,UPI
TXN2025001801,09/01/2026 05:58:32,upGrad,Education,11269.5,INR,SUCCESS,UPI
TXN2025001802,2026-02-04,Croma,Shopping,8076.2,INR,SUCCESS,Netbanking
TXN2025001803,2025-07-02T04:03:34Z,Hotstar,Entertainment,1576.0,INR,SUCCESS,Credit Card
TXN2025001804,2026-05-04T01:21:46+05:30,PharmEasy,Health,4922.54,INR,SUCCESS,Netbanking
TXN2025001805,2025-10-26T14:29:15Z,Indian Oil,Fuel,3331.02,INR,SUCCESS,Debit Card
TXN2025001806,2025-09-25T17:40:25Z,BYJU'S,Education,15499.0,INR,SUCCESS,Credit Card
TXN2025001807,2026-06-08T22:16:19Z,Blinkit,Groceries,522.0,INR,SUCCESS,Credit Card
TXN2025001808,2025-10-05T11:25:24Z,BigBasket,Groceries,5278.0,INR,FAILED,UPI
TXN2025001809,2026-07-13T08:14:03Z,Swiggy,Food & Dining,625.94,INR,SUCCESS,Debit Card
TXN2025001810,11/10/2025 13:00:51,Amazon,Shopping,17054.45,INR,SUCCESS,Credit Card
TXN2025001811,1753229641000,YouTube Premium,Entertainment,2260.0,INR,FAILED,UPI
TXN2025001812,2025-09-07T09:47:30Z,Netflix,Entertainment,664.53,INR,SUCCESS,UPI
TXN2025001813,2026-06-30,Shell,Fuel,3129.27,INR,SUCCESS,UPI
TXN2025001814,2026-03-11T16:35:17Z,LIC Premium,Insurance,30212.14,INR,SUCCESS,Credit Card
TXN2025001815,1770825598000,Airtel,Utilities,928.0,INR,SUCCESS,Netbanking
TXN2025001816,2025-12-16T06:46:27Z,Nykaa,Shopping,8222.89,INR,SUCCESS,Credit Card
TXN2025001817,2025-09-10T15:05:10Z,BSES,Utilities,509.0,INR,SUCCESS,Credit Card
TXN2025001818,2026-03-09T06:14:11Z,Apollo Pharmacy,Health,3510.05,INR,PENDING,UPI
TXN2025001819,01/12/2025 02:11:07,Zepto,Groceries,1228.0,INR,SUCCESS,Credit Card
TXN2025001820,1766576277000,McDonald's,Food & Dining,231.95,INR,SUCCESS,Netbanking
TXN2025001821,2026-04-18T05:08:48Z,Flipkart,Shopping,13134.0,INR,SUCCESS,UPI
TXN2025001822,2025-07-06,BookMyShow,Entertainment,1051.0,INR,SUCCESS,UPI
TXN2025001823,1756094256000,Ajio,Shopping,4733.0,INR,SUCCESS,UPI
TXN2025001824,2026-04-12T15:44:34Z,Swiggy,Food & Dining,866.0,INR,SUCCESS,UPI
TXN2025001825,2026-06-12T13:40:49+05:30,Ola,Travel,1425.22,INR,SUCCESS,Credit Card
TXN2025001826,2025-07-22T16:47:50+05:30,Zepto,Groceries,-2191.0,INR,SUCCESS,Debit Card
TXN2025001827,2025-07-18T01:30:39Z,Cult.fit,Health,3873.0,INR,SUCCESS,Debit Card
TXN2025001828,2025-08-24T20:29:53Z,Flipkart,Shopping,9378.72,INR,SUCCESS,Credit Card
TXN2025001829,1763163313000,Zomato,Food & Dining,296.81,INR,SUCCESS,Debit Card
TXN2025001830,24/03/2026 17:07:32,MakeMyTrip,Travel,8310.88,INR,SUCCESS,UPI
TXN2025001831,2025-08-09T06:45:02Z,ACT Fibernet,Utilities,759.0,INR,PENDING,Debit Card
TXN2025001832,2026-06-24T08:27:44Z,McDonald's,Food & Dining,600.0,INR,SUCCESS,UPI
TXN2025001833,1762543702000,1mg,Health,1185.06,INR,FAILED,Credit Card
TXN2025001834,2026-03-24T15:18:07Z,Unacademy,Education,23962.63,INR,SUCCESS,Debit Card
TXN2025001835,1768060276000,Netflix,Entertainment,2207.0,INR,SUCCESS,Debit Card
TXN2025001836,2025-07-30T10:18:54Z,Rapido,Travel,7334.33,INR,SUCCESS,Credit Card
TXN2025001837,21/12/2025 11:30:10,Udemy,Education,-8914.0,INR,SUCCESS,Netbanking
TXN2025001838,2026-04-08T23:54:25Z,McDonald's,,208.27,INR,SUCCESS,Credit Card
TXN2025001839,2026-04-24T20:26:54Z,Amazon,Shopping,6051.0,INR,FAILED,Debit Card
TXN2025001840,2026-07-13T14:06:31Z,DMart,Groceries,3116.98,INR,SUCCESS,Debit Card
TXN2025001841,2025-10-04T06:31:47Z,Ajio,Shopping,14507.79,INR,SUCCESS,Netbanking
TXN2025001842,2026-01-23T19:01:17+05:30,BPCL,Fuel,2488.41,INR,SUCCESS,Credit Card
TXN2025001843,2026-01-21T15:29:31+05:30,BookMyShow,Entertainment,345.59,INR,SUCCESS,Credit Card
TXN2025001844,2025-09-17T17:12:13Z,upGrad,Education,5710.6,INR,FAILED,Debit Card
TXN2025001845,2025-08-12T13:13:52Z,BPCL,Fuel,2395.0,INR,SUCCESS,Debit Card
TXN2025001846,2026-05-14T20:13:50Z,Spotify,,2144.41,INR,SUCCESS,Debit Card
TXN2025001847,2026-07-13T04:30:54Z,Tata Power,Utilities,675.66,INR,FAILED,Credit Card
TXN2025001848,2025-08-23T06:54:04Z,IRCTC,Travel,7484.0,INR,FAILED,Credit Card
TXN2025001849,2025-12-12T17:04:20Z,BookMyShow,Entertainment,1872.47,INR,SUCCESS,UPI
TXN2025001850,1767307844000,upGrad,Education,6723.64,INR,SUCCESS,Credit Card
TXN2025001851,2025-10-03T22:29:32Z,Zomato,Food & Dining,234.0,INR,SUCCESS,UPI
TXN2025001852,2026-04-24T00:42:36Z,Apollo Pharmacy,Health,5842.82,INR,SUCCESS,Netbanking
TXN2025001853,2026-07-04T05:38:16Z,HDFC Ergo,Insurance,6894.33,INR,SUCCESS,Netbanking
TXN2025001854,08/03/2026 10:24:39,YouTube Premium,Entertainment,1847.73,INR,SUCCESS,UPI
TXN2025001855,2026-03-07T06:36:28Z,Blinkit,Groceries,934.0,INR,SUCCESS,Credit Card
TXN2025001856,12/12/2025 12:25:54,Indian Oil,Fuel,1141.4,INR,SUCCESS,Netbanking
TXN2025001857,2026-02-08T04:02:00+05:30,BPCL,Fuel,3345.0,INR,SUCCESS,Debit Card
TXN2025001858,2025-10-14T08:07:00Z,BYJU'S,Education,13274.23,INR,SUCCESS,Netbanking
TXN2025001859,2025-07-22T12:25:41Z,Ajio,Shopping,13466.33,INR,SUCCESS,Netbanking
TXN2025001860,2026-02-20T18:17:09Z,Uber,Travel,7438.04,INR,SUCCESS,Netbanking
TXN2025001861,2026-05-18T01:03:47Z,BSES,Utilities,1233.53,INR,SUCCESS,Credit Card
TXN2025001862,2025-09-14T09:31:14Z,Starbucks,Food & Dining,746.6,INR,SUCCESS,UPI
TXN2025001863,2026-05-25T13:28:13Z,Flipkart,Shopping,1723.32,INR,SUCCESS,UPI
TXN2025001864,2025-07-26T03:19:07Z,IndiGo,Travel,2683.42,INR,SUCCESS,UPI
TXN2025001865,1758076998000,Policybazaar,Insurance,36522.0,INR,SUCCESS,UPI
TXN2025001866,2026-02-05T02:47:16Z,IndiGo,Travel,2568.68,INR,SUCCESS,Netbanking
TXN2025001867,2025-10-28T14:54:20Z,Domino's,Food & Dining,157.0,INR,SUCCESS,Debit Card
TXN2025001868,2025-09-14T10:56:52Z,Policybazaar,Insurance,12372.48,INR,SUCCESS,Netbanking
TXN2025001869,2026-03-19T19:01:59Z,LIC Premium,Insurance,15199.0,INR,SUCCESS,Debit Card
TXN2025001870,2026-01-12,YouTube Premium,Entertainment,2256.7,INR,SUCCESS,Credit Card
TXN2025001871,2026-02-13T11:45:16Z,Zomato,Food & Dining,578.0,INR,SUCCESS,Debit Card
TXN2025001872,1781010713000,Croma,Shopping,3024.64,INR,SUCCESS,UPI
TXN2025001873,1774174194000,BYJU'S,Education,13504.0,INR,SUCCESS,Credit Card
TXN2025001874,2026-01-17,BYJU'S,Education,9695.7,INR,FAILED,Debit Card
TXN2025001875,1763398410000,Airtel,Utilities,2791.0,INR,SUCCESS,Netbanking
TXN2025001876,2025-11-28T07:30:47Z,Domino's,Food & Dining,814.73,INR,PENDING,Credit Card
TXN2025001877,1770330236000,Practo,Health,4307.11,INR,SUCCESS,Netbanking
TXN2025001878,2026-06-03T19:45:06Z,Flipkart,Shopping,14553.0,INR,SUCCESS,UPI
TXN2025001879,2026-06-28T12:31:57Z,ACT Fibernet,Utilities,510.0,INR,FAILED,Credit Card
TXN2025001880,2025-08-04T10:10:36Z,McDonald's,Food & Dining,338.49,INR,SUCCESS,Credit Card
TXN2025001881,2025-12-31T13:36:42Z,BYJU'S,Education,42684.0,INR,SUCCESS,Netbanking
TXN2025001882,2026-07-13T08:43:12+05:30,Udemy,Education,50904.61,INR,SUCCESS,Netbanking
TXN2025001883,1765033077000,Domino's,Food & Dining,403.0,INR,SUCCESS,Credit Card
TXN2025001884,2026-07-05T12:12:07Z,Airtel,Utilities,1410.22,INR,SUCCESS,Debit Card
TXN2025001885,11/10/2025 01:43:45,Amazon,Shopping,12390.85,INR,PENDING,UPI
TXN2025001886,2026-05-03T19:20:19Z,Practo,Health,6845.0,INR,FAILED,UPI
TXN2025001887,2025-08-31T10:35:05+05:30,Nykaa,Shopping,15406.0,INR,FAILED,Netbanking
TXN2025001888,2026-03-17T15:26:07Z,McDonald's,Food & Dining,293.98,INR,SUCCESS,Debit Card
TXN2025001889,2026-05-14T19:00:47+05:30,Tata Power,Utilities,1746.01,INR,SUCCESS,UPI
TXN2025001890,2026-07-08T10:08:12Z,Amazon,Shopping,3531.0,INR,SUCCESS,Netbanking
TXN2025001891,1762798027000,Ola,Travel,3733.0,INR,SUCCESS,Netbanking
TXN2025001892,2025-10-17T02:38:37+05:30,IRCTC,Travel,6380.16,INR,SUCCESS,UPI
TXN2025001893,2026-03-06T09:44:57Z,Shell,,1122.96,INR,SUCCESS,Debit Card
TXN2025001894,2025-11-25T11:00:41Z,Apollo Pharmacy,Health,364.56,INR,SUCCESS,Debit Card
TXN2025001895,2025-09-20T21:45:23Z,Jio,Utilities,3429.0,INR,FAILED,Netbanking
TXN2025001896,2025-08-24T19:35:34Z,BigBasket,Groceries,1736.0,INR,FAILED,Debit Card
TXN2025001897,2025-12-23T02:02:52Z,Hotstar,Entertainment,341.1,INR,SUCCESS,Credit Card
TXN2025001898,2025-07-21T15:24:51Z,Coursera,Education,49225.0,INR,FAILED,Netbanking
TXN2025001899,2025-09-15T21:38:08Z,JioMart,Groceries,5791.0,INR,SUCCESS,Netbanking
TXN2025001900,01/09/2025 09:43:53,BSES,Utilities,1769.15,INR,SUCCESS,Netbanking
TXN2025001901,2026-05-16T09:33:44Z,Netflix,,2294.52,INR,SUCCESS,Credit Card
TXN2025001902,2025-08-25T22:25:49Z,McDonald's,Food & Dining,683.72,INR,SUCCESS,Debit Card
TXN2025001903,2025-08-27T06:40:28+05:30,Swiggy,Food & Dining,237.39,INR,SUCCESS,Debit Card
TXN2025001904,2025-10-11T01:29:55+05:30,Myntra,Shopping,14329.1,INR,SUCCESS,UPI
TXN2025001905,2026-03-04T08:02:23+05:30,Airtel,Utilities,3312.97,INR,SUCCESS,UPI
TXN2025001906,11/12/2025 04:19:30,Domino's,Food & Dining,290.53,INR,SUCCESS,Credit Card
TXN2025001907,2026-07-05T15:17:45Z,1mg,Health,2736.0,INR,SUCCESS,UPI
TXN2025001908,2026-06-13T23:55:46Z,Spotify,Entertainment,2062.0,INR,SUCCESS,UPI
TXN2025001909,2025-12-08T13:45:37Z,upGrad,Education,27952.55,INR,SUCCESS,Debit Card
TXN2025001910,2026-07-14,Netflix,Entertainment,2096.06,INR,SUCCESS,Debit Card
TXN2025001911,2025-11-22T16:14:39Z,Myntra,Shopping,16700.06,INR,SUCCESS,Credit Card
TXN2025001912,14/03/2026 03:58:11,Shell,Fuel,2243.0,INR,SUCCESS,Netbanking
TXN2025001913,2026-06-25T01:23:19Z,Cult.fit,Health,2090.25,INR,SUCCESS,UPI
TXN2025001914,2026-06-27T21:59:58Z,Flipkart,Shopping,1932.0,INR,SUCCESS,UPI
TXN2025001915,2026-01-28T07:47:11Z,ACT Fibernet,Utilities,2674.81,INR,SUCCESS,Netbanking
TXN2025001916,2025-10-21T08:36:19Z,Indian Oil,Fuel,2824.0,INR,SUCCESS,Credit Card
TXN2025001917,2025-08-14T05:43:39Z,MakeMyTrip,Travel,7036.55,INR,SUCCESS,Netbanking
TXN2025001918,2025-12-27T22:48:02Z,Myntra,Shopping,6538.33,INR,SUCCESS,Netbanking
TXN2025001919,2026-01-13T21:18:34Z,Swiggy,Food & Dining,852.9,INR,SUCCESS,Debit Card
TXN2025001920,2026-05-05T13:43:30Z,Coursera,Education,15282.21,INR,FAILED,Credit Card
TXN2025001921,2025-07-06T19:15:02Z,Swiggy,Food & Dining,822.15,INR,SUCCESS,Credit Card
TXN2025001922,1776180269000,Spotify,Entertainment,-2125.65,INR,SUCCESS,Debit Card
TXN2025001923,2025-12-14T18:34:26Z,JioMart,Groceries,1271.34,INR,SUCCESS,Netbanking
TXN2025001924,2025-07-21T00:46:10+05:30,Ola,Travel,5623.16,INR,FAILED,Netbanking
TXN2025001925,2026-04-09T13:00:08Z,Ajio,Shopping,16930.26,INR,SUCCESS,Netbanking
TXN2025001926,08/08/2025 16:08:00,DMart,Groceries,3248.48,INR,SUCCESS,Credit Card
TXN2025001927,2025-11-30,Indian Oil,Fuel,973.49,INR,SUCCESS,Debit Card
TXN2025001928,2025-08-05T23:41:39Z,BPCL,Fuel,1136.0,INR,SUCCESS,UPI
TXN2025001929,2025-08-29T05:00:59Z,Jio,Utilities,238.08,INR,SUCCESS,UPI
TXN2025001930,2025-08-20T16:47:44+05:30,Apollo Pharmacy,Health,2769.47,INR,SUCCESS,Debit Card
TXN2025001931,2025-10-24T02:01:06Z,Uber,Travel,2309.55,INR,SUCCESS,Credit Card
TXN2025001932,2026-04-25T23:04:12Z,LIC Premium,Insurance,31531.11,INR,PENDING,UPI
TXN2025001933,1752084677000,BigBasket,Groceries,-772.0,INR,SUCCESS,UPI
TXN2025001934,2025-08-11T08:31:36Z,Myntra,Shopping,8453.6,INR,SUCCESS,Debit Card
TXN2025001935,2026-01-08T17:11:51Z,Rapido,Travel,8072.0,INR,SUCCESS,Credit Card
TXN2025001936,2025-12-08T10:53:02Z,Hotstar,Entertainment,385.68,INR,SUCCESS,Netbanking
TXN2025001937,2025-11-23T12:07:27Z,Cult.fit,Health,672.74,INR,SUCCESS,Netbanking
TXN2025001938,1757303607000,Croma,,3523.0,INR,SUCCESS,UPI
TXN2025001939,1767545558000,Myntra,Shopping,17574.92,INR,SUCCESS,UPI
TXN2025001940,2025-08-16T23:50:04Z,Croma,Shopping,9558.0,INR,SUCCESS,UPI
TXN2025001941,2025-08-28T22:28:04Z,Shell,Fuel,592.15,INR,FAILED,Debit Card
TXN2025001942,2025-08-23T14:01:10Z,Myntra,Shopping,16209.0,INR,SUCCESS,UPI
TXN2025001943,2025-10-15T06:45:23+05:30,LIC Premium,Insurance,28126.0,INR,SUCCESS,Credit Card
TXN2025001944,2025-10-23T07:16:09+05:30,Amazon,Shopping,6501.97,INR,SUCCESS,Netbanking
TXN2025001945,2025-09-13T17:53:45Z,Jio,Utilities,1891.77,INR,SUCCESS,Credit Card
TXN2025001946,2025-10-17T22:22:52Z,Ola,Travel,6246.11,INR,SUCCESS,UPI
TXN2025001947,2025-09-03T02:29:56Z,PharmEasy,Health,-5583.1,INR,SUCCESS,Netbanking
TXN2025001948,2026-04-16T21:47:00Z,Jio,Utilities,3113.43,INR,PENDING,Debit Card
TXN2025001949,2025-09-16T13:31:57+05:30,Practo,Health,886.78,INR,SUCCESS,Debit Card
TXN2025001950,2025-12-22T07:14:35Z,Spotify,Entertainment,2259.95,INR,SUCCESS,UPI
TXN2025001951,1771571120000,Indian Oil,Fuel,1512.25,INR,SUCCESS,Debit Card
TXN2025001952,2025-11-03T02:06:23Z,Hotstar,Entertainment,219.0,INR,SUCCESS,Credit Card
TXN2025001953,2025-11-22T02:37:30Z,Netflix,Entertainment,725.0,INR,SUCCESS,Credit Card
TXN2025001954,05/07/2025 05:36:17,DMart,Groceries,997.0,INR,SUCCESS,Debit Card
TXN2025001955,2026-06-14T19:24:03Z,IRCTC,Travel,4295.31,INR,SUCCESS,UPI
TXN2025001956,2025-09-23T05:24:21Z,BookMyShow,Entertainment,815.0,INR,SUCCESS,Debit Card
TXN2025001957,30/05/2026 22:58:00,BYJU'S,Education,33826.44,INR,SUCCESS,UPI
TXN2025001958,2026-04-20T16:18:21+05:30,Apollo Pharmacy,Health,6264.75,INR,SUCCESS,Debit Card
TXN2025001959,2026-01-08T19:48:03+05:30,DMart,Groceries,-1429.0,INR,SUCCESS,UPI
TXN2025001960,1757050696000,BigBasket,Groceries,2701.0,INR,SUCCESS,Debit Card
TXN2025001961,2025-10-19T11:14:11Z,PharmEasy,Health,2772.57,INR,PENDING,UPI
TXN2025001962,2025-12-04T04:58:07Z,Tata Power,Utilities,1138.41,INR,SUCCESS,UPI
TXN2025001963,2025-08-06T17:04:51Z,JioMart,Groceries,3975.0,INR,SUCCESS,Debit Card
TXN2025001964,2025-07-31T23:29:03+05:30,BigBasket,Groceries,2107.0,INR,SUCCESS,Debit Card
TXN2025001965,2026-03-28T11:26:56+05:30,ACT Fibernet,Utilities,2220.66,INR,SUCCESS,Netbanking
TXN2025001966,1763854406000,Udemy,Education,53226.0,INR,SUCCESS,UPI
TXN2025001967,2025-08-23T15:35:54Z,Zomato,Food & Dining,294.73,INR,SUCCESS,Debit Card
TXN2025001968,2025-08-03T22:52:31Z,upGrad,Education,40109.0,INR,SUCCESS,Debit Card
TXN2025001969,2026-06-02T20:59:06Z,Shell,Fuel,4458.26,INR,SUCCESS,Debit Card
TXN2025001970,2025-07-29T21:56:37Z,Domino's,Food & Dining,206.43,INR,SUCCESS,Debit Card
TXN2025001971,13/10/2025 19:45:45,upGrad,Education,34088.15,INR,SUCCESS,Credit Card
TXN2025001972,2025-11-01T18:53:46Z,Ajio,Shopping,10647.0,INR,SUCCESS,Netbanking
TXN2025001973,2026-01-21T15:59:06Z,Cult.fit,Health,3210.0,INR,SUCCESS,Netbanking
TXN2025001974,2026-04-27,Coursera,Education,27465.0,INR,SUCCESS,Netbanking
TXN2025001975,2026-04-03T01:03:18Z,MakeMyTrip,Travel,1007.83,INR,SUCCESS,Debit Card
TXN2025001976,2026-03-09,BPCL,Fuel,3842.0,INR,SUCCESS,Credit Card
TXN2025001977,2025-07-24T04:13:42Z,upGrad,Education,5211.98,INR,SUCCESS,UPI
TXN2025001978,2025-09-11T23:31:02+05:30,Coursera,Education,12670.53,INR,SUCCESS,UPI
TXN2025001979,2026-01-21T22:00:16+05:30,JioMart,Groceries,1489.37,INR,SUCCESS,Debit Card
TXN2025001980,2026-03-12T06:14:21Z,Policybazaar,Insurance,37858.68,INR,SUCCESS,UPI
TXN2025001981,2026-07-14T16:15:41+05:30,Ajio,Shopping,4211.55,INR,SUCCESS,Credit Card
TXN2025001982,02/09/2025 18:25:14,Hotstar,Entertainment,590.0,INR,SUCCESS,Debit Card
TXN2025001983,2026-06-06T01:14:27Z,Apollo Pharmacy,Health,4591.0,INR,SUCCESS,UPI
TXN2025001984,2025-10-12T08:51:08Z,IndiGo,Travel,345.97,INR,SUCCESS,Netbanking
TXN2025001985,2025-08-15T22:52:48+05:30,Coursera,Education,29667.34,INR,SUCCESS,UPI
TXN2025001986,2026-01-12T00:45:13+05:30,Netflix,Entertainment,1163.0,INR,SUCCESS,Debit Card
TXN2025001987,1752956876000,Starbucks,Food & Dining,464.25,INR,SUCCESS,Netbanking
TXN2025001988,2025-09-12T08:17:54Z,LIC Premium,Insurance,37228.0,INR,SUCCESS,Credit Card
TXN2025001989,2026-01-18T09:52:27+05:30,1mg,Health,2040.09,INR,FAILED,UPI
TXN2025001990,2025-08-12T21:52:00Z,Unacademy,Education,3692.0,INR,success,UPI
TXN2025001991,2025-10-01T11:58:15Z,Starbucks,Food & Dining,818.15,INR,SUCCESS,UPI
TXN2025001992,2026-04-04T18:27:24Z,BigBasket,Groceries,1590.85,INR,SUCCESS,Netbanking
TXN2025001993,07/06/2026 13:47:31,Hotstar,Entertainment,387.17,INR,SUCCESS,Debit Card
TXN2025001994,1762972831000,ACT Fibernet,Utilities,878.83,INR,SUCCESS,Debit Card
TXN2025001995,2025-08-06T08:54:15Z,BYJU'S,Education,33200.52,INR,SUCCESS,Netbanking
TXN2025001996,2025-10-01T10:35:41Z,HDFC Ergo,Insurance,13254.98,INR,SUCCESS,Debit Card
TXN2025001997,2026-06-15T11:23:20+05:30,Unacademy,Education,4749.0,INR,SUCCESS,Credit Card
TXN2025001998,2025-07-08T20:37:13Z,Swiggy,Food & Dining,639.5,INR,SUCCESS,Debit Card
TXN2025001999,1751634814000,McDonald's,Food & Dining,253.17,INR,SUCCESS,Debit Card
TXN2025002000,2025-10-05T02:57:51+05:30,BSES,Utilities,2124.42,INR,SUCCESS,UPI
TXN2025002001,2025-10-21T15:38:03Z,Domino's,Food & Dining,758.76,INR,SUCCESS,Credit Card
TXN2025002002,2025-10-27,Policybazaar,Insurance,7143.0,INR,SUCCESS,Debit Card
TXN2025002003,2026-01-28T16:55:59Z,Airtel,Utilities,1819.18,INR,SUCCESS,Netbanking
TXN2025002004,2025-11-14T17:12:57Z,Rapido,Travel,3405.0,INR,SUCCESS,Debit Card
TXN2025002005,1781579895000,HP Petrol,Fuel,3598.11,INR,SUCCESS,Netbanking
TXN2025002006,2026-03-06T05:52:16Z,Myntra,Shopping,5114.4,INR,SUCCESS,Credit Card
TXN2025002007,2025-08-24T18:36:59Z,YouTube Premium,Entertainment,2162.08,INR,SUCCESS,Netbanking
TXN2025002008,2026-07-13T23:43:32+05:30,Zomato,Food & Dining,310.61,INR,SUCCESS,Debit Card
TXN2025002009,2026-07-06T14:00:55Z,IRCTC,Travel,6750.0,INR,SUCCESS,UPI
TXN2025002010,2026-06-15T05:21:02+05:30,BigBasket,Groceries,5299.72,INR,SUCCESS,Credit Card
TXN2025002011,2025-11-06T09:28:02Z,Rapido,Travel,8210.0,INR,SUCCESS,Netbanking
TXN2025002012,18/01/2026 23:28:32,BigBasket,Groceries,2063.0,INR,SUCCESS,Debit Card
TXN2025002013,2026-02-05T20:10:35Z,Practo,Health,992.28,INR,SUCCESS,Debit Card
TXN2025002014,2026-03-24T00:04:19Z,Myntra,Shopping,17461.14,INR,SUCCESS,Netbanking
TXN2025002015,2026-02-28T06:11:31+05:30,Unacademy,Education,9111.45,INR,SUCCESS,Credit Card
TXN2025002016,2025-10-23T05:33:08Z,Zepto,Groceries,3074.0,INR,SUCCESS,Netbanking
TXN2025002017,2025-08-17T17:00:17Z,Domino's,Food & Dining,289.51,INR,SUCCESS,Netbanking
TXN2025002018,2026-05-20T16:58:09Z,Zepto,Groceries,329.01,INR,SUCCESS,UPI
TXN2025002019,2026-05-01T23:11:03+05:30,Rapido,Travel,1411.93,INR,PENDING,Credit Card
TXN2025002020,2026-04-11T11:03:01Z,Amazon,Shopping,12937.0,INR,SUCCESS,Netbanking
TXN2025002021,2025-07-13T11:32:08+05:30,PharmEasy,Health,6440.0,INR,SUCCESS,Debit Card
TXN2025002022,2025-12-11T21:04:31Z,IndiGo,Travel,7343.04,INR,SUCCESS,UPI
TXN2025002023,2025-09-06T07:17:29+05:30,Rapido,Travel,8297.71,INR,SUCCESS,Netbanking
TXN2025002024,24/08/2025 01:13:03,Unacademy,Education,48300.23,INR,SUCCESS,Credit Card
TXN2025002025,2025-10-25T16:36:13Z,Rapido,Travel,1394.08,INR,SUCCESS,UPI
TXN2025002026,2026-01-28T18:00:38Z,Zepto,Groceries,3529.99,INR,SUCCESS,Netbanking
TXN2025002027,2026-03-27T08:17:31Z,Jio,Utilities,516.94,INR,SUCCESS,Debit Card
TXN2025002028,2026-07-09T03:50:05Z,Tata Power,Utilities,1368.84,INR,SUCCESS,Netbanking
TXN2025002029,2026-04-24T13:18:41Z,Zomato,,831.0,INR,SUCCESS,UPI
TXN2025002030,2026-05-02T06:26:32Z,Policybazaar,Insurance,6912.55,INR,PENDING,Debit Card
TXN2025002031,2026-06-06T16:14:16Z,Ajio,Shopping,11308.7,INR,SUCCESS,UPI
TXN2025002032,2026-03-18T00:05:28Z,Policybazaar,Insurance,34036.0,INR,SUCCESS,Netbanking
TXN2025002033,2025-07-21T21:02:37Z,Policybazaar,Insurance,35184.07,INR,SUCCESS,UPI
TXN2025002034,1762498047000,BigBasket,Groceries,5030.4,INR,SUCCESS,UPI
TXN2025002035,2026-06-01T10:29:29Z,Blinkit,Groceries,3523.03,INR,SUCCESS,UPI
TXN2025002036,2026-04-05T04:58:16Z,HDFC Ergo,Insurance,24007.77,INR,SUCCESS,Credit Card
TXN2025002037,2026-01-09T03:04:26Z,HP Petrol,Fuel,1076.61,INR,SUCCESS,Credit Card
TXN2025002038,2026-03-01T18:06:58Z,Unacademy,Education,35541.0,INR,FAILED,UPI
TXN2025002039,2025-07-26T20:18:33Z,ACT Fibernet,Utilities,2258.0,INR,SUCCESS,Credit Card
TXN2025002040,2025-10-04T18:37:39Z,1mg,,6177.31,INR,SUCCESS,UPI
TXN2025002041,2025-11-29T12:13:02Z,BSES,,-281.37,INR,SUCCESS,UPI
TXN2025002042,2026-05-15T07:58:46Z,Zepto,Groceries,2605.98,INR,SUCCESS,Debit Card
TXN2025002043,2026-02-25T10:50:03Z,Practo,Health,4817.05,INR,SUCCESS,Netbanking
TXN2025002044,2026-05-14,Nykaa,Shopping,11578.0,INR,SUCCESS,Credit Card
TXN2025002045,2025-09-16T19:24:25+05:30,Croma,,9378.24,INR,SUCCESS,Netbanking
TXN2025002046,2026-02-14T15:40:34+05:30,Blinkit,Groceries,1949.0,INR,SUCCESS,Debit Card
TXN2025002047,2026-05-07T09:41:26Z,Coursera,Education,15859.07,INR,SUCCESS,Netbanking
TXN2025002048,2025-10-19T01:41:11+05:30,YouTube Premium,Entertainment,2061.0,INR,SUCCESS,UPI
TXN2025002049,1752451853000,Apollo Pharmacy,Health,2817.59,INR,SUCCESS,Netbanking
TXN2025002050,2025-08-24T02:24:10+05:30,Domino's,Food & Dining,828.32,INR,SUCCESS,Netbanking
TXN2025002051,2026-01-11T10:17:16+05:30,BigBasket,Groceries,351.0,INR,PENDING,Credit Card
TXN2025002052,2026-01-16T00:25:38Z,Netflix,Entertainment,2270.9,INR,PENDING,Credit Card
TXN2025002053,2026-02-04T11:25:03Z,Udemy,Education,9174.9,INR,SUCCESS,Netbanking
TXN2025002054,2026-05-01,BYJU'S,Education,47367.0,INR,SUCCESS,Debit Card
TXN2025002055,2026-01-04T15:19:37Z,Hotstar,Entertainment,309.36,INR,SUCCESS,Netbanking
TXN2025002056,2026-06-26T04:06:31+05:30,1mg,Health,4663.96,INR,SUCCESS,Debit Card
TXN2025002057,2026-02-11T07:14:48Z,Ajio,Shopping,12665.62,INR,PENDING,Netbanking
TXN2025002058,2025-08-31T14:09:43Z,McDonald's,Food & Dining,155.04,INR,PENDING,UPI
TXN2025002059,2026-01-01T18:59:27Z,Coursera,Education,6735.01,INR,SUCCESS,Credit Card
TXN2025002060,2026-06-07T19:44:07Z,LIC Premium,Insurance,32130.0,INR,SUCCESS,Netbanking
TXN2025008388,1753386113000,Policybazaar,Insurance,38972.81,INR,SUCCESS,Debit Card
TXN2025000508,2025-12-19,Myntra,Shopping,1010.43,INR,SUCCESS,Debit Card
TXN2025002063,2025-09-06T08:55:27Z,1mg,Health,4474.0,INR,SUCCESS,UPI
TXN2025002064,2026-03-05T12:57:33+05:30,upGrad,Education,25272.0,INR,SUCCESS,Credit Card
TXN2025002065,2025-10-19T21:02:45Z,Ola,Travel,2421.96,INR,SUCCESS,Credit Card
TXN2025002066,2026-05-10T19:52:16Z,HDFC Ergo,Insurance,7740.45,INR,SUCCESS,UPI
TXN2025002067,2025-08-07T03:12:21Z,PharmEasy,Health,316.06,INR,FAILED,UPI
TXN2025002068,2025-12-06T11:05:26+05:30,Ajio,Shopping,16116.59,INR,SUCCESS,UPI
TXN2025002069,2026-06-19,JioMart,,1356.23,INR,SUCCESS,Netbanking
TXN2025002070,2025-12-31T23:30:37+05:30,Ola,Travel,7525.15,INR,SUCCESS,Debit Card
TXN2025002071,2025-08-23T07:34:28Z,Netflix,Entertainment,1603.04,INR,SUCCESS,Netbanking
TXN2025002072,2026-02-06T19:23:06Z,Jio,Utilities,2264.05,INR,SUCCESS,Credit Card
TXN2025002073,2025-09-28T07:36:03Z,HP Petrol,Fuel,1692.0,INR,SUCCESS,Debit Card
TXN2025002074,2026-06-23T22:42:37Z,Zomato,Food & Dining,294.74,INR,PENDING,Netbanking
TXN2025002075,2025-08-31T01:53:23Z,BYJU'S,Education,20326.24,INR,SUCCESS,UPI
TXN2025002076,1782574523000,Shell,Fuel,2801.42,INR,SUCCESS,Debit Card
TXN2025002077,2026-06-12T02:45:23Z,Hotstar,Entertainment,1603.43,INR,SUCCESS,Netbanking
TXN2025002078,2025-12-11T10:17:08Z,Rapido,Travel,5948.0,INR,SUCCESS,Credit Card
TXN2025002079,2025-09-18T07:35:32+05:30,JioMart,Groceries,-5361.0,INR,SUCCESS,Debit Card
TXN2025002080,2025-09-30T12:06:41+05:30,Policybazaar,Insurance,27038.44,INR,SUCCESS,UPI
TXN2025002081,2026-04-24T02:10:08Z,Apollo Pharmacy,Health,-6344.62,INR,SUCCESS,Debit Card
TXN2025002082,2026-02-23T14:47:09Z,McDonald's,Food & Dining,860.93,INR,SUCCESS,Netbanking
TXN2025002083,2025-07-14T19:49:00+05:30,Ajio,Shopping,5124.0,INR,SUCCESS,Credit Card
TXN2025002084,2026-04-30T06:59:52Z,Udemy,Education,19913.27,INR,SUCCESS,UPI
TXN2025002085,2025-09-15T04:28:36+05:30,Starbucks,Food & Dining,140.56,INR,SUCCESS,Netbanking
TXN2025002086,2026-01-04T00:40:52Z,Unacademy,Education,37913.0,INR,SUCCESS,Netbanking
TXN2025002087,2025-12-13T18:22:38+05:30,BookMyShow,Entertainment,1783.98,INR,SUCCESS,Credit Card
TXN2025002088,2026-06-16T16:12:30Z,Myntra,,8079.87,INR,SUCCESS,Debit Card
TXN2025002089,2025-10-01T06:24:26Z,Ola,Travel,3219.51,INR,SUCCESS,UPI
TXN2025002090,2026-04-19T06:27:07+05:30,PharmEasy,Health,218.84,INR,SUCCESS,UPI
TXN2025002091,2025-07-22T20:41:38Z,Swiggy,Food & Dining,801.0,INR,SUCCESS,UPI
TXN2025002092,2025-10-30T18:21:55Z,Ajio,Shopping,8090.0,INR,FAILED,Credit Card
TXN2025002093,2026-03-13T03:36:58Z,Blinkit,Groceries,1039.38,INR,SUCCESS,UPI
TXN2025002094,09/01/2026 05:04:29,McDonald's,Food & Dining,315.16,INR,SUCCESS,Debit Card
TXN2025002095,2025-11-20,MakeMyTrip,Travel,4103.0,INR,SUCCESS,Debit Card
TXN2025002096,01/11/2025 19:58:50,Udemy,Education,14186.36,INR,SUCCESS,UPI
TXN2025002097,1783203816000,Starbucks,Food & Dining,390.38,INR,SUCCESS,Netbanking
TXN2025002098,2026-05-23T18:39:09+05:30,BigBasket,Groceries,747.14,INR,SUCCESS,Credit Card
TXN2025002099,22/11/2025 14:55:34,Zepto,Groceries,4528.0,INR,SUCCESS,Credit Card
TXN2025002100,2026-03-10,Domino's,Food & Dining,882.77,INR,SUCCESS,Netbanking
TXN2025002101,2025-10-13T17:51:55Z,Myntra,Shopping,725.76,INR,SUCCESS,Netbanking
TXN2025002102,1760672989000,Zepto,Groceries,5014.0,INR,SUCCESS,Netbanking
TXN2025002103,2025-12-20T05:03:50Z,ACT Fibernet,Utilities,262.2,INR,SUCCESS,Credit Card
TXN2025002104,2026-01-23T13:41:04Z,IRCTC,Travel,3538.08,INR,SUCCESS,Debit Card
TXN2025002105,1752180350000,Domino's,Food & Dining,-542.0,INR,SUCCESS,Debit Card
TXN2025002106,2026-04-20T20:36:08Z,Rapido,Travel,7330.14,INR,SUCCESS,Debit Card
TXN2025002107,2025-12-14,LIC Premium,Insurance,33425.72,INR,SUCCESS,UPI
TXN2025002108,28/06/2026 03:16:31,Flipkart,Shopping,10115.64,INR,SUCCESS,Debit Card
TXN2025002109,2026-02-06,Shell,Fuel,2354.01,INR,SUCCESS,Debit Card
TXN2025002110,2026-06-24T20:57:59Z,Croma,Shopping,17299.38,INR,SUCCESS,Credit Card
TXN2025002111,2025-10-15T08:01:35Z,Swiggy,Food & Dining,338.95,INR,FAILED,Credit Card
TXN2025002112,1752603609000,Shell,Fuel,1683.3,INR,SUCCESS,Debit Card
TXN2025002113,2026-03-11,Spotify,Entertainment,780.0,INR,SUCCESS,UPI
TXN2025002114,2026-05-21T10:34:58Z,Myntra,Shopping,5766.7,INR,SUCCESS,Credit Card
TXN2025002115,2025-12-28T22:01:52Z,Airtel,Utilities,1726.99,INR,SUCCESS,Debit Card
TXN2025002116,2025-12-06T11:01:46Z,BSES,,2304.55,INR,SUCCESS,UPI
TXN2025002117,2026-07-05T23:50:14Z,BigBasket,Groceries,5413.15,INR,SUCCESS,Netbanking
TXN2025002118,2025-10-09T19:05:44+05:30,Uber,Travel,2470.46,INR,SUCCESS,Credit Card
TXN2025002119,1772043137000,MakeMyTrip,Travel,5746.0,INR,SUCCESS,UPI
TXN2025002120,2026-03-23T19:27:21+05:30,MakeMyTrip,Travel,1207.0,INR,SUCCESS,Netbanking
TXN2025002121,2025-09-27T07:10:14Z,PharmEasy,Health,2323.74,INR,SUCCESS,Debit Card
TXN2025002122,2026-05-26T15:33:00Z,Rapido,Travel,341.84,INR,SUCCESS,UPI
TXN2025002123,2026-01-13T21:00:14+05:30,1mg,Health,1757.0,INR,SUCCESS,UPI
TXN2025002124,2026-02-07T06:41:43Z,Indian Oil,Fuel,809.0,INR,SUCCESS,Netbanking
TXN2025002125,2025-08-25T08:05:50Z,McDonald's,Food & Dining,620.67,INR,SUCCESS,Debit Card
TXN2025002126,1765003023000,1mg,Health,5548.0,INR,SUCCESS,Debit Card
TXN2025002127,2025-07-12T20:54:29Z,BSES,Utilities,3310.0,INR,SUCCESS,Debit Card
TXN2025002128,2026-02-15T09:08:20Z,Domino's,Food & Dining,-346.0,INR,SUCCESS,UPI
TXN2025002129,2026-04-04,1mg,Health,1598.0,INR,SUCCESS,Debit Card
TXN2025002130,13/03/2026 04:14:12,IRCTC,Travel,3533.79,INR,SUCCESS,Credit Card
TXN2025002131,2026-07-06T17:25:00Z,BookMyShow,Entertainment,1941.9,INR,PENDING,Credit Card
TXN2025002132,2026-01-29,Apollo Pharmacy,Health,3598.95,INR,SUCCESS,Netbanking
TXN2025002133,2026-01-21T17:32:46Z,Shell,Fuel,3432.18,INR,SUCCESS,Netbanking
TXN2025002134,2025-10-13T07:27:53Z,Coursera,Education,29319.72,INR,SUCCESS,Debit Card
TXN2025002135,2026-07-15T09:13:30Z,IndiGo,Travel,3092.42,INR,SUCCESS,Credit Card
TXN2025002136,2026-03-26T22:24:35Z,Tata Power,Utilities,1238.89,INR,FAILED,Netbanking
TXN2025002137,2025-07-31T17:15:55Z,LIC Premium,Insurance,38367.93,INR,SUCCESS,UPI
TXN2025002138,2025-12-22T03:11:06Z,Spotify,,1684.98,INR,SUCCESS,Credit Card
TXN2025002139,2026-06-25T12:18:26+05:30,Apollo Pharmacy,Health,5820.57,INR,SUCCESS,Credit Card
TXN2025002140,2026-02-20T22:35:40Z,YouTube Premium,Entertainment,1733.82,INR,SUCCESS,Debit Card
TXN2025002141,2025-12-11T12:12:53+05:30,JioMart,,2088.0,INR,SUCCESS,Credit Card
TXN2025002142,2025-09-15T16:57:54Z,Apollo Pharmacy,Health,3535.27,INR,SUCCESS,Netbanking
TXN2025002143,2026-04-24T07:03:58+05:30,Swiggy,Food & Dining,250.08,INR,SUCCESS,Netbanking
TXN2025002144,2026-05-20T20:07:30+05:30,HDFC Ergo,Insurance,5388.32,INR,PENDING,UPI
TXN2025002145,2026-01-16T23:11:19+05:30,upGrad,Education,10013.0,INR,SUCCESS,Netbanking
TXN2025002146,2026-02-02T01:33:51Z,Jio,Utilities,1369.41,INR,SUCCESS,Debit Card
TXN2025002147,1762603980000,Myntra,Shopping,6294.67,INR,SUCCESS,UPI
TXN2025002148,2025-11-15T20:26:41+05:30,LIC Premium,Insurance,3241.65,INR,SUCCESS,Netbanking
TXN2025002149,2025-10-21,Cult.fit,Health,3230.81,INR,SUCCESS,Netbanking
TXN2025002150,1777009408000,upGrad,Education,8267.0,INR,SUCCESS,UPI
TXN2025002151,21/11/2025 15:28:28,Nykaa,Shopping,16157.33,INR,SUCCESS,Netbanking
TXN2025002152,1775552390000,BookMyShow,Entertainment,902.0,INR,SUCCESS,Debit Card
TXN2025002153,2025-07-19T18:04:34+05:30,Flipkart,Shopping,4449.45,INR,SUCCESS,Netbanking
TXN2025002154,2025-09-08T01:27:21Z,Blinkit,Groceries,2139.0,INR,SUCCESS,UPI
TXN2025002155,2025-12-15T04:54:06+05:30,HDFC Ergo,Insurance,35471.79,INR,SUCCESS,Debit Card
TXN2025002156,2025-11-12T15:59:44Z,Apollo Pharmacy,Health,6175.0,INR,SUCCESS,Credit Card
TXN2025002157,2025-09-25T14:54:50Z,Myntra,Shopping,5430.43,INR,SUCCESS,Debit Card
TXN2025002158,2026-06-24T19:36:44Z,Rapido,Travel,8901.49,INR,SUCCESS,Debit Card
TXN2025002159,2026-01-14,Nykaa,Shopping,2043.98,INR,SUCCESS,Credit Card
TXN2025002160,2026-06-11T21:24:28+05:30,Zomato,Food & Dining,586.0,INR,SUCCESS,Credit Card
TXN2025002161,2025-11-21T06:52:03Z,Swiggy,Food & Dining,500.93,INR,SUCCESS,Debit Card
TXN2025002162,2025-08-19T00:04:14+05:30,Apollo Pharmacy,Health,3071.54,INR,SUCCESS,Debit Card
TXN2025002163,2025-08-16T13:55:38+05:30,Myntra,Shopping,12991.83,INR,SUCCESS,Netbanking
TXN2025002164,2025-10-17,ACT Fibernet,Utilities,1068.09,INR,FAILED,UPI
TXN2025002165,2025-09-25,Netflix,Entertainment,2038.36,INR,SUCCESS,UPI
TXN2025002166,1766523928000,DMart,Groceries,1193.0,INR,SUCCESS,UPI
TXN2025002167,2025-07-15T21:30:42+05:30,BYJU'S,Education,38148.32,INR,SUCCESS,UPI
TXN2025002168,2026-05-23T18:42:20+05:30,BYJU'S,Education,43886.0,INR,SUCCESS,UPI
TXN2025002169,2026-02-13T11:36:58Z,Cult.fit,Health,4446.0,INR,SUCCESS,Credit Card
TXN2025002170,2026-01-04T22:26:02Z,Unacademy,Education,11565.82,INR,PENDING,Netbanking
TXN2025002171,2025-08-04T10:51:10+05:30,Blinkit,Groceries,1051.21,INR,SUCCESS,Credit Card
TXN2025002172,2026-02-23T03:27:25Z,Swiggy,Food & Dining,458.77,INR,SUCCESS,Credit Card
TXN2025002173,1764068622000,Domino's,Food & Dining,446.0,INR,SUCCESS,Credit Card
TXN2025002174,2026-07-06T09:32:56Z,Cult.fit,Health,2538.62,INR,SUCCESS,Debit Card
TXN2025002175,1767757319000,MakeMyTrip,Travel,7900.34,INR,SUCCESS,Netbanking
TXN2025002176,2025-08-07T06:15:17Z,1mg,Health,2596.33,INR,SUCCESS,UPI
TXN2025002177,2025-12-21T10:27:13Z,Policybazaar,Insurance,30911.56,INR,SUCCESS,Credit Card
TXN2025002178,2026-07-07T04:00:24Z,Coursera,Education,23942.0,INR,SUCCESS,UPI
TXN2025002179,2026-04-27T11:14:12+05:30,Netflix,Entertainment,1787.57,INR,SUCCESS,Netbanking
TXN2025002180,2025-10-21T18:09:58Z,1mg,Health,2972.0,INR,SUCCESS,Credit Card
TXN2025002181,10/10/2025 14:20:15,YouTube Premium,Entertainment,291.95,INR,PENDING,Debit Card
TXN2025002182,2025-12-02T14:27:44Z,YouTube Premium,Entertainment,1069.13,INR,SUCCESS,UPI
TXN2025002183,2026-03-04T20:55:50Z,BigBasket,Groceries,3067.0,INR,SUCCESS,Debit Card
TXN2025002184,2025-09-03T16:13:12+05:30,Airtel,Utilities,1552.38,INR,SUCCESS,Credit Card
TXN2025002185,2026-02-22T23:06:56Z,Cult.fit,Health,905.66,INR,PENDING,Credit Card
TXN2025002186,2025-07-08T23:19:52Z,1mg,Health,3847.41,INR,SUCCESS,UPI
TXN2025002187,2026-04-24T11:45:29+05:30,BYJU'S,Education,18996.89,INR,SUCCESS,UPI
TXN2025002188,2026-01-24T17:28:01Z,Udemy,Education,3656.0,INR,SUCCESS,Credit Card
TXN2025002189,2025-10-21T11:14:36Z,Shell,Fuel,2082.11,INR,SUCCESS,Debit Card
TXN2025002190,2025-10-05T08:35:12Z,JioMart,Groceries,2656.35,INR,PENDING,UPI
TXN2025002191,2026-01-11T12:48:44Z,Zomato,Food & Dining,709.0,INR,SUCCESS,Netbanking
TXN2025002192,1759025895000,Domino's,Food & Dining,242.0,INR,SUCCESS,Credit Card
TXN2025002193,2026-05-01T06:24:33Z,Domino's,Food & Dining,332.0,INR,SUCCESS,Netbanking
TXN2025002194,2026-05-31T12:46:13Z,Ajio,Shopping,14792.92,INR,SUCCESS,UPI
TXN2025002195,2026-04-11T07:11:19Z,McDonald's,Food & Dining,513.52,INR,SUCCESS,UPI
TXN2025002196,2026-06-22T15:57:49Z,Swiggy,Food & Dining,699.27,INR,SUCCESS,UPI
TXN2025002197,1779207761000,HDFC Ergo,Insurance,24145.54,INR,SUCCESS,Debit Card
TXN2025002198,2025-10-26T02:46:45Z,DMart,Groceries,2723.37,INR,SUCCESS,Netbanking
TXN2025002199,2026-02-09T18:35:03+05:30,Ola,Travel,1077.18,INR,SUCCESS,Netbanking
TXN2025002200,2025-12-05T19:16:36+05:30,Blinkit,Groceries,2748.0,INR,SUCCESS,Debit Card
TXN2025002201,2026-01-13T12:17:37Z,BSES,Utilities,1138.6,INR,FAILED,Netbanking
TXN2025002202,2026-07-05T06:43:32Z,Zomato,Food & Dining,894.66,INR,SUCCESS,UPI
TXN2025002203,2025-12-02,Airtel,Utilities,939.4,INR,SUCCESS,Credit Card
TXN2025002204,2026-03-07T10:00:11Z,Airtel,Utilities,1420.41,INR,SUCCESS,Debit Card
TXN2025002205,2025-08-07T01:05:24+05:30,Nykaa,Shopping,14640.87,INR,SUCCESS,Credit Card
TXN2025002206,2025-10-05T20:22:49Z,IRCTC,Travel,7810.48,INR,SUCCESS,Credit Card
TXN2025002207,2026-04-07T19:09:01+05:30,Hotstar,Entertainment,1598.36,INR,SUCCESS,Credit Card
TXN2025002208,2025-10-29,Starbucks,Food & Dining,718.0,INR,SUCCESS,Debit Card
TXN2025002209,2026-02-18T07:04:08Z,Nykaa,Shopping,994.4,INR,SUCCESS,UPI
TXN2025002210,2026-05-05T15:06:05+05:30,BigBasket,Groceries,4235.26,INR,SUCCESS,Netbanking
TXN2025002211,27/12/2025 04:17:56,DMart,Groceries,5769.0,INR,SUCCESS,Netbanking
TXN2025002212,2026-04-11T11:12:04Z,Indian Oil,Fuel,2719.23,INR,FAILED,UPI
TXN2025002213,2026-04-20T17:11:43Z,Jio,Utilities,2507.54,INR,SUCCESS,Credit Card
TXN2025002214,2025-12-17T17:14:21Z,HP Petrol,Fuel,3492.0,INR,SUCCESS,UPI
TXN2025002215,2026-01-20T17:31:29+05:30,Jio,Utilities,1834.11,INR,SUCCESS,Credit Card
TXN2025002216,2025-07-04T08:47:44Z,HDFC Ergo,Insurance,35157.28,INR,SUCCESS,UPI
TXN2025002217,07/06/2026 20:18:09,Jio,Utilities,3485.96,INR,SUCCESS,Debit Card
TXN2025002218,1770226537000,HP Petrol,Fuel,1789.54,INR,SUCCESS,Credit Card
TXN2025002219,1778246158000,Nykaa,Shopping,5471.97,INR,SUCCESS,Debit Card
TXN2025002220,2025-09-20T13:35:38Z,HP Petrol,Fuel,2918.07,INR,SUCCESS,Credit Card
TXN2025002221,2025-07-04T14:02:24Z,Croma,Shopping,9605.28,INR,SUCCESS,Netbanking
TXN2025002222,2026-07-15T04:34:39Z,Uber,Travel,1523.0,INR,SUCCESS,Debit Card
TXN2025002223,2026-01-25T20:01:14+05:30,upGrad,Education,-11133.61,INR,SUCCESS,Debit Card
TXN2025002224,2025-08-30T12:44:52Z,Flipkart,Shopping,1428.55,INR,SUCCESS,Debit Card
TXN2025002225,2026-03-01T23:32:36Z,Cult.fit,Health,3980.0,INR,SUCCESS,Credit Card
TXN2025002226,2025-12-13T12:09:06+05:30,BigBasket,Groceries,1919.87,INR,SUCCESS,Debit Card
TXN2025002227,2025-10-07T22:26:10+05:30,Spotify,Entertainment,1617.2,INR,SUCCESS,Credit Card
TXN2025002228,2025-09-22T19:52:50Z,McDonald's,Food & Dining,582.0,INR,SUCCESS,Credit Card
TXN2025002229,1768834277000,Rapido,Travel,5160.0,INR,SUCCESS,Netbanking
TXN2025002230,2026-02-20T15:24:48Z,JioMart,Groceries,3581.24,INR,SUCCESS,Netbanking
TXN2025002231,2025-09-22T19:53:57Z,IRCTC,Travel,1679.27,INR,FAILED,Credit Card
TXN2025002232,2025-11-03T08:13:38Z,Nykaa,Shopping,3259.04,INR,SUCCESS,UPI
TXN2025002233,2026-03-16T04:46:43+05:30,Ajio,Shopping,9381.6,INR,SUCCESS,Debit Card
TXN2025002234,2026-02-03T07:25:51Z,Zepto,Groceries,3152.0,INR,SUCCESS,Netbanking
TXN2025002235,2026-05-22T16:46:45+05:30,BookMyShow,Entertainment,1809.38,INR,SUCCESS,Debit Card
TXN2025002236,2025-09-21T20:11:11Z,HP Petrol,Fuel,812.8,INR,FAILED,Debit Card
TXN2025002237,2025-12-19T12:26:48+05:30,BYJU'S,Education,8714.88,INR,SUCCESS,Debit Card
TXN2025002238,2026-03-11T00:26:20Z,Unacademy,Education,7492.07,INR,SUCCESS,Credit Card
TXN2025002239,26/04/2026 07:51:43,Zomato,,795.59,INR,SUCCESS,Debit Card
TXN2025002240,2026-06-06T02:09:35Z,LIC Premium,Insurance,17827.0,INR,SUCCESS,Netbanking
TXN2025002241,2025-07-04T21:58:27Z,Spotify,Entertainment,569.84,INR,SUCCESS,Netbanking
TXN2025002242,2025-10-29T07:33:03Z,Spotify,Entertainment,1385.0,INR,SUCCESS,UPI
TXN2025002243,1751744223000,Spotify,,2302.06,INR,SUCCESS,Debit Card
TXN2025002244,2025-12-02T10:52:09Z,Domino's,Food & Dining,624.83,INR,SUCCESS,Debit Card
TXN2025002245,2026-05-16T12:27:06Z,BigBasket,Groceries,3864.04,INR,SUCCESS,Netbanking
TXN2025002246,2025-12-31,1mg,Health,4480.84,INR,SUCCESS,UPI
TXN2025002247,2026-04-03T19:02:07Z,Domino's,Food & Dining,408.24,INR,SUCCESS,Credit Card
TXN2025002248,2025-08-16T03:38:17Z,Ajio,Shopping,1811.85,INR,SUCCESS,Netbanking
TXN2025002249,2026-05-30T04:07:01+05:30,Cult.fit,Health,5017.0,INR,SUCCESS,Debit Card
TXN2025002250,07/11/2025 04:39:44,Ola,Travel,5964.93,INR,SUCCESS,Debit Card
TXN2025002251,2026-04-07T05:17:27Z,BYJU'S,Education,10136.7,INR,SUCCESS,UPI
TXN2025002252,2026-03-17T20:00:29Z,Coursera,Education,22770.75,INR,SUCCESS,UPI
TXN2025002253,2026-04-09T20:52:20Z,Ola,Travel,7460.42,INR,FAILED,UPI
TXN2025002254,16/09/2025 03:51:48,Uber,Travel,4101.0,INR,PENDING,Netbanking
TXN2025002255,2026-07-01T06:05:38Z,Uber,Travel,5790.64,INR,SUCCESS,Debit Card
TXN2025002256,2025-12-29T01:47:10+05:30,BigBasket,Groceries,3495.0,INR,SUCCESS,UPI
TXN2025002257,2026-06-22T06:59:00Z,Apollo Pharmacy,Health,6522.0,INR,SUCCESS,Credit Card
TXN2025002258,2026-03-01T03:04:03Z,LIC Premium,,4827.0,INR,SUCCESS,Credit Card
TXN2025002259,01/08/2025 13:32:14,Swiggy,Food & Dining,289.67,INR,FAILED,Credit Card
TXN2025002260,2026-06-15T20:53:42Z,Zepto,Groceries,5072.66,INR,SUCCESS,Credit Card
TXN2025002261,2025-09-07T21:37:04Z,Zepto,Groceries,604.01,INR,SUCCESS,Credit Card
TXN2025002262,2025-09-11T21:04:23Z,Apollo Pharmacy,Health,2311.0,INR,SUCCESS,Credit Card
TXN2025002263,2025-12-18T11:51:12Z,Uber,Travel,8817.0,INR,SUCCESS,UPI
TXN2025002264,1777224654000,ACT Fibernet,Utilities,-1372.01,INR,SUCCESS,Netbanking
TXN2025002265,2026-07-04T19:31:13+05:30,Cult.fit,Health,4856.0,INR,SUCCESS,Netbanking
TXN2025002266,2026-03-30T16:51:41+05:30,Nykaa,Shopping,9844.0,INR,SUCCESS,Debit Card
TXN2025002267,2025-09-19T08:02:44Z,Udemy,Education,44788.86,INR,SUCCESS,Debit Card
TXN2025002268,2025-09-23T18:16:59+05:30,Amazon,Shopping,9409.0,INR,FAILED,Debit Card
TXN2025002269,2026-03-02T20:54:20Z,Domino's,Food & Dining,839.1,INR,SUCCESS,Netbanking
TXN2025002270,2026-02-04T17:12:42Z,Ajio,Shopping,8596.0,INR,SUCCESS,UPI
TXN2025002271,2026-06-03T09:14:04Z,DMart,Groceries,4297.34,INR,SUCCESS,Credit Card
TXN2025002272,2026-06-16T10:52:56Z,YouTube Premium,Entertainment,1266.0,INR,SUCCESS,Credit Card
TXN2025002273,2025-09-11,Netflix,Entertainment,869.05,INR,SUCCESS,UPI
TXN2025002274,09/02/2026 16:23:05,Airtel,Utilities,2870.43,INR,SUCCESS,Netbanking
TXN2025002275,07/10/2025 02:10:02,LIC Premium,Insurance,16874.34,INR,SUCCESS,Debit Card
TXN2025002276,2025-10-25T08:19:04Z,1mg,Health,2464.47,INR,SUCCESS,Credit Card
TXN2025002277,2025-08-11T15:47:03Z,Policybazaar,Insurance,37488.05,INR,SUCCESS,Netbanking
TXN2025002278,2025-07-11T20:39:12Z,BigBasket,Groceries,5737.7,INR,SUCCESS,Credit Card
TXN2025002279,2026-07-02T03:57:53+05:30,Zepto,Groceries,5353.59,INR,SUCCESS,Credit Card
TXN2025002280,2025-11-07T03:39:22Z,Apollo Pharmacy,Health,5300.0,INR,SUCCESS,UPI
TXN2025002281,2025-11-12T09:54:31+05:30,Zepto,Groceries,4819.0,INR,SUCCESS,Netbanking
TXN2025002282,2025-09-16T14:25:27Z,Croma,Shopping,8479.37,INR,SUCCESS,Debit Card
TXN2025002283,2025-09-17T23:05:53+05:30,Zepto,Groceries,758.0,INR,SUCCESS,UPI
TXN2025002284,2026-05-25,LIC Premium,Insurance,10922.2,INR,SUCCESS,Debit Card
TXN2025002285,2025-12-30T20:10:49+05:30,Swiggy,Food & Dining,492.0,INR,SUCCESS,Netbanking
TXN2025002286,2025-11-24T03:17:30+05:30,upGrad,Education,12473.77,INR,SUCCESS,Credit Card
TXN2025002287,2025-11-01,Policybazaar,Insurance,36802.56,INR,SUCCESS,Credit Card
TXN2025002288,15/05/2026 09:00:23,Hotstar,Entertainment,1966.94,INR,SUCCESS,Netbanking
TXN2025002289,06/01/2026 15:22:22,1mg,Health,-2847.0,INR,SUCCESS,UPI
TXN2025002290,2025-09-30T02:19:39Z,MakeMyTrip,Travel,7993.0,INR,SUCCESS,Debit Card
TXN2025002291,2026-02-18,JioMart,Groceries,3158.0,INR,SUCCESS,Netbanking
TXN2025002292,2025-09-11T18:30:45Z,McDonald's,Food & Dining,623.0,INR,SUCCESS,Credit Card
TXN2025002293,2026-03-11T18:38:26Z,Zepto,Groceries,2781.0,INR,SUCCESS,Netbanking
TXN2025002294,2026-05-15T22:50:16+05:30,Nykaa,Shopping,5379.62,INR,SUCCESS,UPI
TXN2025002295,2025-09-02T06:49:48Z,Rapido,Travel,8634.91,INR,SUCCESS,UPI
TXN2025002296,2026-04-11T07:29:07Z,Tata Power,Utilities,2860.0,INR,SUCCESS,Netbanking
TXN2025002297,2026-01-13T15:48:24Z,Swiggy,Food & Dining,245.0,INR,SUCCESS,Netbanking
TXN2025002298,2025-12-03T18:38:49Z,Swiggy,Food & Dining,499.19,INR,SUCCESS,UPI
TXN2025002299,1755199118000,Zepto,Groceries,2722.39,INR,SUCCESS,Netbanking
TXN2025002300,2025-11-08T03:01:05+05:30,Indian Oil,Fuel,1991.3,INR,SUCCESS,Debit Card
TXN2025002301,2026-01-23,Myntra,Shopping,14213.98,INR,SUCCESS,Netbanking
TXN2025002302,04/07/2026 05:52:33,Unacademy,Education,5319.0,INR,SUCCESS,Debit Card
TXN2025002303,2026-06-04T17:32:29+05:30,Ola,Travel,4731.09,INR,SUCCESS,Netbanking
TXN2025002304,2026-06-03T01:23:01+05:30,Starbucks,Food & Dining,482.0,INR,SUCCESS,Netbanking
TXN2025002305,2025-11-21T04:35:31Z,Spotify,Entertainment,266.72,INR,FAILED,Netbanking
TXN2025002306,2025-07-10T03:19:07+05:30,JioMart,Groceries,4147.48,INR,SUCCESS,Debit Card
TXN2025002307,2025-12-21T06:41:58Z,Uber,Travel,2780.51,INR,SUCCESS,Debit Card
TXN2025002308,2026-04-11T00:20:33Z,Cult.fit,Health,393.0,INR,SUCCESS,Netbanking
TXN2025002309,2025-08-18,IndiGo,Travel,1742.06,INR,SUCCESS,Credit Card
TXN2025002310,2025-11-12T03:14:00+05:30,Cult.fit,Health,-3530.13,INR,SUCCESS,Credit Card
TXN2025002311,2025-07-16T13:18:05Z,LIC Premium,Insurance,33088.7,INR,FAILED,Debit Card
TXN2025002312,1775595240000,Spotify,Entertainment,239.01,INR,SUCCESS,UPI
TXN2025002313,1762641972000,BookMyShow,Entertainment,1354.2,INR,SUCCESS,Debit Card
TXN2025002314,2026-04-16T18:52:23Z,Jio,Utilities,1522.0,INR,SUCCESS,UPI
TXN2025002315,2026-02-07T11:37:41Z,Jio,Utilities,3385.03,INR,PENDING,Debit Card
TXN2025002316,03/10/2025 15:56:13,Practo,Health,3671.17,INR,SUCCESS,UPI
TXN2025002317,2026-06-29T07:17:21+05:30,Spotify,Entertainment,1496.0,INR,SUCCESS,Debit Card
TXN2025002318,11/01/2026 18:54:24,HDFC Ergo,Insurance,28021.0,INR,SUCCESS,UPI
TXN2025002319,2025-10-19T10:04:37Z,1mg,,2880.0,INR,SUCCESS,UPI
TXN2025002320,2026-03-13T00:10:01Z,YouTube Premium,Entertainment,635.98,INR,SUCCESS,Debit Card
TXN2025002321,2026-03-04T07:47:34Z,BigBasket,Groceries,2935.91,INR,SUCCESS,UPI
TXN2025002322,2025-09-24T14:54:26Z,MakeMyTrip,Travel,2178.46,INR,SUCCESS,Debit Card
TXN2025002323,2026-02-14T02:15:25Z,LIC Premium,Insurance,28913.29,INR,SUCCESS,Debit Card
TXN2025002324,2025-07-05T15:38:06Z,Shell,Fuel,2056.16,INR,SUCCESS,Debit Card
TXN2025002325,2025-12-27,DMart,Groceries,2274.29,INR,SUCCESS,Netbanking
TXN2025002326,2025-11-29T06:08:03Z,IRCTC,Travel,4883.0,INR,SUCCESS,Netbanking
TXN2025002327,1753945864000,Domino's,Food & Dining,635.34,INR,SUCCESS,Netbanking
TXN2025002328,2026-04-17T11:58:00+05:30,BPCL,Fuel,4439.0,INR,SUCCESS,Debit Card
TXN2025002329,2026-03-19T22:48:30+05:30,Zepto,Groceries,1963.0,INR,SUCCESS,UPI
TXN2025002330,2025-11-14T13:23:43+05:30,Nykaa,Shopping,11378.0,INR,SUCCESS,Netbanking
TXN2025002331,2026-07-13T18:50:43Z,YouTube Premium,Entertainment,2490.0,INR,SUCCESS,Netbanking
TXN2025002332,1764006164000,IndiGo,Travel,3502.5,INR,PENDING,UPI
TXN2025002333,2025-08-12T23:10:19+05:30,Flipkart,Shopping,7334.0,INR,SUCCESS,Debit Card
TXN2025002334,2026-04-12T00:10:11Z,Uber,Travel,7811.06,INR,SUCCESS,Netbanking
TXN2025002335,2026-02-18T11:54:04Z,Netflix,Entertainment,1915.26,INR,SUCCESS,Debit Card
TXN2025002336,1774354856000,Spotify,Entertainment,-1630.78,INR,SUCCESS,Debit Card
TXN2025002337,2026-05-30T09:29:15Z,Indian Oil,Fuel,2642.51,INR,SUCCESS,Netbanking
TXN2025002338,2025-12-22T07:43:58Z,Policybazaar,Insurance,19360.69,INR,SUCCESS,Credit Card
TXN2025002339,2025-11-07,Hotstar,Entertainment,827.05,INR,SUCCESS,Netbanking
TXN2025002340,2025-11-26T21:06:46+05:30,Udemy,Education,10301.79,INR,SUCCESS,Netbanking
TXN2025002341,2026-02-26T02:50:31Z,YouTube Premium,Entertainment,1113.6,INR,SUCCESS,Credit Card
TXN2025002342,2026-02-18T20:22:49+05:30,Practo,Health,4396.45,INR,SUCCESS,Netbanking
TXN2025002343,1770410944000,Zomato,Food & Dining,373.0,INR,FAILED,Netbanking
TXN2025002344,1776237981000,Unacademy,Education,5911.28,INR,SUCCESS,Netbanking
TXN2025002345,2026-06-20T10:12:14Z,BPCL,Fuel,2545.0,INR,SUCCESS,Netbanking
TXN2025002346,31/12/2025 08:55:58,Spotify,Entertainment,1848.0,INR,SUCCESS,Credit Card
TXN2025002347,2025-07-12T18:24:48Z,DMart,Groceries,1056.0,INR,SUCCESS,Netbanking
TXN2025002348,2025-10-02T17:01:08Z,Tata Power,Utilities,1008.66,INR,SUCCESS,Netbanking
TXN2025002349,2026-05-22T04:03:54Z,Indian Oil,Fuel,3065.52,INR,SUCCESS,Credit Card
TXN2025002350,2025-07-03,IndiGo,Travel,4267.47,INR,SUCCESS,UPI
TXN2025002351,2025-12-30T09:10:03Z,Unacademy,Education,37550.79,INR,FAILED,UPI
TXN2025002352,2026-01-25T10:53:07Z,YouTube Premium,Entertainment,2400.26,INR,SUCCESS,UPI
TXN2025002353,2025-10-22T13:06:49Z,Airtel,Utilities,1786.66,INR,SUCCESS,UPI
TXN2025002354,1772422936000,Spotify,Entertainment,1088.06,INR,FAILED,Netbanking
TXN2025002355,2026-05-25T17:46:05Z,Jio,Utilities,2798.0,INR,SUCCESS,UPI
TXN2025002356,2025-11-09T17:59:17Z,LIC Premium,Insurance,8004.71,INR,SUCCESS,Credit Card
TXN2025002357,07/03/2026 08:12:18,BSES,Utilities,893.0,INR,SUCCESS,UPI
TXN2025002358,2025-10-04,Tata Power,Utilities,3167.34,INR,SUCCESS,Debit Card
TXN2025002359,2026-05-02T18:51:25+05:30,JioMart,Groceries,1983.16,INR,SUCCESS,Debit Card
TXN2025002360,2025-08-24T03:35:24Z,Apollo Pharmacy,Health,2035.0,INR,SUCCESS,Debit Card
TXN2025002361,18/11/2025 20:50:05,Zomato,Food & Dining,292.4,INR,SUCCESS,Debit Card
TXN2025002362,2026-03-03T22:49:32Z,Zepto,Groceries,5685.0,INR,SUCCESS,Netbanking
TXN2025002363,15/04/2026 20:05:43,BYJU'S,Education,24752.0,INR,SUCCESS,Credit Card
TXN2025002364,1759941948000,Nykaa,Shopping,11071.48,INR,SUCCESS,Credit Card
TXN2025002365,2025-08-27T14:50:48+05:30,Zomato,Food & Dining,783.72,INR,SUCCESS,UPI
TXN2025002366,2026-06-03T23:09:19+05:30,Rapido,Travel,3404.62,INR,SUCCESS,Netbanking
TXN2025002367,1762858089000,BSES,Utilities,2240.0,INR,SUCCESS,Credit Card
TXN2025002368,2025-11-23T03:48:43Z,PharmEasy,Health,5990.0,INR,SUCCESS,Netbanking
TXN2025002369,2025-09-07T02:43:43+05:30,Udemy,Education,10131.7,INR,SUCCESS,Netbanking
TXN2025002370,2025-09-26T02:01:21Z,Swiggy,Food & Dining,641.0,INR,SUCCESS,Credit Card
TXN2025002371,2026-04-09T19:03:08Z,MakeMyTrip,Travel,1520.78,INR,SUCCESS,Credit Card
TXN2025002372,2026-03-05T19:01:27Z,Netflix,Entertainment,1321.66,INR,SUCCESS,Credit Card
TXN2025002373,1764679346000,HDFC Ergo,Insurance,9297.4,INR,SUCCESS,UPI
TXN2025002374,2026-07-09T11:17:06+05:30,JioMart,Groceries,3192.0,INR,SUCCESS,UPI
TXN2025002375,2025-10-03T19:11:49Z,Starbucks,Food & Dining,468.37,INR,SUCCESS,Credit Card
TXN2025002376,27/09/2025 16:16:56,upGrad,Education,51561.94,INR,SUCCESS,Netbanking
TXN2025002377,2026-01-31T03:17:09Z,Uber,Travel,554.05,INR,SUCCESS,UPI
TXN2025002378,2025-07-25T11:56:14Z,HDFC Ergo,Insurance,8815.55,INR,SUCCESS,Debit Card
TXN2025002379,2026-04-22T19:22:36+05:30,Starbucks,Food & Dining,282.0,INR,SUCCESS,Netbanking
TXN2025002380,2025-07-20T14:37:34Z,Tata Power,Utilities,524.29,INR,SUCCESS,UPI
TXN2025002381,2026-01-01T15:28:31Z,Ola,Travel,4409.03,INR,SUCCESS,UPI
TXN2025002382,2025-10-25T11:50:19+05:30,Shell,Fuel,2857.5,INR,SUCCESS,UPI
TXN2025002383,2026-04-06T14:42:48+05:30,PharmEasy,Health,3093.83,INR,SUCCESS,Credit Card
TXN2025002384,2025-12-24T23:05:58Z,PharmEasy,Health,5669.5,INR,PENDING,Debit Card
TXN2025002385,2026-03-02T21:02:28Z,Policybazaar,Insurance,17176.0,INR,SUCCESS,Debit Card
TXN2025002386,2026-03-08T08:56:31Z,Indian Oil,Fuel,2433.0,INR,SUCCESS,Debit Card
TXN2025002387,2026-02-03T23:21:45+05:30,Shell,Fuel,1496.0,INR,SUCCESS,Debit Card
TXN2025002388,2026-07-03T01:02:06Z,Cult.fit,Health,3164.3,INR,FAILED,Netbanking
TXN2025002389,2025-12-30T17:26:12+05:30,Swiggy,Food & Dining,368.98,INR,SUCCESS,Credit Card
TXN2025002390,2025-10-27T01:57:35Z,Uber,Travel,776.92,INR,SUCCESS,Netbanking
TXN2025002391,2025-09-09T16:58:27Z,JioMart,Groceries,3935.93,INR,SUCCESS,UPI
TXN2025002392,2025-10-27T08:53:00Z,Policybazaar,Insurance,10424.0,INR,SUCCESS,Netbanking
TXN2025002393,2025-09-20T16:03:46+05:30,Flipkart,Shopping,12435.77,INR,SUCCESS,Credit Card
TXN2025002394,2026-05-01T22:47:26Z,DMart,Groceries,1191.41,INR,SUCCESS,Credit Card
TXN2025002395,2026-01-17T13:48:53+05:30,Practo,Health,4688.0,INR,SUCCESS,Netbanking
TXN2025002396,2025-12-31T01:41:16Z,LIC Premium,Insurance,11871.25,INR,SUCCESS,Debit Card
TXN2025002397,2026-05-19,Nykaa,Shopping,5755.0,INR,SUCCESS,Debit Card
TXN2025002398,2026-04-22T23:20:05Z,Airtel,Utilities,1216.46,INR,SUCCESS,UPI
TXN2025002399,2025-12-06T12:40:41Z,Policybazaar,Insurance,37689.0,INR,SUCCESS,Credit Card
TXN2025002400,2026-03-31T07:24:52Z,Tata Power,Utilities,2731.0,INR,SUCCESS,Credit Card
TXN2025002401,2025-11-22T19:32:27Z,Coursera,Education,39700.0,INR,SUCCESS,Debit Card
TXN2025002402,2026-02-03,Jio,Utilities,2810.0,INR,SUCCESS,Credit Card
TXN2025002403,2025-10-15T04:01:13Z,IRCTC,Travel,5634.49,INR,SUCCESS,UPI
TXN2025002404,01/07/2026 15:21:41,IndiGo,Travel,1611.68,INR,SUCCESS,Netbanking
TXN2025002405,08/07/2026 17:20:52,Domino's,Food & Dining,729.36,INR,SUCCESS,Netbanking
TXN2025002406,2025-11-23T09:55:48Z,IndiGo,Travel,2665.25,INR,SUCCESS,UPI
TXN2025002407,2025-11-21T11:30:45+05:30,Starbucks,Food & Dining,618.0,INR,SUCCESS,Debit Card
TXN2025002408,2025-07-29T12:07:30Z,Myntra,Shopping,8677.99,INR,FAILED,Netbanking
TXN2025002409,2026-02-08T17:23:20Z,Nykaa,Shopping,15775.23,INR,SUCCESS,UPI
TXN2025002410,1776903089000,Airtel,Utilities,1009.25,INR,PENDING,Debit Card
TXN2025002411,2025-07-09T06:10:25Z,BPCL,Fuel,2624.0,INR,SUCCESS,UPI
TXN2025002412,2026-05-28T05:04:30Z,upGrad,Education,39415.0,INR,SUCCESS,Netbanking
TXN2025002413,2025-12-29T15:37:06Z,HDFC Ergo,Insurance,35556.0,INR,SUCCESS,Netbanking
TXN2025002414,2026-03-31T04:49:03Z,Spotify,Entertainment,931.91,INR,FAILED,Debit Card
TXN2025002415,1755307567000,1mg,Health,5271.0,INR,SUCCESS,Netbanking
TXN2025002416,2025-07-19T15:40:55+05:30,Jio,Utilities,1507.82,INR,SUCCESS,UPI
TXN2025002417,2025-07-13T11:02:40+05:30,Indian Oil,Fuel,1993.9,INR,FAILED,Debit Card
TXN2025002418,2026-03-04T03:17:34Z,Shell,Fuel,2468.04,INR,SUCCESS,UPI
TXN2025002419,2025-08-13T15:02:14+05:30,Apollo Pharmacy,Health,781.18,INR,SUCCESS,Credit Card
TXN2025002420,2026-06-24T06:17:38+05:30,Indian Oil,Fuel,3885.0,INR,SUCCESS,Credit Card
TXN2025002421,2026-05-14T08:32:10Z,Policybazaar,Insurance,4313.72,INR,SUCCESS,Netbanking
TXN2025002422,1756415362000,Airtel,Utilities,3134.87,INR,SUCCESS,Debit Card
TXN2025002423,2025-12-24T08:01:31+05:30,McDonald's,Food & Dining,261.71,INR,SUCCESS,Netbanking
TXN2025002424,2026-02-27T23:42:35Z,Zomato,Food & Dining,433.0,INR,SUCCESS,UPI
TXN2025002425,2025-10-09T07:11:03Z,Swiggy,Food & Dining,295.68,INR,SUCCESS,Debit Card
TXN2025002426,2026-04-26T00:14:50+05:30,Shell,Fuel,2331.01,INR,SUCCESS,Debit Card
TXN2025002427,2026-04-26T23:18:27Z,BYJU'S,Education,47831.0,INR,PENDING,Credit Card
TXN2025002428,2026-02-19T12:48:52Z,Zepto,Groceries,1335.0,INR,SUCCESS,Credit Card
TXN2025002429,2026-06-03T20:40:13Z,Shell,Fuel,1894.0,INR,SUCCESS,Credit Card
TXN2025002430,2025-12-12T13:06:36Z,Coursera,Education,12274.0,INR,SUCCESS,Credit Card
TXN2025002431,2026-06-06T20:10:30+05:30,IRCTC,Travel,6996.0,INR,PENDING,UPI
TXN2025002432,2026-05-28,BookMyShow,Entertainment,208.77,INR,SUCCESS,Credit Card
TXN2025002433,2025-09-15T21:56:16Z,BookMyShow,Entertainment,264.7,INR,SUCCESS,Netbanking
TXN2025000846,2025-09-07T00:01:13+05:30,PharmEasy,Health,5729.0,INR,SUCCESS,UPI
TXN2025002435,2026-01-06,Croma,Shopping,13704.0,INR,FAILED,Debit Card
TXN2025002436,2025-09-20T10:53:38Z,HDFC Ergo,Insurance,39821.27,INR,SUCCESS,Debit Card
TXN2025002437,2025-12-25T05:37:03Z,BSES,Utilities,1042.0,INR,SUCCESS,UPI
TXN2025002438,2026-05-29T18:54:53Z,BookMyShow,Entertainment,2037.82,INR,FAILED,Debit Card
TXN2025002439,1765875819000,Spotify,Entertainment,2372.42,INR,SUCCESS,Debit Card
TXN2025002440,2026-03-07T17:07:06Z,MakeMyTrip,Travel,8997.0,INR,SUCCESS,Netbanking
TXN2025002441,2026-03-09T04:19:44Z,Zomato,Food & Dining,862.0,INR,SUCCESS,UPI
TXN2025002442,2025-07-04T08:56:22Z,Nykaa,Shopping,15306.0,INR,FAILED,Credit Card
TXN2025002443,1753361109000,Ajio,Shopping,12617.99,INR,SUCCESS,Credit Card
TXN2025002444,2025-12-08T21:25:40Z,HDFC Ergo,Insurance,26946.66,INR,SUCCESS,Netbanking
TXN2025002445,2025-08-28,Uber,Travel,1736.81,INR,SUCCESS,Credit Card
TXN2025002446,2025-09-01T19:55:57Z,Spotify,Entertainment,2215.0,INR,SUCCESS,Netbanking
TXN2025002447,2026-06-18T18:48:56Z,IRCTC,Travel,2893.37,INR,SUCCESS,Debit Card
TXN2025002448,2026-06-11T04:24:25+05:30,Zomato,Food & Dining,730.0,INR,SUCCESS,UPI
TXN2025002449,2025-07-19T01:24:22+05:30,HDFC Ergo,Insurance,35073.09,INR,SUCCESS,Netbanking
TXN2025002450,2025-08-31T04:46:31Z,Policybazaar,Insurance,24542.54,INR,SUCCESS,UPI
TXN2025002451,2025-07-26T12:42:02Z,Netflix,Entertainment,2258.0,INR,SUCCESS,Netbanking
TXN2025002452,2026-01-25T10:39:36+05:30,Tata Power,Utilities,3445.12,INR,SUCCESS,Credit Card
TXN2025002453,2026-01-01T22:54:39+05:30,1mg,Health,5694.0,INR,SUCCESS,Debit Card
TXN2025002454,1783416615000,Ajio,Shopping,6048.77,INR,SUCCESS,UPI
TXN2025002455,2026-02-07T14:50:18Z,BSES,Utilities,1826.25,INR,SUCCESS,Credit Card
TXN2025002456,2025-08-25T03:35:12Z,MakeMyTrip,Travel,4729.66,INR,SUCCESS,UPI
TXN2025002457,1781068227000,HDFC Ergo,Insurance,5149.38,INR,SUCCESS,UPI
TXN2025002458,2026-03-13T20:16:04Z,IndiGo,Travel,2190.0,INR,SUCCESS,Debit Card
TXN2025002459,2026-01-18T21:58:37+05:30,BYJU'S,Education,53593.64,INR,SUCCESS,Debit Card
TXN2025002460,1763883417000,Policybazaar,Insurance,36131.0,INR,FAILED,Credit Card
TXN2025002461,2026-04-17T05:46:05Z,PharmEasy,Health,5194.41,INR,SUCCESS,UPI
TXN2025002462,2026-03-04T05:41:11Z,Ola,Travel,8819.0,INR,SUCCESS,Credit Card
TXN2025002463,2026-01-03T17:09:38+05:30,Croma,Shopping,7352.0,INR,SUCCESS,Debit Card
TXN2025002464,2026-02-09T22:24:27Z,Ola,Travel,5732.67,INR,SUCCESS,Netbanking
TXN2025002465,2025-12-18T14:19:13Z,IRCTC,Travel,4188.0,INR,FAILED,Debit Card
TXN2025002466,2025-11-08T17:56:26Z,Udemy,Education,42499.37,INR,FAILED,Debit Card
TXN2025002467,2026-01-30T04:07:34+05:30,JioMart,Groceries,4899.83,INR,SUCCESS,UPI
TXN2025002468,2025-10-10T20:33:50Z,Coursera,Education,47235.43,INR,SUCCESS,Debit Card
TXN2025002469,2025-08-18T19:01:54Z,Jio,Utilities,2319.57,INR,FAILED,Credit Card
TXN2025002470,2026-04-03T13:18:07Z,Tata Power,Utilities,2939.0,INR,PENDING,Credit Card
TXN2025002471,2026-06-30T15:43:40Z,Netflix,Entertainment,870.83,INR,SUCCESS,Credit Card
TXN2025002472,2026-01-15T04:28:34Z,Hotstar,Entertainment,2076.88,INR,FAILED,Credit Card
TXN2025002473,2026-04-11,Unacademy,Education,12979.0,INR,SUCCESS,Debit Card
TXN2025002474,2026-05-30T23:05:35+05:30,HP Petrol,Fuel,2903.0,INR,SUCCESS,UPI
TXN2025002475,2026-07-03T20:12:13+05:30,Shell,Fuel,1950.0,INR,SUCCESS,Credit Card
TXN2025002476,1772612155000,Spotify,Entertainment,522.22,INR,PENDING,Credit Card
TXN2025002477,1783357059000,Policybazaar,Insurance,29069.31,INR,SUCCESS,Netbanking
TXN2025002478,2026-07-04T06:52:50Z,Ola,Travel,2650.11,INR,SUCCESS,Debit Card
TXN2025002479,2026-06-13T02:18:08+05:30,BookMyShow,Entertainment,2267.15,INR,SUCCESS,Netbanking
TXN2025002480,2025-06-30T21:47:45Z,DMart,Groceries,1075.88,INR,SUCCESS,Debit Card
TXN2025002481,2026-06-24,BYJU'S,Education,31010.0,INR,SUCCESS,UPI
TXN2025002482,2026-01-03T13:06:44Z,Starbucks,Food & Dining,709.0,INR,SUCCESS,Credit Card
TXN2025002483,1764427971000,Hotstar,Entertainment,1997.62,INR,SUCCESS,Credit Card
TXN2025002484,2026-07-09T21:38:28Z,IndiGo,Travel,7542.0,INR,SUCCESS,Credit Card
TXN2025002485,02/07/2026 17:53:49,Hotstar,Entertainment,439.28,INR,SUCCESS,Credit Card
TXN2025002486,2026-04-22T03:39:44Z,IRCTC,Travel,4101.76,INR,SUCCESS,UPI
TXN2025002487,2025-08-09,Cult.fit,Health,953.0,INR,FAILED,Netbanking
TXN2025002488,2025-08-18T11:49:17+05:30,MakeMyTrip,Travel,6011.0,INR,SUCCESS,Netbanking
TXN2025002489,19/06/2026 14:31:57,Nykaa,Shopping,1592.61,INR,SUCCESS,Debit Card
TXN2025002490,2026-05-22T05:00:57Z,BigBasket,Groceries,5712.0,INR,SUCCESS,UPI
TXN2025002491,06/06/2026 07:10:13,Cult.fit,Health,3345.7,INR,SUCCESS,Netbanking
TXN2025002492,2025-08-04,Policybazaar,Insurance,12707.62,INR,SUCCESS,Debit Card
TXN2025002493,21/05/2026 22:41:39,IndiGo,Travel,7850.38,INR,SUCCESS,Netbanking
TXN2025002494,2026-04-25T18:54:46Z,YouTube Premium,Entertainment,282.0,INR,SUCCESS,Debit Card
TXN2025002495,2026-03-16T19:11:24Z,Rapido,Travel,5834.0,INR,SUCCESS,Debit Card
TXN2025002496,2026-01-05T08:08:32Z,Amazon,Shopping,578.15,INR,SUCCESS,Netbanking
TXN2025002497,2025-08-10,MakeMyTrip,Travel,5401.54,INR,SUCCESS,Netbanking
TXN2025002498,2026-02-21T14:10:52+05:30,BPCL,Fuel,2926.56,INR,SUCCESS,Netbanking
TXN2025002499,1777936996000,Domino's,Food & Dining,589.3,INR,SUCCESS,UPI
TXN2025002500,2025-10-01T10:32:47Z,Apollo Pharmacy,Health,800.16,INR,SUCCESS,Netbanking
TXN2025002501,2026-03-09T07:18:06+05:30,Hotstar,Entertainment,1837.0,INR,SUCCESS,Netbanking
TXN2025002502,1764686108000,Apollo Pharmacy,Health,6064.0,INR,SUCCESS,Netbanking
TXN2025002503,2025-09-08T23:05:50Z,Coursera,Education,50036.0,INR,SUCCESS,Debit Card
TXN2025002504,2025-07-12,Flipkart,Shopping,5508.69,INR,SUCCESS,Netbanking
TXN2025002505,2025-11-14T14:54:18Z,Rapido,Travel,3355.58,INR,SUCCESS,Debit Card
TXN2025002506,1774766251000,Airtel,Utilities,2786.0,INR,SUCCESS,Debit Card
TXN2025002507,1769671792000,Croma,Shopping,4045.57,INR,PENDING,Debit Card
TXN2025002508,2026-05-13T11:13:34Z,HDFC Ergo,Insurance,16950.0,INR,SUCCESS,Netbanking
TXN2025002509,2026-04-14T02:29:19Z,Amazon,Shopping,6240.92,INR,SUCCESS,Debit Card
TXN2025002510,2026-03-06T02:37:19Z,Zepto,Groceries,877.4,INR,PENDING,Debit Card
TXN2025002511,2025-11-26T09:29:19Z,Practo,Health,3555.0,INR,SUCCESS,Debit Card
TXN2025002512,2025-12-17T18:48:13Z,BYJU'S,Education,27213.0,INR,SUCCESS,Credit Card
TXN2025002513,2026-02-11T17:42:20Z,Croma,Shopping,6046.0,INR,SUCCESS,Debit Card
TXN2025002514,26/02/2026 04:34:02,Policybazaar,,23056.0,INR,SUCCESS,UPI
TXN2025002515,1782000348000,Ola,Travel,1021.6,INR,SUCCESS,Netbanking
TXN2025002516,2025-11-15T04:09:06Z,Rapido,Travel,1482.0,INR,PENDING,Credit Card
TXN2025002517,2026-05-13T02:52:17Z,BookMyShow,Entertainment,392.62,INR,SUCCESS,UPI
TXN2025002518,2025-07-16T14:31:49Z,DMart,Groceries,5996.8,INR,FAILED,Credit Card
TXN2025002519,26/09/2025 04:11:56,Coursera,Education,54604.0,INR,SUCCESS,Credit Card
TXN2025002520,2026-05-11T22:27:51Z,IndiGo,Travel,7901.2,INR,SUCCESS,Credit Card
TXN2025002521,1780082177000,Swiggy,Food & Dining,351.5,INR,SUCCESS,Netbanking
TXN2025002522,2026-02-06T09:26:33Z,Airtel,Utilities,1567.94,INR,SUCCESS,Netbanking
TXN2025002523,2026-03-01T14:26:28+05:30,Uber,Travel,518900.0,INR,SUCCESS,Netbanking
TXN2025002524,2025-11-19T02:56:10Z,HDFC Ergo,Insurance,11567.45,INR,SUCCESS,Netbanking
TXN2025002525,2025-09-29T22:07:00Z,Spotify,Entertainment,1005.97,INR,SUCCESS,Debit Card
TXN2025002526,30/05/2026 23:15:55,McDonald's,Food & Dining,867.0,INR,SUCCESS,Credit Card
TXN2025002527,2026-06-22T07:31:41+05:30,Shell,Fuel,2815.0,INR,SUCCESS,Netbanking
TXN2025002528,2026-02-20T09:02:30Z,Shell,Fuel,1753.94,INR,SUCCESS,Debit Card
TXN2025002529,2026-05-15T15:29:50Z,BYJU'S,Education,38915.5,INR,SUCCESS,Netbanking
TXN2025002530,2026-02-26T07:41:21+05:30,BigBasket,Groceries,3573.0,INR,SUCCESS,Netbanking
TXN2025002531,2025-09-05T07:30:56Z,PharmEasy,Health,3137.86,INR,SUCCESS,Netbanking
TXN2025002532,02/01/2026 02:28:49,BPCL,Fuel,3101.11,INR,SUCCESS,Credit Card
TXN2025002533,2026-04-05T22:50:34Z,McDonald's,Food & Dining,651.0,INR,SUCCESS,Debit Card
TXN2025002534,15/12/2025 07:37:36,LIC Premium,Insurance,2561.71,INR,SUCCESS,Credit Card
TXN2025002535,26/01/2026 02:12:41,Hotstar,Entertainment,654.94,INR,SUCCESS,Debit Card
TXN2025002536,2026-01-14T00:58:59Z,JioMart,Groceries,1625.62,INR,SUCCESS,Credit Card
TXN2025002537,2026-05-31T19:45:51Z,Shell,Fuel,4420.71,INR,SUCCESS,UPI
TXN2025002538,2026-04-27T14:29:24Z,BYJU'S,Education,41740.94,INR,SUCCESS,UPI
TXN2025002539,2025-09-14T08:28:48Z,HP Petrol,Fuel,2154.0,INR,PENDING,Credit Card
TXN2025002540,2026-04-09T18:10:11Z,Uber,Travel,459.49,INR,PENDING,Debit Card
TXN2025002541,30/03/2026 05:07:41,Amazon,Shopping,2011.95,INR,SUCCESS,Netbanking
TXN2025002542,2026-05-25T19:35:14Z,YouTube Premium,Entertainment,1045.41,INR,SUCCESS,Credit Card
TXN2025002543,2025-12-14T21:45:15Z,Flipkart,Shopping,5842.0,INR,SUCCESS,Netbanking
TXN2025002544,2025-09-26T18:56:23Z,Amazon,Shopping,3607.6,INR,SUCCESS,UPI
TXN2025002545,2025-10-08T21:04:13Z,JioMart,Groceries,2874.0,INR,SUCCESS,UPI
TXN2025002546,2025-09-04T05:09:21Z,BPCL,Fuel,-736.58,INR,SUCCESS,UPI
TXN2025002547,2026-05-07T16:53:46+05:30,Swiggy,Food & Dining,374.0,INR,SUCCESS,Debit Card
TXN2025002548,2026-02-27T02:57:00+05:30,McDonald's,Food & Dining,865.0,INR,SUCCESS,Credit Card
TXN2025002549,04/06/2026 16:32:02,Shell,Fuel,1373.0,INR,SUCCESS,Credit Card
TXN2025002550,19/12/2025 03:35:57,1mg,Health,2713.0,INR,SUCCESS,Credit Card
TXN2025002551,1752326297000,Indian Oil,Fuel,1095.4,INR,FAILED,UPI
TXN2025002552,2025-08-16T11:37:10Z,Shell,Fuel,4052.93,INR,SUCCESS,Debit Card
TXN2025002553,2026-01-18T03:09:58Z,Flipkart,Shopping,6510.0,INR,SUCCESS,UPI
TXN2025002554,2026-02-23T21:51:36Z,ACT Fibernet,Utilities,837.0,INR,SUCCESS,Netbanking
TXN2025002555,2025-12-21T17:33:43Z,Coursera,Education,30590.49,INR,SUCCESS,UPI
TXN2025002556,2026-07-08T23:27:22+05:30,JioMart,Groceries,1703.0,INR,PENDING,Credit Card
TXN2025002557,2026-06-23T17:30:14+05:30,Hotstar,Entertainment,246.0,INR,SUCCESS,UPI
TXN2025002558,2026-06-20T03:13:00+05:30,HP Petrol,Fuel,863.81,INR,SUCCESS,Netbanking
TXN2025002559,2025-11-02T04:03:55Z,Policybazaar,Insurance,22535.0,INR,SUCCESS,Netbanking
TXN2025002560,2025-12-13T08:04:58Z,Policybazaar,Insurance,9124.6,INR,SUCCESS,Netbanking
TXN2025002561,2025-08-10T06:49:08Z,BookMyShow,Entertainment,342.0,INR,SUCCESS,Netbanking
TXN2025002562,2026-05-02,Practo,Health,2813.34,INR,SUCCESS,Debit Card
TXN2025002563,2025-07-16T22:32:36Z,Unacademy,Education,38740.39,INR,SUCCESS,UPI
TXN2025002564,2026-02-07T20:40:05+05:30,Zepto,Groceries,5384.93,INR,SUCCESS,Credit Card
TXN2025002565,2025-07-11T15:08:06Z,Udemy,Education,17936.0,INR,SUCCESS,Debit Card
TXN2025002566,21/07/2025 08:43:55,BookMyShow,Entertainment,591.55,INR,SUCCESS,Netbanking
TXN2025002567,2026-01-14T08:21:09Z,HDFC Ergo,Insurance,21072.43,INR,SUCCESS,UPI
TXN2025002568,2026-06-12T07:51:41Z,IRCTC,Travel,1068.13,INR,SUCCESS,Debit Card
TXN2025002569,1770472657000,McDonald's,Food & Dining,676.95,INR,SUCCESS,UPI
TXN2025002570,2026-03-25T12:04:33Z,Domino's,Food & Dining,839.0,INR,SUCCESS,Debit Card
TXN2025002571,2026-06-21T05:12:05Z,Swiggy,Food & Dining,825.43,INR,SUCCESS,Credit Card
TXN2025002572,2026-05-22T03:14:37Z,BookMyShow,Entertainment,2092.27,INR,SUCCESS,UPI
TXN2025002573,2026-03-17T09:40:38Z,Nykaa,Shopping,2850.0,INR,PENDING,Netbanking
TXN2025002574,2026-02-28T23:01:03Z,Unacademy,Education,31808.72,INR,SUCCESS,Credit Card
TXN2025002575,2026-03-25T20:23:15Z,Udemy,Education,40777.0,INR,SUCCESS,Netbanking
TXN2025002576,2025-09-12,YouTube Premium,Entertainment,1035.64,INR,SUCCESS,Netbanking
TXN2025002577,2025-12-01T08:32:00Z,Rapido,Travel,5481.14,INR,SUCCESS,Netbanking
TXN2025002578,2026-03-05T09:20:07Z,Ajio,Shopping,12051.0,INR,SUCCESS,UPI
TXN2025002579,2025-09-10T05:01:32+05:30,Croma,Shopping,16274.13,INR,SUCCESS,Debit Card
TXN2025002580,22/03/2026 10:30:00,Croma,Shopping,17002.0,INR,SUCCESS,Netbanking
TXN2025002581,2026-02-07T04:17:41Z,Blinkit,Groceries,3356.0,INR,SUCCESS,UPI
TXN2025002582,2026-06-09T02:13:29Z,Policybazaar,Insurance,6096.93,INR,SUCCESS,UPI
TXN2025002583,2026-01-18T00:42:44Z,BPCL,Fuel,3885.0,INR,SUCCESS,Netbanking
TXN2025002584,2026-05-20T07:30:20Z,BSES,Utilities,560.0,INR,SUCCESS,Credit Card
TXN2025002585,2025-10-02T21:17:25+05:30,Amazon,Shopping,13808.86,INR,SUCCESS,Debit Card
TXN2025002586,2026-04-25T11:16:45Z,Airtel,Utilities,2636.54,INR,SUCCESS,Credit Card
TXN2025002587,2025-07-06T06:57:26Z,IRCTC,Travel,6579.0,INR,FAILED,Debit Card
TXN2025002588,1758040873000,Rapido,Travel,8312.19,INR,SUCCESS,UPI
TXN2025002589,2026-01-13T02:58:59Z,Hotstar,Entertainment,1042.46,INR,SUCCESS,Credit Card
TXN2025002590,2026-04-07T01:53:41+05:30,Uber,Travel,5719.0,INR,SUCCESS,UPI
TXN2025002591,2026-01-22T01:00:16Z,Airtel,Utilities,428.0,INR,SUCCESS,Credit Card
TXN2025002592,13/08/2025 06:00:16,Nykaa,Shopping,10006.0,INR,SUCCESS,UPI
TXN2025002593,2026-04-06T13:52:59Z,YouTube Premium,Entertainment,1366.0,INR,SUCCESS,Debit Card
TXN2025002594,2026-03-23T12:47:35Z,Spotify,Entertainment,239.35,INR,SUCCESS,UPI
TXN2025002595,2025-11-28,BookMyShow,Entertainment,157.0,INR,SUCCESS,UPI
TXN2025002596,2026-01-28T15:41:52Z,MakeMyTrip,Travel,6907.0,INR,SUCCESS,UPI
TXN2025002597,1770484285000,Udemy,Education,45495.74,INR,SUCCESS,Netbanking
TXN2025002598,2026-06-19,Blinkit,Groceries,4207.98,INR,SUCCESS,Credit Card
TXN2025002599,2026-03-05T06:27:05+05:30,Unacademy,Education,27489.0,INR,SUCCESS,Netbanking
TXN2025002600,2025-09-25T16:50:18Z,Nykaa,Shopping,8367.04,INR,SUCCESS,Debit Card
TXN2025002601,2025-11-28T15:07:58Z,Cult.fit,Health,5157.2,INR,SUCCESS,Credit Card
TXN2025002602,2025-10-25T05:22:33Z,Spotify,Entertainment,1888.75,INR,SUCCESS,UPI
TXN2025002603,2026-05-27T12:46:01Z,Tata Power,Utilities,1554.23,INR,SUCCESS,Netbanking
TXN2025002604,2026-07-01T13:28:05Z,Ajio,Shopping,15178.39,INR,SUCCESS,Netbanking
TXN2025002605,2026-07-05T15:16:13Z,YouTube Premium,Entertainment,1231.83,INR,SUCCESS,Netbanking
TXN2025002606,21/08/2025 16:43:07,Spotify,Entertainment,943.17,INR,SUCCESS,Credit Card
TXN2025002607,2025-09-14,IndiGo,Travel,2109.0,INR,SUCCESS,Debit Card
TXN2025002608,2025-12-06T07:16:30Z,Tata Power,Utilities,2009.08,INR,SUCCESS,Debit Card
TXN2025002609,1769522508000,IRCTC,Travel,3656.9,INR,SUCCESS,Netbanking
TXN2025002610,1780504277000,Zepto,Groceries,5456.65,INR,SUCCESS,Netbanking
TXN2025002611,2026-06-11T09:11:56Z,Starbucks,Food & Dining,275.0,INR,SUCCESS,Netbanking
TXN2025002612,10/07/2025 06:09:43,HP Petrol,Fuel,2227.14,INR,SUCCESS,Credit Card
TXN2025002613,16/04/2026 16:57:36,BookMyShow,Entertainment,1482.0,INR,SUCCESS,Credit Card
TXN2025002614,2025-09-15T14:13:13Z,Udemy,Education,22700.73,INR,SUCCESS,Netbanking
TXN2025002615,2025-08-20,DMart,Groceries,2970.9,INR,SUCCESS,Netbanking
TXN2025002616,2026-01-23,DMart,Groceries,3779.04,INR,SUCCESS,UPI
TXN2025002617,2025-07-09T02:34:41Z,Unacademy,Education,6240.0,INR,SUCCESS,UPI
TXN2025002618,2026-06-15T23:55:12Z,JioMart,Groceries,5159.0,INR,SUCCESS,Credit Card
TXN2025002619,2026-05-23T06:11:30Z,HDFC Ergo,Insurance,7298.0,INR,SUCCESS,Debit Card
TXN2025002620,2026-05-18T15:53:29+05:30,Practo,Health,6378.33,INR,SUCCESS,Netbanking
TXN2025002621,2025-08-09T10:02:37+05:30,JioMart,Groceries,4310.0,INR,SUCCESS,Credit Card
TXN2025002622,1781850500000,Nykaa,Shopping,3231.0,INR,SUCCESS,Netbanking
TXN2025002623,2026-03-29T13:41:32Z,Croma,Shopping,10263.37,INR,SUCCESS,Credit Card
TXN2025002624,2025-12-20T13:18:17Z,Myntra,Shopping,12067.0,INR,SUCCESS,UPI
TXN2025002625,2026-01-01T23:20:39Z,Ajio,Shopping,15886.09,INR,SUCCESS,UPI
TXN2025002626,2026-06-27T13:00:36+05:30,PharmEasy,Health,4863.63,INR,FAILED,Credit Card
TXN2025002627,03/07/2026 14:59:22,Airtel,Utilities,3150.16,INR,SUCCESS,Debit Card
TXN2025002628,2025-07-27T12:36:04Z,JioMart,Groceries,5930.55,INR,PENDING,Credit Card
TXN2025002629,2025-08-27T19:48:37Z,Practo,Health,2205.72,INR,SUCCESS,Credit Card
TXN2025002630,2026-07-04T05:36:02Z,Cult.fit,Health,2346.79,INR,SUCCESS,Debit Card
TXN2025002631,1772174432000,1mg,Health,6887.46,INR,SUCCESS,Netbanking
TXN2025002632,2026-01-16T03:56:50Z,Croma,Shopping,6796.0,INR,SUCCESS,UPI
TXN2025002633,2026-03-09T23:23:39Z,ACT Fibernet,Utilities,1251.0,INR,SUCCESS,Debit Card
TXN2025002634,2025-07-16T11:34:29Z,Rapido,Travel,4150.59,INR,SUCCESS,Netbanking
TXN2025002635,1755692081000,Coursera,Education,5332.27,INR,SUCCESS,UPI
TXN2025002636,2025-09-16T12:48:07+05:30,HDFC Ergo,Insurance,23585.0,INR,SUCCESS,Netbanking
TXN2025002637,2026-03-28T09:40:10Z,BookMyShow,Entertainment,233.6,INR,SUCCESS,Debit Card
TXN2025002638,2026-05-01T07:01:53Z,Spotify,Entertainment,2037.2,INR,SUCCESS,Netbanking
TXN2025002639,2026-04-06T01:09:26Z,BYJU'S,Education,19474.29,INR,SUCCESS,Credit Card
TXN2025002640,22/12/2025 17:07:53,ACT Fibernet,Utilities,1129.0,INR,SUCCESS,UPI
TXN2025002641,2026-06-13T16:08:22Z,Coursera,Education,50320.36,INR,SUCCESS,UPI
TXN2025002642,2025-07-29T16:05:40Z,Ajio,Shopping,14579.0,INR,SUCCESS,Debit Card
TXN2025002643,2026-04-29T06:09:24Z,McDonald's,Food & Dining,240.12,INR,SUCCESS,UPI
TXN2025002644,1762754784000,Swiggy,Food & Dining,684.02,INR,SUCCESS,UPI
TXN2025002645,2026-07-12T08:45:27+05:30,Nykaa,Shopping,10635.62,INR,FAILED,Debit Card
TXN2025002646,2026-03-31T05:37:53Z,Coursera,Education,6714.0,INR,SUCCESS,Credit Card
TXN2025002647,2026-04-05T17:06:58Z,HDFC Ergo,Insurance,37172.0,INR,SUCCESS,UPI
TXN2025002648,20/07/2025 10:01:15,Jio,Utilities,2812.0,INR,SUCCESS,UPI
TXN2025002649,2026-01-01T15:33:09Z,BookMyShow,Entertainment,902.27,INR,SUCCESS,Netbanking
TXN2025002650,11/04/2026 02:40:39,1mg,Health,4987.98,INR,SUCCESS,UPI
TXN2025002651,2025-09-07T01:32:57Z,Airtel,Utilities,810.0,INR,PENDING,Debit Card
TXN2025002652,12/09/2025 12:49:43,Nykaa,Shopping,-15849.82,INR,SUCCESS,UPI
TXN2025002653,2026-05-26T08:10:38Z,upGrad,Education,42129.0,INR,SUCCESS,Credit Card
TXN2025002654,1761264454000,Croma,Shopping,7315.89,INR,SUCCESS,Netbanking
TXN2025002655,2025-10-06T05:31:17Z,Indian Oil,Fuel,3062.0,INR,SUCCESS,Credit Card
TXN2025002656,2026-03-23T05:28:15Z,HP Petrol,Fuel,527.93,INR,SUCCESS,Debit Card
TXN2025002657,2026-01-08T14:11:47Z,Policybazaar,Insurance,7708.0,INR,SUCCESS,UPI
TXN2025002658,2026-03-19,Practo,Health,5326.2,INR,SUCCESS,Netbanking
TXN2025002659,1761991865000,Swiggy,Food & Dining,882.19,INR,SUCCESS,Debit Card
TXN2025002660,2025-07-26T14:02:06+05:30,upGrad,Education,37778.05,INR,SUCCESS,Debit Card
TXN2025002661,2026-04-15T05:44:12+05:30,LIC Premium,Insurance,33829.42,INR,SUCCESS,Debit Card
TXN2025002662,2026-01-29,ACT Fibernet,Utilities,1190.82,INR,SUCCESS,Credit Card
TXN2025002663,2025-11-14T19:43:10Z,MakeMyTrip,Travel,5367.0,INR,SUCCESS,Netbanking
TXN2025002664,2026-07-02T20:31:29Z,Tata Power,Utilities,1270.41,INR,SUCCESS,Netbanking
TXN2025002665,2026-04-18T06:09:08Z,Tata Power,Utilities,1692.0,INR,SUCCESS,Netbanking
TXN2025002666,1764107784000,Zomato,Food & Dining,801.22,INR,SUCCESS,Credit Card
TXN2025002667,1778735753000,Hotstar,Entertainment,1008.78,INR,SUCCESS,Credit Card
TXN2025002668,2025-08-06T14:31:50Z,Nykaa,Shopping,10815.0,INR,SUCCESS,Netbanking
TXN2025002669,2025-07-09T10:04:42+05:30,BSES,Utilities,694.0,INR,SUCCESS,Netbanking
TXN2025002670,2026-01-30T02:36:50Z,Croma,Shopping,5707.17,INR,SUCCESS,Credit Card
TXN2025002671,2025-12-16T02:30:45+05:30,Ola,Travel,4481.51,INR,PENDING,Credit Card
TXN2025002672,2026-07-09T03:45:53Z,ACT Fibernet,Utilities,3398.0,INR,SUCCESS,UPI
TXN2025002673,2025-08-24T17:10:07Z,DMart,Groceries,4324.34,INR,SUCCESS,Netbanking
TXN2025002674,1761643222000,IRCTC,Travel,3863.0,INR,SUCCESS,Credit Card
TXN2025002675,1765702965000,JioMart,Groceries,3893.62,INR,SUCCESS,UPI
TXN2025002676,2026-04-08T05:43:21Z,1mg,Health,1036.0,INR,SUCCESS,Credit Card
TXN2025002677,2025-07-07T21:04:01+05:30,Spotify,Entertainment,1478.09,INR,SUCCESS,Debit Card
TXN2025002678,2026-03-25T01:45:04Z,YouTube Premium,Entertainment,727.6,INR,SUCCESS,Debit Card
TXN2025002679,2026-05-02T08:03:53Z,Cult.fit,Health,6422.8,INR,SUCCESS,Debit Card
TXN2025002680,2026-06-16T00:24:19Z,Apollo Pharmacy,Health,5587.65,INR,FAILED,Debit Card
TXN2025002681,1775068257000,Cult.fit,Health,4070.08,INR,SUCCESS,Credit Card
TXN2025002682,2025-07-08T07:17:45Z,IndiGo,Travel,4499.57,INR,PENDING,UPI
TXN2025002683,2025-08-01T13:50:32+05:30,BookMyShow,Entertainment,1912.7,INR,SUCCESS,Netbanking
TXN2025002684,2026-07-08,Tata Power,Utilities,-2188.58,INR,SUCCESS,Debit Card
TXN2025002685,2026-05-04,McDonald's,Food & Dining,470.6,INR,SUCCESS,Debit Card
TXN2025002686,2025-07-23T22:07:04+05:30,BYJU'S,Education,8725.64,INR,SUCCESS,Credit Card
TXN2025002687,1778985129000,MakeMyTrip,Travel,5771.0,INR,FAILED,Netbanking
TXN2025002688,2025-11-02T06:56:55+05:30,BPCL,Fuel,1084.0,INR,SUCCESS,Debit Card
TXN2025002689,1778511737000,1mg,Health,6200.0,INR,SUCCESS,Credit Card
TXN2025002690,2025-07-24,1mg,Health,4294.0,INR,SUCCESS,Credit Card
TXN2025002691,2026-05-03T20:26:41Z,HP Petrol,Fuel,3695.0,INR,SUCCESS,Netbanking
TXN2025002692,2025-10-10T03:05:00Z,upGrad,Education,45203.0,INR,SUCCESS,Credit Card
TXN2025002693,2026-04-22T20:20:14Z,Blinkit,Groceries,444.12,INR,SUCCESS,UPI
TXN2025002694,2025-08-27T07:52:08+05:30,Spotify,Entertainment,1242.07,INR,success,Netbanking
TXN2025002695,2025-10-30T18:00:11Z,BPCL,Fuel,1127.91,INR,SUCCESS,Debit Card
TXN2025002696,2025-12-23T19:52:27Z,Tata Power,Utilities,1110.63,INR,SUCCESS,Credit Card
TXN2025002697,2025-08-17T21:28:15Z,PharmEasy,Health,1030.47,INR,SUCCESS,Debit Card
TXN2025002698,20/05/2026 00:58:42,BPCL,Fuel,2408.0,INR,SUCCESS,Netbanking
TXN2025002699,2025-11-03T13:19:11Z,BPCL,Fuel,601.86,INR,SUCCESS,Credit Card
TXN2025002700,2026-03-07T17:28:56Z,DMart,Groceries,3794.57,INR,SUCCESS,Debit Card
TXN2025002701,2026-01-15T11:58:03Z,Apollo Pharmacy,Health,5331.0,INR,SUCCESS,Credit Card
TXN2025002702,2025-08-28T15:14:02Z,ACT Fibernet,Utilities,410.0,INR,SUCCESS,Credit Card
TXN2025002703,2026-07-13T09:10:26Z,BYJU'S,Education,13689.97,INR,SUCCESS,Debit Card
TXN2025002704,2026-01-08T00:31:11Z,Amazon,Shopping,7633.13,INR,FAILED,UPI
TXN2025002705,2026-03-27T12:30:59Z,HP Petrol,Fuel,2165.41,INR,FAILED,UPI
TXN2025002706,2026-06-19T17:35:27Z,IRCTC,Travel,4146.0,INR,SUCCESS,Credit Card
TXN2025002707,2025-07-10T04:17:42Z,IndiGo,Travel,697.32,INR,SUCCESS,Credit Card
TXN2025002708,2025-09-29T03:06:03Z,BSES,Utilities,339.0,INR,FAILED,Credit Card
TXN2025002709,04/03/2026 08:23:22,Indian Oil,Fuel,1777.84,INR,FAILED,Netbanking
TXN2025002710,10/07/2025 03:09:29,Zomato,Food & Dining,517.0,INR,SUCCESS,Netbanking
TXN2025002711,2025-07-14T18:05:47Z,BPCL,Fuel,771.0,INR,SUCCESS,Credit Card
TXN2025002712,2025-08-01T07:30:07+05:30,PharmEasy,Health,3516.0,INR,PENDING,Debit Card
TXN2025002713,2025-09-21T09:44:16Z,Indian Oil,Fuel,4094.0,INR,SUCCESS,UPI
TXN2025002714,2026-02-01T19:14:39Z,Cult.fit,Health,5248.0,INR,SUCCESS,Netbanking
TXN2025002715,2025-10-08T07:11:10Z,Croma,Shopping,15084.61,INR,SUCCESS,Credit Card
TXN2025002716,2026-03-10T09:15:04Z,DMart,Groceries,5418.19,INR,SUCCESS,Netbanking
TXN2025002717,2026-03-18T22:03:43+05:30,Zomato,Food & Dining,467.52,INR,SUCCESS,Netbanking
TXN2025002718,2026-05-09T06:14:57Z,IRCTC,Travel,1826.0,INR,SUCCESS,Credit Card
TXN2025002719,24/10/2025 23:14:41,Ola,Travel,6885.88,INR,SUCCESS,Credit Card
TXN2025002720,1753132472000,PharmEasy,Health,5752.34,INR,SUCCESS,Credit Card
TXN2025002721,2025-09-23T04:46:44+05:30,Apollo Pharmacy,Health,6247.91,INR,SUCCESS,UPI
TXN2025002722,2026-05-30T21:37:04Z,Zepto,Groceries,370.45,INR,SUCCESS,Credit Card
TXN2025002723,2025-11-05T03:12:18+05:30,ACT Fibernet,Utilities,3324.42,INR,SUCCESS,Netbanking
TXN2025002724,2026-01-03T11:33:38+05:30,1mg,Health,5313.93,INR,PENDING,Debit Card
TXN2025002725,2026-02-25T03:29:15Z,Coursera,Education,47297.0,INR,SUCCESS,UPI
TXN2025002726,2026-07-03T11:11:43Z,Zomato,Food & Dining,603.04,INR,SUCCESS,UPI
TXN2025002727,2026-07-09T01:36:41Z,Zepto,Groceries,2836.85,INR,SUCCESS,UPI
TXN2025002728,2026-07-12T20:19:06Z,Starbucks,Food & Dining,407.08,INR,FAILED,Debit Card
TXN2025002729,2025-10-24,McDonald's,Food & Dining,338.38,INR,PENDING,UPI
TXN2025002730,2026-06-26T23:54:01Z,Myntra,Shopping,5681.0,INR,SUCCESS,UPI
TXN2025002731,2025-07-12T19:02:47+05:30,Cult.fit,Health,5248.18,INR,SUCCESS,Credit Card
TXN2025002732,2025-12-24T19:11:13+05:30,Swiggy,Food & Dining,207.82,INR,SUCCESS,Debit Card
TXN2025002733,2025-07-25,BigBasket,Groceries,428.59,INR,SUCCESS,Credit Card
TXN2025002734,2025-07-12T09:10:14Z,IRCTC,Travel,773.39,INR,SUCCESS,Netbanking
TXN2025002735,2026-07-13T14:39:05Z,Jio,Utilities,2940.49,INR,SUCCESS,UPI
TXN2025002736,18/10/2025 01:27:33,Coursera,,4401.62,INR,SUCCESS,Debit Card
TXN2025002737,10/07/2025 11:32:40,LIC Premium,Insurance,19948.09,INR,SUCCESS,Debit Card
TXN2025002738,1751373583000,Ola,Travel,2266.4,INR,SUCCESS,UPI
TXN2025002739,05/07/2026 18:38:52,Apollo Pharmacy,Health,5872.44,INR,SUCCESS,Netbanking
TXN2025002740,2025-10-20T01:01:58Z,MakeMyTrip,Travel,6497.01,INR,SUCCESS,UPI
TXN2025002741,2026-01-28T06:27:13Z,1mg,Health,2665.99,INR,SUCCESS,Debit Card
TXN2025002742,2026-01-26T18:48:50Z,Coursera,Education,49698.23,INR,SUCCESS,Debit Card
TXN2025002743,2026-02-11T02:27:57Z,HDFC Ergo,Insurance,26113.6,INR,SUCCESS,Debit Card
TXN2025002744,27/08/2025 08:02:27,Tata Power,Utilities,3445.59,INR,SUCCESS,Netbanking
TXN2025002745,2025-12-15T10:20:28Z,Unacademy,Education,30282.05,INR,SUCCESS,Debit Card
TXN2025002746,2025-12-29T04:36:33+05:30,Ajio,Shopping,6223.99,INR,SUCCESS,Credit Card
TXN2025002747,2026-02-28T12:30:27Z,Domino's,Food & Dining,387.89,INR,SUCCESS,Debit Card
TXN2025002748,2026-05-27T12:48:25+05:30,Shell,Fuel,3030.79,INR,SUCCESS,Credit Card
TXN2025002749,2026-05-16T13:32:54Z,IRCTC,Travel,7457.23,INR,SUCCESS,UPI
TXN2025002750,2026-02-09T06:13:07Z,Indian Oil,Fuel,2675.99,INR,SUCCESS,Debit Card
TXN2025002751,27/09/2025 01:45:52,BPCL,Fuel,3158.0,INR,PENDING,Debit Card
TXN2025002752,2026-05-06T06:16:02Z,ACT Fibernet,Utilities,585.84,INR,PENDING,Netbanking
TXN2025002753,2026-02-09T20:42:39Z,HP Petrol,Fuel,3127.57,INR,SUCCESS,Netbanking
TXN2025002754,1772798785000,upGrad,Education,41584.0,INR,SUCCESS,Netbanking
TXN2025006910,12/09/2025 03:22:24,Nykaa,Shopping,15076.26,INR,SUCCESS,UPI
TXN2025002756,2026-06-21T10:46:55Z,Indian Oil,Fuel,3699.74,INR,PENDING,Debit Card
TXN2025002757,2025-09-20T06:17:44+05:30,IndiGo,Travel,6851.0,INR,SUCCESS,UPI
TXN2025002758,2025-08-16T19:00:20Z,Ola,Travel,406.0,INR,SUCCESS,Credit Card
TXN2025002759,2026-07-05T02:34:49Z,Unacademy,Education,4851.0,INR,FAILED,Netbanking
TXN2025002760,2026-02-17T20:10:15Z,Netflix,Entertainment,1704.0,INR,SUCCESS,Debit Card
TXN2025002761,1772087042000,BookMyShow,Entertainment,1030.0,INR,FAILED,Netbanking
TXN2025002762,2026-01-07T14:03:35Z,Cult.fit,Health,4361.0,INR,SUCCESS,Netbanking
TXN2025002763,2025-12-31T16:44:54Z,DMart,Groceries,2303.0,INR,SUCCESS,UPI
TXN2025002764,14/11/2025 08:04:08,Jio,Utilities,2472.35,INR,SUCCESS,Netbanking
TXN2025002765,2026-04-21T13:21:13Z,Zomato,Food & Dining,416.37,INR,SUCCESS,Netbanking
TXN2025002766,08/04/2026 06:45:58,Rapido,Travel,4984.0,INR,FAILED,UPI
TXN2025002767,2026-02-20T10:02:28+05:30,Tata Power,Utilities,1453.0,INR,SUCCESS,UPI
TXN2025002768,2026-05-28T21:50:33+05:30,DMart,Groceries,2065.94,INR,SUCCESS,Credit Card
TXN2025002769,1755616057000,Practo,Health,2962.0,INR,SUCCESS,UPI
TXN2025002770,2025-12-27T15:39:01Z,Indian Oil,Fuel,2277.72,INR,SUCCESS,Netbanking
TXN2025002771,2026-02-13T05:15:24Z,Shell,Fuel,3114.0,INR,SUCCESS,Netbanking
TXN2025002772,2025-09-01T23:24:15Z,Uber,Travel,8139.0,INR,SUCCESS,Debit Card
TXN2025002773,2025-08-29T21:18:18Z,1mg,Health,2420.0,INR,SUCCESS,Credit Card
TXN2025002774,2026-04-28,BSES,Utilities,1804.0,INR,SUCCESS,Credit Card
TXN2025002775,10/11/2025 01:41:09,BookMyShow,Entertainment,252.0,INR,SUCCESS,Netbanking
TXN2025002776,2026-07-03T22:53:01Z,MakeMyTrip,Travel,6481.69,INR,FAILED,UPI
TXN2025002777,1783073255000,Croma,Shopping,2806.97,INR,SUCCESS,UPI
TXN2025002778,2025-12-14T18:08:35Z,Airtel,Utilities,1837.28,INR,SUCCESS,Debit Card
TXN2025002779,2025-07-13T19:05:10Z,Cult.fit,Health,3872.87,INR,SUCCESS,Netbanking
TXN2025002780,2025-08-03T15:39:47Z,BPCL,Fuel,3308.0,INR,SUCCESS,Debit Card
TXN2025002781,2026-06-17T20:46:32Z,BSES,Utilities,1524.38,INR,SUCCESS,UPI
TXN2025002782,2026-03-15T21:24:09Z,Zomato,Food & Dining,246.36,INR,SUCCESS,Netbanking
TXN2025002783,2025-10-11T03:23:59+05:30,Coursera,Education,54812.1,INR,SUCCESS,UPI
TXN2025002784,2026-02-03T02:58:14Z,Coursera,Education,11016.74,INR,PENDING,Credit Card
TXN2025002785,2026-03-30T04:42:38Z,Ola,Travel,1497.0,INR,FAILED,UPI
TXN2025002786,2025-08-13T18:55:48+05:30,Spotify,Entertainment,290.05,INR,SUCCESS,Debit Card
TXN2025002787,2026-05-11T21:52:17Z,PharmEasy,Health,3784.0,INR,SUCCESS,Debit Card
TXN2025002788,1757638814000,IndiGo,Travel,7773.15,INR,SUCCESS,Netbanking
TXN2025002789,2025-11-28T15:05:39+05:30,BSES,Utilities,1779.0,INR,SUCCESS,UPI
TXN2025002790,2025-08-26,Nykaa,Shopping,12124.0,INR,SUCCESS,UPI
TXN2025002791,2026-02-05T15:28:10Z,BSES,Utilities,1894.17,INR,SUCCESS,Credit Card
TXN2025002792,2025-11-18T05:59:53Z,Cult.fit,Health,5310.88,INR,SUCCESS,Debit Card
TXN2025002793,2026-06-03T21:43:14Z,YouTube Premium,Entertainment,289.29,INR,SUCCESS,Netbanking
TXN2025002794,2025-11-22T21:28:15Z,Zomato,Food & Dining,270.23,INR,SUCCESS,Netbanking
TXN2025002795,2026-06-18T05:05:12Z,1mg,Health,5879.0,INR,SUCCESS,Netbanking
TXN2025002796,1764949144000,Practo,Health,6653.31,INR,SUCCESS,Credit Card
TXN2025002797,2026-04-27T00:18:23Z,IndiGo,Travel,5471.0,INR,SUCCESS,Netbanking
TXN2025002798,02/08/2025 22:47:27,1mg,Health,361.0,INR,SUCCESS,Credit Card
TXN2025002799,2025-10-18T01:33:27+05:30,Udemy,Education,3156.0,INR,SUCCESS,Debit Card
TXN2025002800,2026-06-22T19:14:48Z,Zepto,Groceries,5067.05,INR,SUCCESS,Netbanking
TXN2025002801,23/05/2026 00:46:44,Indian Oil,Fuel,2451.15,INR,SUCCESS,Credit Card
TXN2025002802,2026-07-14T12:16:16Z,BSES,Utilities,1312.35,INR,SUCCESS,UPI
TXN2025002803,2026-06-05T11:46:30Z,Rapido,Travel,5736.27,INR,SUCCESS,Credit Card
TXN2025002804,2025-10-01T23:30:27+05:30,DMart,Groceries,5582.0,INR,SUCCESS,Credit Card
TXN2025002805,2025-11-08T02:24:43+05:30,Netflix,Entertainment,2434.0,INR,SUCCESS,Netbanking
TXN2025002806,2026-03-13T17:51:39Z,BigBasket,Groceries,1804.29,INR,SUCCESS,Credit Card
TXN2025002807,18/11/2025 09:18:08,upGrad,Education,16930.12,INR,FAILED,Debit Card
TXN2025002808,2025-09-06T02:51:02Z,IRCTC,Travel,7222.67,INR,SUCCESS,Debit Card
TXN2025002809,2026-03-03T18:37:41Z,Cult.fit,Health,1842.14,INR,SUCCESS,Credit Card
TXN2025002810,2025-11-30T02:15:30+05:30,Udemy,Education,44716.99,INR,SUCCESS,Debit Card
TXN2025002811,1759855376000,Apollo Pharmacy,Health,3294.00,INR,SUCCESS,UPI
TXN2025002812,2026-01-30T15:14:29Z,Rapido,Travel,1294.98,INR,SUCCESS,UPI
TXN2025002813,2026-06-26T07:46:33+05:30,McDonald's,Food & Dining,267.36,INR,SUCCESS,Netbanking
TXN2025002814,2026-02-06T03:33:04Z,BPCL,Fuel,2834.0,INR,SUCCESS,Credit Card
TXN2025002815,1767735094000,BigBasket,Groceries,590.66,INR,SUCCESS,UPI
TXN2025002816,2025-08-24T00:51:12Z,BSES,Utilities,1642.0,INR,SUCCESS,UPI
TXN2025002817,2025-07-16T16:58:13Z,Spotify,Entertainment,1936.05,INR,SUCCESS,Debit Card
TXN2025002818,2026-05-01T04:42:14Z,Flipkart,Shopping,10030.0,INR,SUCCESS,Netbanking
TXN2025002819,2025-07-24T00:37:15Z,IRCTC,Travel,551.45,INR,SUCCESS,UPI
TXN2025002820,2025-10-19T08:49:30+05:30,JioMart,Groceries,5867.97,INR,FAILED,Credit Card
TXN2025002821,2026-04-18T17:05:57Z,MakeMyTrip,Travel,2139.85,INR,SUCCESS,Debit Card
TXN2025002822,2025-11-01,IndiGo,Travel,1534.99,INR,SUCCESS,Credit Card
TXN2025002823,2025-09-17T21:24:47+05:30,Croma,Shopping,14570.79,INR,SUCCESS,UPI
TXN2025002824,2026-07-14T01:38:22Z,Croma,Shopping,1959.29,INR,FAILED,Netbanking
TXN2025002825,2025-09-24T14:07:19Z,Myntra,Shopping,2038.82,INR,SUCCESS,Netbanking
TXN2025002826,2025-09-24T08:13:57Z,Practo,Health,1284.0,INR,FAILED,UPI
TXN2025002827,1770757609000,Swiggy,Food & Dining,306.0,INR,SUCCESS,Netbanking
TXN2025002828,2025-08-01T14:46:07Z,Airtel,Utilities,904.0,INR,SUCCESS,Netbanking
TXN2025002829,1779849142000,Airtel,Utilities,696.27,INR,SUCCESS,Netbanking
TXN2025002830,08/06/2026 11:01:49,Zomato,Food & Dining,542.0,INR,SUCCESS,Netbanking
TXN2025002831,2025-11-02T20:30:12Z,Jio,Utilities,2805.64,INR,SUCCESS,Netbanking
TXN2025002832,2026-02-21T07:59:32Z,Indian Oil,Fuel,2962.55,INR,SUCCESS,Debit Card
TXN2025002833,29/03/2026 10:29:20,Nykaa,Shopping,12766.01,INR,SUCCESS,Netbanking
TXN2025002834,2025-10-30T19:09:57Z,Croma,Shopping,14259.0,INR,SUCCESS,Netbanking
TXN2025002835,2025-09-28T10:36:06Z,BigBasket,Groceries,1717.0,INR,SUCCESS,Netbanking
TXN2025002836,08/03/2026 16:17:02,Zomato,Food & Dining,655.46,INR,SUCCESS,UPI
TXN2025002837,2026-02-07T18:43:29Z,Airtel,Utilities,2553.0,INR,SUCCESS,Debit Card
TXN2025002838,2025-12-20T17:15:13Z,BookMyShow,Entertainment,197.18,INR,SUCCESS,UPI
TXN2025002839,2025-11-20T03:24:38Z,Jio,Utilities,1041.0,INR,SUCCESS,Netbanking
TXN2025002840,2026-03-08T11:55:08+05:30,Croma,Shopping,3324.76,INR,SUCCESS,Credit Card
TXN2025002841,2026-04-22T04:50:00Z,Domino's,Food & Dining,883.75,INR,SUCCESS,UPI
TXN2025002842,2026-03-28T00:47:05+05:30,BYJU'S,Education,50455.0,INR,SUCCESS,UPI
TXN2025002843,2025-12-23T17:42:21Z,Rapido,Travel,897.45,INR,SUCCESS,Debit Card
TXN2025002844,2026-06-21T11:53:34Z,Nykaa,Shopping,15502.0,INR,SUCCESS,Credit Card
TXN2025002845,2025-09-28T19:10:41Z,YouTube Premium,Entertainment,881.57,INR,SUCCESS,UPI
TXN2025002846,2026-07-06,Apollo Pharmacy,Health,4634.16,INR,SUCCESS,Credit Card
TXN2025002847,2026-06-13T07:46:39Z,Blinkit,Groceries,3423.25,INR,SUCCESS,Credit Card
TXN2025002848,2026-04-03T11:45:08Z,Zomato,Food & Dining,750.0,INR,SUCCESS,UPI
TXN2025002849,2026-01-24T03:18:20Z,Flipkart,Shopping,5098.63,INR,SUCCESS,Netbanking
TXN2025002850,2025-08-29T07:26:26+05:30,BPCL,Fuel,3543.44,INR,SUCCESS,Credit Card
TXN2025002851,2025-09-05,IndiGo,Travel,7124.0,INR,SUCCESS,Debit Card
TXN2025002852,2026-06-13T06:59:47Z,Indian Oil,Fuel,3753.22,INR,SUCCESS,Netbanking
TXN2025002853,2026-05-25T12:47:52Z,Ajio,Shopping,3297.57,INR,SUCCESS,Credit Card
TXN2025002854,2025-10-17T11:03:02+05:30,1mg,Health,5864.82,INR,SUCCESS,Credit Card
TXN2025002855,2025-10-05T04:01:46Z,Tata Power,Utilities,777.0,INR,SUCCESS,UPI
TXN2025002856,2025-10-20T12:55:16+05:30,McDonald's,Food & Dining,886.0,INR,SUCCESS,Netbanking
TXN2025002857,2026-04-08T19:30:00Z,Unacademy,Education,41729.72,INR,SUCCESS,Netbanking
TXN2025002858,2026-02-21T03:49:44+05:30,Udemy,Education,51937.35,INR,SUCCESS,Netbanking
TXN2025002859,2025-09-03T19:34:44+05:30,Policybazaar,Insurance,11180.05,INR,SUCCESS,Netbanking
TXN2025002860,2026-02-18T17:01:28Z,Ajio,Shopping,14555.0,INR,PENDING,Debit Card
TXN2025002861,2025-11-23T18:33:14Z,Myntra,Shopping,11017.59,INR,SUCCESS,Debit Card
TXN2025002862,2025-07-07T00:01:04Z,Zomato,Food & Dining,365.0,INR,SUCCESS,Netbanking
TXN2025002863,2026-02-15,Cult.fit,Health,5289.88,INR,SUCCESS,Credit Card
TXN2025002864,2025-08-25T00:58:30Z,Udemy,Education,43862.86,INR,SUCCESS,Credit Card
TXN2025002865,2026-04-03T20:37:08+05:30,Airtel,Utilities,1034.64,INR,SUCCESS,Debit Card
TXN2025002866,2025-07-20T17:04:54Z,IRCTC,Travel,4277.03,INR,SUCCESS,Credit Card
TXN2025002867,2025-07-21T09:36:29Z,Cult.fit,Health,6470.0,INR,SUCCESS,Netbanking
TXN2025002868,1753929588000,BookMyShow,Entertainment,2234.45,INR,SUCCESS,Debit Card
TXN2025002869,2025-07-16T17:42:53+05:30,Netflix,Entertainment,2079.39,INR,SUCCESS,UPI
TXN2025002870,2026-01-13T13:26:59Z,Netflix,Entertainment,928.0,INR,SUCCESS,UPI
TXN2025002871,2025-10-13T11:26:03Z,Flipkart,Shopping,2925.82,INR,SUCCESS,UPI
TXN2025002872,2025-07-10T08:59:58+05:30,Indian Oil,Fuel,1374.78,INR,SUCCESS,Netbanking
TXN2025002873,2026-02-27T05:50:28Z,JioMart,Groceries,4851.51,INR,PENDING,Debit Card
TXN2025002874,2025-08-17T21:13:07+05:30,Spotify,Entertainment,268.7,INR,SUCCESS,Netbanking
TXN2025002875,2026-04-29T15:40:33+05:30,Jio,Utilities,2720.0,INR,SUCCESS,UPI
TXN2025002876,14/03/2026 13:23:23,Nykaa,Shopping,16816.52,INR,SUCCESS,Netbanking
TXN2025002877,2025-08-25,LIC Premium,Insurance,29317.0,INR,SUCCESS,Credit Card
TXN2025002878,2025-09-24T07:15:45Z,Amazon,Shopping,11237.0,INR,SUCCESS,UPI
TXN2025002879,2025-12-10T11:32:44+05:30,Zepto,Groceries,369.0,INR,SUCCESS,Credit Card
TXN2025002880,2025-12-13T19:06:12+05:30,YouTube Premium,Entertainment,2028.56,INR,SUCCESS,Debit Card
TXN2025002881,2026-05-30T07:28:30Z,IRCTC,Travel,204.0,INR,SUCCESS,Debit Card
TXN2025002882,2025-12-29T15:26:02Z,LIC Premium,Insurance,20082.0,INR,SUCCESS,Netbanking
TXN2025002883,2026-06-15T01:33:54Z,Myntra,Shopping,1761.46,INR,SUCCESS,Debit Card
TXN2025002884,2026-02-02T22:14:11+05:30,BSES,Utilities,3353.0,INR,SUCCESS,Debit Card
TXN2025002885,17/03/2026 07:53:54,Cult.fit,Health,4704.85,INR,SUCCESS,Debit Card
TXN2025002886,2026-05-13T06:12:55Z,1mg,Health,5481.0,INR,SUCCESS,Netbanking
TXN2025002887,2025-10-25T17:30:20+05:30,BSES,Utilities,1098.22,INR,SUCCESS,Netbanking
TXN2025002888,2026-05-31T23:24:59Z,Starbucks,Food & Dining,862.0,INR,SUCCESS,UPI
TXN2025002889,2025-09-23T19:17:08Z,Nykaa,Shopping,10146.0,INR,PENDING,Netbanking
TXN2025002890,2026-01-13T05:18:16Z,Nykaa,Shopping,16694.81,INR,SUCCESS,Netbanking
TXN2025002891,2025-10-24T22:10:11Z,HDFC Ergo,Insurance,16894.25,INR,SUCCESS,Credit Card
TXN2025002892,2026-03-15T05:00:40Z,Croma,Shopping,11346.98,INR,FAILED,Debit Card
TXN2025002893,2025-08-29T14:18:44Z,Starbucks,Food & Dining,459.79,INR,SUCCESS,Netbanking
TXN2025002894,2025-10-28T09:20:13Z,Zomato,Food & Dining,380.35,INR,SUCCESS,Netbanking
TXN2025002895,2025-09-21T21:23:27Z,ACT Fibernet,Utilities,3261.86,INR,SUCCESS,Netbanking
TXN2025002896,2025-09-02T19:25:38Z,IndiGo,Travel,2720.91,INR,SUCCESS,Credit Card
TXN2025002897,2025-08-01T22:58:56Z,1mg,Health,2390.93,INR,SUCCESS,UPI
TXN2025002898,2026-01-26T15:07:03Z,Amazon,Shopping,14402.0,INR,SUCCESS,Netbanking
TXN2025002899,1774708507000,Amazon,Shopping,16841.71,INR,SUCCESS,Credit Card
TXN2025002900,2025-08-21T14:39:16Z,Starbucks,Food & Dining,121.0,INR,SUCCESS,Debit Card
TXN2025002901,16/11/2025 17:48:57,Unacademy,Education,38025.42,INR,FAILED,UPI
TXN2025002902,2025-08-08T14:18:00Z,Domino's,Food & Dining,248.0,INR,PENDING,UPI
TXN2025002903,2025-09-13T10:22:57Z,Domino's,Food & Dining,599.2,INR,SUCCESS,Netbanking
TXN2025002904,2026-02-25T00:16:14+05:30,ACT Fibernet,Utilities,554.88,INR,SUCCESS,UPI
TXN2025002905,2026-02-21T04:23:33Z,Practo,Health,2098.0,INR,SUCCESS,Credit Card
TXN2025002906,1767965140000,Udemy,Education,42907.84,INR,PENDING,Credit Card
TXN2025002907,09/11/2025 12:31:03,upGrad,Education,16318.92,INR,SUCCESS,Credit Card
TXN2025002908,2026-07-05T14:31:46+05:30,upGrad,Education,26523.13,INR,SUCCESS,Debit Card
TXN2025002909,2025-12-10T02:15:32Z,Blinkit,Groceries,4024.89,INR,SUCCESS,Debit Card
TXN2025002910,27/08/2025 18:10:45,Coursera,Education,18636.0,INR,SUCCESS,Credit Card
TXN2025002911,2025-08-15T11:42:45Z,Domino's,Food & Dining,181.97,INR,SUCCESS,UPI
TXN2025002912,2025-10-18,Airtel,Utilities,616.16,INR,SUCCESS,Debit Card
TXN2025002913,2026-01-04T00:48:25+05:30,upGrad,Education,18276.0,INR,SUCCESS,Netbanking
TXN2025002914,2026-03-18T20:08:41+05:30,Myntra,Shopping,16762.26,INR,SUCCESS,Debit Card
TXN2025002915,2025-07-13T21:52:32Z,BYJU'S,Education,12326.89,INR,SUCCESS,Credit Card
TXN2025002916,2025-07-12T22:58:41Z,Hotstar,Entertainment,599.0,INR,SUCCESS,Netbanking
TXN2025002917,2026-07-11T03:25:21Z,Uber,Travel,7350.17,INR,PENDING,Debit Card
TXN2025002918,11/07/2026 10:16:12,Airtel,Utilities,638.0,INR,SUCCESS,Netbanking
TXN2025002919,06/02/2026 00:48:12,Coursera,Education,17997.89,INR,SUCCESS,Credit Card
TXN2025002920,2025-10-06T02:15:53Z,Swiggy,Food & Dining,-797.0,INR,SUCCESS,UPI
TXN2025002921,2025-07-17T02:12:20Z,ACT Fibernet,Utilities,3089.0,INR,SUCCESS,Credit Card
TXN2025002922,2026-06-18T03:12:47Z,Indian Oil,Fuel,2915.69,INR,SUCCESS,Credit Card
TXN2025002923,18/11/2025 02:13:27,YouTube Premium,Entertainment,239.0,INR,SUCCESS,Debit Card
TXN2025005702,2026-01-04,Practo,Health,2705.0,INR,SUCCESS,Credit Card
TXN2025002925,2026-05-30,IRCTC,Travel,1500.69,INR,SUCCESS,Debit Card
TXN2025002926,1771121682000,HP Petrol,Fuel,2062.76,INR,SUCCESS,Credit Card
TXN2025002927,2025-07-16T07:28:11+05:30,Jio,Utilities,2740.05,INR,SUCCESS,Debit Card
TXN2025002928,2025-10-19T06:05:55Z,Shell,Fuel,4487.16,INR,SUCCESS,UPI
TXN2025002929,2025-07-25T09:19:26+05:30,YouTube Premium,Entertainment,1534.49,INR,FAILED,Netbanking
TXN2025002930,2025-09-28T11:03:56Z,Tata Power,Utilities,3216.55,INR,SUCCESS,Credit Card
TXN2025002931,2026-05-27T17:15:03Z,Airtel,Utilities,1073.51,INR,SUCCESS,Credit Card
TXN2025002932,2025-10-11T19:53:22Z,Coursera,Education,49836.0,INR,SUCCESS,Credit Card
TXN2025002933,2025-10-01T13:57:17Z,Domino's,Food & Dining,293.0,INR,SUCCESS,UPI
TXN2025002934,2026-05-08T17:38:52Z,Jio,Utilities,357.0,INR,SUCCESS,Netbanking
TXN2025002935,2026-05-05,Zomato,Food & Dining,511.37,INR,SUCCESS,Debit Card
TXN2025002936,2026-02-11T02:08:04Z,1mg,Health,4693.7,INR,SUCCESS,Debit Card
TXN2025002937,2025-11-29T01:59:23+05:30,Myntra,Shopping,15444.88,INR,FAILED,Debit Card
TXN2025002938,2026-03-23T19:56:45Z,Uber,Travel,4996.0,INR,SUCCESS,UPI
TXN2025002939,2025-07-08T19:21:11Z,JioMart,Groceries,3987.0,INR,SUCCESS,Credit Card
TXN2025002940,22/10/2025 12:35:18,HDFC Ergo,Insurance,29644.0,INR,SUCCESS,Debit Card
TXN2025002941,2026-04-09T22:46:49Z,YouTube Premium,Entertainment,529.54,INR,SUCCESS,Debit Card
TXN2025002942,27/01/2026 14:47:04,Flipkart,Shopping,13853.0,INR,PENDING,UPI
TXN2025002943,2026-05-28T01:19:06Z,McDonald's,Food & Dining,886.59,INR,SUCCESS,Credit Card
TXN2025002944,2026-07-02T12:36:34Z,McDonald's,Food & Dining,727.36,INR,SUCCESS,Credit Card
TXN2025002945,2026-01-11,Myntra,Shopping,13850.0,INR,SUCCESS,Netbanking
TXN2025002946,2025-10-16T20:26:57Z,Indian Oil,Fuel,988.39,INR,SUCCESS,Debit Card
TXN2025002947,2025-09-12T12:24:19+05:30,Amazon,Shopping,6584.69,INR,SUCCESS,Debit Card
TXN2025002948,2026-05-09,LIC Premium,Insurance,2201.76,INR,SUCCESS,UPI
TXN2025002949,19/01/2026 18:12:02,McDonald's,Food & Dining,246.0,INR,FAILED,Credit Card
TXN2025002950,2025-11-14T05:37:23Z,BSES,Utilities,3470.67,INR,SUCCESS,Debit Card
TXN2025002951,2026-05-10T12:20:55+05:30,BookMyShow,Entertainment,2012.56,INR,SUCCESS,Netbanking
TXN2025002952,2026-01-04,IRCTC,Travel,1674.2,INR,SUCCESS,UPI
TXN2025002953,2026-06-20,HDFC Ergo,Insurance,10229.92,INR,SUCCESS,Netbanking
TXN2025002954,2026-03-07T07:17:21Z,BPCL,Fuel,3583.36,INR,SUCCESS,Credit Card
TXN2025002955,2026-02-07T12:02:23Z,Domino's,Food & Dining,148.0,INR,PENDING,UPI
TXN2025002956,2025-12-09,Coursera,Education,51431.62,INR,SUCCESS,UPI
TXN2025002957,2026-05-24T04:02:17Z,DMart,Groceries,5213.0,INR,SUCCESS,UPI
TXN2025002958,31/01/2026 05:19:38,PharmEasy,Health,1080.03,INR,SUCCESS,Debit Card
TXN2025002959,1779333757000,Myntra,Shopping,11380.0,INR,SUCCESS,Debit Card
TXN2025002960,2025-10-22T17:39:52Z,IndiGo,Travel,2946.11,INR,SUCCESS,UPI
TXN2025002961,23/08/2025 04:10:55,Starbucks,Food & Dining,852.46,INR,SUCCESS,Debit Card
TXN2025002962,2026-05-26T18:37:22Z,BookMyShow,Entertainment,2498.0,INR,SUCCESS,UPI
TXN2025002963,2026-04-13T15:00:56Z,HP Petrol,Fuel,1955.14,INR,SUCCESS,Netbanking
TXN2025002964,10/09/2025 18:14:18,Zomato,Food & Dining,140.00,INR,SUCCESS,UPI
TXN2025002965,2026-05-27T11:42:24Z,Ajio,Shopping,16789.39,INR,SUCCESS,Debit Card
TXN2025002966,2025-11-07T09:36:11Z,Myntra,Shopping,2029.0,INR,SUCCESS,UPI
TXN2025002967,2025-07-31T09:19:53Z,Uber,Travel,5272.42,INR,FAILED,UPI
TXN2025002968,2026-04-20T03:37:28+05:30,BigBasket,Groceries,2075.48,INR,SUCCESS,UPI
TXN2025002969,2026-03-26T03:45:38+05:30,BYJU'S,Education,30642.12,INR,SUCCESS,Debit Card
TXN2025002970,2025-12-04,BPCL,Fuel,3131.0,INR,SUCCESS,UPI
TXN2025002971,2026-03-13T06:32:57Z,Zepto,Groceries,5537.38,INR,PENDING,Debit Card
TXN2025002972,1783150813000,HDFC Ergo,Insurance,3504.0,INR,SUCCESS,UPI
TXN2025002973,2026-05-11T03:35:32Z,Flipkart,Shopping,16083.0,INR,SUCCESS,Netbanking
TXN2025002974,2026-06-30T22:14:22+05:30,Shell,,927.0,INR,SUCCESS,Credit Card
TXN2025002975,2026-06-22T13:54:02+05:30,Amazon,Shopping,6246.0,INR,SUCCESS,UPI
TXN2025002976,10/04/2026 00:25:47,Cult.fit,Health,5713.9,INR,SUCCESS,Credit Card
TXN2025002977,2026-03-23T00:52:39+05:30,Croma,Shopping,13373.26,INR,SUCCESS,Credit Card
TXN2025002978,2025-10-15T03:28:29+05:30,YouTube Premium,Entertainment,161.43,INR,SUCCESS,Credit Card
TXN2025002979,1758388437000,ACT Fibernet,Utilities,2006.0,INR,FAILED,Netbanking
TXN2025002980,2025-08-22T16:04:26Z,Ola,Travel,7460.0,INR,SUCCESS,Netbanking
TXN2025002981,2026-05-29T06:18:10Z,PharmEasy,Health,2120.0,INR,SUCCESS,Netbanking
TXN2025002982,2026-07-15T12:24:15Z,Rapido,Travel,5905.37,INR,SUCCESS,Netbanking
TXN2025002983,2025-08-19T18:49:37+05:30,PharmEasy,Health,1459.0,INR,SUCCESS,Credit Card
TXN2025002984,2025-10-05T09:17:56Z,Udemy,Education,32330.6,INR,SUCCESS,UPI
TXN2025002985,2026-04-10T18:16:01Z,MakeMyTrip,Travel,8983.68,INR,SUCCESS,Netbanking
TXN2025002986,2025-08-13T17:38:03+05:30,Ajio,Shopping,17386.0,INR,PENDING,UPI
TXN2025002987,2026-03-28T03:46:45Z,Udemy,Education,12350.0,INR,SUCCESS,Netbanking
TXN2025002988,27/08/2025 02:01:23,Flipkart,Shopping,6374.95,INR,SUCCESS,UPI
TXN2025002989,2026-03-14T03:10:26+05:30,Spotify,Entertainment,913.34,INR,SUCCESS,Debit Card
TXN2025002990,2025-08-26T10:31:51Z,Airtel,Utilities,2388.3,INR,SUCCESS,Netbanking
TXN2025002991,1783076367000,Netflix,Entertainment,590.99,INR,SUCCESS,Credit Card
TXN2025002992,2025-07-19T18:35:33Z,ACT Fibernet,Utilities,1813.0,INR,SUCCESS,UPI
TXN2025002993,2026-06-10T23:59:25Z,Jio,Utilities,1729.0,INR,SUCCESS,Netbanking
TXN2025002994,2026-06-08T00:52:22Z,HP Petrol,,1656.29,INR,SUCCESS,Credit Card
TXN2025002995,2025-07-06T08:19:24+05:30,Blinkit,Groceries,1892.17,INR,SUCCESS,UPI
TXN2025002996,2025-09-26T02:46:27+05:30,PharmEasy,Health,-3262.0,INR,SUCCESS,Credit Card
TXN2025002997,2026-07-09T23:02:49Z,upGrad,Education,47647.65,INR,SUCCESS,Debit Card
TXN2025002998,2025-08-21T14:41:11Z,Croma,Shopping,8828.18,INR,SUCCESS,Credit Card
TXN2025002999,2026-07-04T08:48:13+05:30,Udemy,Education,27238.0,INR,SUCCESS,Credit Card
TXN2025003000,07/10/2025 23:00:44,Myntra,Shopping,5074.48,INR,SUCCESS,UPI
TXN2025003001,2025-10-29,BigBasket,Groceries,5213.41,INR,SUCCESS,Netbanking
TXN2025003002,2025-08-11T08:55:22Z,Zomato,Food & Dining,169.11,INR,SUCCESS,Debit Card
TXN2025003003,2026-03-17T14:22:36+05:30,Rapido,Travel,7325.45,INR,SUCCESS,Credit Card
TXN2025003004,2025-08-27T16:10:41Z,Cult.fit,Health,3554.7,INR,SUCCESS,Debit Card
TXN2025003005,2025-11-10T07:36:42Z,upGrad,Education,42562.84,INR,SUCCESS,Netbanking
TXN2025003006,2026-04-06,Ola,Travel,1848.87,INR,FAILED,Netbanking
TXN2025003007,1758001192000,Rapido,Travel,6325.0,INR,SUCCESS,Netbanking
TXN2025003008,2026-02-04T19:33:58Z,Coursera,Education,46462.98,INR,SUCCESS,UPI
TXN2025003009,2025-10-03T20:59:05Z,BookMyShow,Entertainment,1258.0,INR,SUCCESS,UPI
TXN2025003010,2026-01-23T13:37:44Z,JioMart,Groceries,2334.22,INR,SUCCESS,Netbanking
TXN2025003011,2026-03-25T15:14:34Z,MakeMyTrip,Travel,3991.24,INR,PENDING,UPI
TXN2025003012,2026-06-02T07:20:45Z,Apollo Pharmacy,Health,6287.0,INR,SUCCESS,Credit Card
TXN2025003013,2025-07-28T23:13:04Z,Tata Power,Utilities,1560.79,INR,SUCCESS,Netbanking
TXN2025003014,2025-09-23T14:47:32Z,BYJU'S,Education,8328.08,INR,SUCCESS,UPI
TXN2025003015,2025-12-06T15:56:39Z,Domino's,Food & Dining,320.04,INR,SUCCESS,Debit Card
TXN2025003016,2025-09-19T23:18:29Z,Udemy,Education,32785.41,INR,SUCCESS,Debit Card
TXN2025003017,1759707433000,IndiGo,Travel,5583.0,INR,SUCCESS,Credit Card
TXN2025003018,1756913056000,Domino's,Food & Dining,491.0,INR,SUCCESS,UPI
TXN2025003019,2025-12-07T16:50:16Z,ACT Fibernet,Utilities,2896.0,INR,PENDING,UPI
TXN2025003020,2026-02-09T08:10:40Z,Amazon,Shopping,9240.0,INR,SUCCESS,UPI
TXN2025003021,2026-04-19T13:31:12+05:30,Jio,Utilities,2498.05,INR,SUCCESS,Credit Card
TXN2025003022,2026-02-07T19:10:10Z,Zomato,Food & Dining,696.34,INR,FAILED,Debit Card
TXN2025003023,2026-04-13T04:15:54Z,Ola,Travel,1714.0,INR,SUCCESS,Credit Card
TXN2025003024,2025-10-23T13:35:56+05:30,Ola,Travel,7480.0,INR,SUCCESS,UPI
TXN2025003025,2025-07-13T00:00:59Z,Coursera,Education,25270.67,INR,SUCCESS,Credit Card
TXN2025003026,25/10/2025 08:24:54,Spotify,Entertainment,1623.38,INR,SUCCESS,Netbanking
TXN2025003027,2025-08-31T18:37:45+05:30,Nykaa,Shopping,12491.74,INR,SUCCESS,Netbanking
TXN2025003028,07/09/2025 00:00:38,Swiggy,Food & Dining,253.0,INR,SUCCESS,Netbanking
TXN2025003029,2025-07-29T04:53:41Z,Flipkart,Shopping,1847.0,INR,PENDING,Netbanking
TXN2025003030,2025-09-03T07:29:43Z,Flipkart,Shopping,8021.02,INR,SUCCESS,Debit Card
TXN2025003031,1769187604000,Airtel,Utilities,719.41,INR,SUCCESS,Credit Card
TXN2025003032,2026-05-05T15:17:42+05:30,Airtel,Utilities,1602.12,INR,SUCCESS,Debit Card
TXN2025003033,2026-04-11,DMart,Groceries,1783.0,INR,FAILED,UPI
TXN2025003034,2026-01-24T22:44:04+05:30,Ola,Travel,3771.18,INR,success,UPI
TXN2025003035,2026-06-15T14:51:10Z,PharmEasy,Health,940.13,INR,SUCCESS,Credit Card
TXN2025003036,2025-08-13T22:46:23+05:30,HDFC Ergo,Insurance,-28460.38,INR,SUCCESS,Netbanking
TXN2025003037,2026-04-13T05:32:40Z,Hotstar,Entertainment,2286.84,INR,FAILED,UPI
TXN2025003038,2026-05-07T01:11:15Z,HP Petrol,Fuel,1219.17,INR,SUCCESS,Credit Card
TXN2025003039,2026-06-09T05:54:04Z,Starbucks,Food & Dining,516.56,INR,SUCCESS,Credit Card
TXN2025003040,2026-01-25T12:58:57Z,Shell,Fuel,2709.0,INR,SUCCESS,Debit Card
TXN2025003041,2025-09-08T00:28:12Z,Rapido,Travel,3122.0,INR,PENDING,Netbanking
TXN2025003042,2026-05-08T13:47:28Z,ACT Fibernet,Utilities,3005.0,INR,FAILED,UPI
TXN2025003043,11/12/2025 22:27:57,HP Petrol,Fuel,1091.29,INR,SUCCESS,UPI
TXN2025003044,2026-03-22T09:02:21Z,HDFC Ergo,Insurance,30765.37,INR,SUCCESS,Debit Card
TXN2025003045,2025-07-11,Zomato,Food & Dining,145.0,INR,SUCCESS,UPI
TXN2025003046,2026-04-21,LIC Premium,Insurance,2668.0,INR,SUCCESS,UPI
TXN2025003047,2026-05-09T13:07:22Z,Amazon,Shopping,12492.43,INR,FAILED,Netbanking
TXN2025003048,2026-03-02,Shell,Fuel,3090.0,INR,SUCCESS,UPI
TXN2025003049,25/11/2025 04:57:21,LIC Premium,Insurance,7266.35,INR,SUCCESS,UPI
TXN2025003050,2025-10-10T01:22:12Z,Indian Oil,Fuel,-3082.43,INR,SUCCESS,UPI
TXN2025003051,2026-02-09T20:17:51+05:30,Shell,Fuel,3751.06,INR,SUCCESS,Netbanking
TXN2025003052,2025-07-30T12:29:59Z,Blinkit,Groceries,3099.49,INR,FAILED,Credit Card
TXN2025003053,2025-07-17T06:15:15Z,Policybazaar,Insurance,12625.62,INR,SUCCESS,Netbanking
TXN2025003054,2025-07-10T23:10:49Z,BSES,Utilities,333.26,INR,SUCCESS,UPI
TXN2025003055,2025-11-24T12:44:36Z,Swiggy,Food & Dining,636.39,INR,SUCCESS,Debit Card
TXN2025003056,2026-01-22T14:47:10Z,Amazon,,6729.89,INR,SUCCESS,Netbanking
TXN2025003057,2025-08-27T17:49:32Z,BookMyShow,Entertainment,1472.0,INR,SUCCESS,Credit Card
TXN2025003058,2025-10-29T05:05:14Z,DMart,Groceries,2406.0,INR,SUCCESS,Netbanking
TXN2025003059,2026-02-28T17:34:47+05:30,LIC Premium,Insurance,3112.12,INR,SUCCESS,UPI
TXN2025003060,1780031653000,YouTube Premium,Entertainment,637.81,INR,SUCCESS,Netbanking
TXN2025003061,1777224518000,Practo,Health,2582.28,INR,SUCCESS,Credit Card
TXN2025003062,2025-07-19T00:26:48Z,Ajio,Shopping,1488.0,INR,SUCCESS,Netbanking
TXN2025003063,2026-02-01T20:22:13+05:30,Rapido,Travel,7547.0,INR,SUCCESS,UPI
TXN2025003064,1780062528000,Rapido,Travel,5705.0,INR,SUCCESS,Credit Card
TXN2025003065,2026-06-27T07:06:53Z,BPCL,Fuel,4293.78,INR,SUCCESS,Credit Card
TXN2025003066,2026-03-09T07:53:53Z,BookMyShow,Entertainment,1837.0,INR,SUCCESS,Netbanking
TXN2025003067,24/08/2025 22:53:04,BigBasket,Groceries,1680.69,INR,SUCCESS,Netbanking
TXN2025003068,2026-01-19T14:48:54+05:30,Practo,Health,4793.64,INR,SUCCESS,Debit Card
TXN2025003069,2026-06-07T07:31:54Z,YouTube Premium,Entertainment,848.0,INR,SUCCESS,Credit Card
TXN2025003070,2025-12-15T02:40:37Z,Spotify,Entertainment,1847.01,INR,SUCCESS,UPI
TXN2025003071,2025-12-27T04:19:42Z,Zepto,Groceries,5776.0,INR,SUCCESS,Netbanking
TXN2025003072,2025-08-30T14:47:20Z,Blinkit,Groceries,5689.08,INR,SUCCESS,Debit Card
TXN2025003073,2025-09-11T05:38:10Z,Policybazaar,Insurance,12688.56,INR,SUCCESS,Credit Card
TXN2025003074,2026-03-23T02:13:50Z,LIC Premium,Insurance,27516.0,INR,SUCCESS,Debit Card
TXN2025003075,10/07/2025 00:50:13,Ola,Travel,8641.12,INR,SUCCESS,UPI
TXN2025003076,2025-10-17T10:18:35Z,BSES,Utilities,1444.99,INR,SUCCESS,UPI
TXN2025003077,01/02/2026 23:08:14,MakeMyTrip,Travel,6630.86,INR,SUCCESS,Credit Card
TXN2025003078,1766933918000,BigBasket,Groceries,2189.84,INR,SUCCESS,UPI
TXN2025003079,1774354305000,Unacademy,Education,38165.0,INR,SUCCESS,UPI
TXN2025003080,2025-09-20,Blinkit,Groceries,1661.26,INR,FAILED,Debit Card
TXN2025003081,31/10/2025 08:42:02,Ola,Travel,7491.0,INR,FAILED,UPI
TXN2025003082,2026-05-09T18:28:47Z,Hotstar,Entertainment,1861.59,INR,SUCCESS,UPI
TXN2025003083,29/12/2025 03:37:45,Flipkart,Shopping,12904.54,INR,SUCCESS,UPI
TXN2025003084,1759398050000,Shell,Fuel,693.32,INR,SUCCESS,UPI
TXN2025003085,2025-08-22T02:03:35Z,Cult.fit,Health,4799.66,INR,SUCCESS,Debit Card
TXN2025003086,14/07/2025 11:57:47,MakeMyTrip,Travel,545.06,INR,SUCCESS,UPI
TXN2025003087,2026-01-13T01:52:57+05:30,Amazon,Shopping,16555.0,INR,SUCCESS,Debit Card
TXN2025003088,2026-05-30T03:10:01Z,BookMyShow,Entertainment,373.07,INR,SUCCESS,UPI
TXN2025003089,2025-07-11T02:08:36Z,Swiggy,Food & Dining,830.0,INR,SUCCESS,UPI
TXN2025003090,1755600047000,JioMart,Groceries,4738.0,INR,SUCCESS,UPI
TXN2025003091,05/03/2026 07:43:04,IndiGo,Travel,6257.0,INR,SUCCESS,Netbanking
TXN2025003092,2026-02-17T06:17:41Z,Rapido,Travel,6617.5,INR,SUCCESS,Netbanking
TXN2025003093,2025-11-29T21:58:51Z,Swiggy,Food & Dining,808.18,INR,FAILED,Debit Card
TXN2025003094,2026-02-20T05:18:42Z,Ajio,Shopping,15985.0,INR,SUCCESS,UPI
TXN2025003095,2025-08-12T06:36:45+05:30,HP Petrol,Fuel,3057.15,INR,SUCCESS,Debit Card
TXN2025003096,2025-11-10T23:01:42Z,MakeMyTrip,Travel,2235.88,INR,SUCCESS,Credit Card
TXN2025003097,13/05/2026 11:51:04,Policybazaar,Insurance,39881.0,INR,SUCCESS,Credit Card
TXN2025003098,2025-07-29T07:35:02Z,IRCTC,Travel,5537.8,INR,SUCCESS,Netbanking
TXN2025003099,2025-08-05T14:05:48Z,BigBasket,Groceries,2210.59,INR,SUCCESS,UPI
TXN2025003100,2025-08-20T12:10:36+05:30,upGrad,Education,41284.59,INR,SUCCESS,Netbanking
TXN2025003101,2025-07-09,HDFC Ergo,Insurance,3149.86,INR,SUCCESS,Debit Card
TXN2025003102,2025-12-17,IndiGo,Travel,4532.9,INR,SUCCESS,UPI
TXN2025003103,2025-08-19T18:52:36Z,HP Petrol,Fuel,3274.0,INR,SUCCESS,UPI
TXN2025003104,2025-07-22T12:14:54+05:30,Domino's,Food & Dining,856.2,INR,SUCCESS,Credit Card
TXN2025003105,2025-08-04,Spotify,Entertainment,1067.28,INR,SUCCESS,UPI
TXN2025003106,2025-11-02,BookMyShow,Entertainment,511.03,INR,SUCCESS,Credit Card
TXN2025003107,2025-10-07T10:12:08Z,Flipkart,Shopping,17166.69,INR,SUCCESS,Debit Card
TXN2025003108,2025-09-10T05:26:53+05:30,Starbucks,Food & Dining,757.57,INR,SUCCESS,UPI
TXN2025003109,2026-04-23T08:09:35+05:30,ACT Fibernet,Utilities,2267.05,INR,SUCCESS,Credit Card
TXN2025003110,2025-10-11T05:08:10Z,Practo,Health,1594.38,INR,SUCCESS,UPI
TXN2025003111,2025-07-02T22:13:16+05:30,Myntra,Shopping,4623.07,INR,SUCCESS,Netbanking
TXN2025003112,01/06/2026 02:11:34,Ola,Travel,3214.0,INR,SUCCESS,Credit Card
TXN2025003113,1763867711000,YouTube Premium,Entertainment,257.0,INR,SUCCESS,UPI
TXN2025003114,26/03/2026 09:35:28,Starbucks,Food & Dining,199.93,INR,SUCCESS,UPI
TXN2025003115,2026-02-05T05:09:54+05:30,1mg,Health,5782.46,INR,SUCCESS,UPI
TXN2025003116,07/07/2025 03:01:03,Blinkit,Groceries,1928.0,INR,SUCCESS,Netbanking
TXN2025003117,1776682689000,Rapido,Travel,5329.0,INR,SUCCESS,Netbanking
TXN2025003118,1777498061000,Practo,Health,4073.1,INR,SUCCESS,Debit Card
TXN2025003119,2026-04-16,BPCL,Fuel,3067.0,INR,SUCCESS,Netbanking
TXN2025003120,2026-01-24T15:31:39Z,Amazon,Shopping,16043.0,INR,SUCCESS,Netbanking
TXN2025003121,2025-11-06T07:07:14+05:30,Cult.fit,Health,6670.0,INR,SUCCESS,UPI
TXN2025003122,2025-10-29T05:37:07+05:30,Blinkit,Groceries,421.26,INR,SUCCESS,Credit Card
TXN2025003123,2026-05-22,Uber,Travel,8036.0,INR,SUCCESS,Credit Card
TXN2025003124,2025-12-14T17:13:17Z,Blinkit,Groceries,4749.01,INR,SUCCESS,UPI
TXN2025003125,2026-02-02T16:05:04+05:30,YouTube Premium,Entertainment,1611.0,INR,SUCCESS,Credit Card
TXN2025003126,2025-12-09T23:46:48Z,Hotstar,Entertainment,1654.2,INR,SUCCESS,Netbanking
TXN2025003127,02/07/2026 05:41:26,Uber,Travel,6793.0,INR,FAILED,Credit Card
TXN2025003128,1773539464000,HP Petrol,Fuel,2926.0,INR,SUCCESS,Debit Card
TXN2025003129,1755956262000,Udemy,Education,14173.18,INR,SUCCESS,UPI
TXN2025003130,2026-07-08T14:32:23Z,Blinkit,Groceries,5019.68,INR,FAILED,UPI
TXN2025003131,2025-12-16T09:03:16Z,Nykaa,Shopping,16274.69,INR,SUCCESS,UPI
TXN2025003132,1764939048000,BPCL,Fuel,3718.34,INR,PENDING,Debit Card
TXN2025003133,2025-10-12T02:09:32Z,Shell,Fuel,3206.22,INR,SUCCESS,Netbanking
TXN2025003134,2025-07-29T01:05:02Z,Apollo Pharmacy,Health,2741.33,INR,SUCCESS,UPI
TXN2025003135,18/03/2026 23:36:08,BPCL,Fuel,2427.72,INR,SUCCESS,Credit Card
TXN2025003136,2025-11-08,Ola,Travel,7303.0,INR,SUCCESS,UPI
TXN2025003137,2025-12-02T19:52:41+05:30,Rapido,Travel,7621.11,INR,SUCCESS,Credit Card
TXN2025003138,2026-05-27T00:22:12+05:30,IndiGo,Travel,5370.98,INR,SUCCESS,Debit Card
TXN2025003139,2026-05-20T02:14:29Z,Cult.fit,Health,6308.11,INR,SUCCESS,Netbanking
TXN2025003140,2026-05-27T23:09:07+05:30,Policybazaar,Insurance,10113.0,INR,PENDING,Netbanking
TXN2025003141,2025-07-25T02:01:13Z,1mg,Health,2826.11,INR,SUCCESS,UPI
TXN2025003142,01/08/2025 12:58:13,Policybazaar,Insurance,16406.0,INR,SUCCESS,Credit Card
TXN2025003143,2026-05-28T14:32:56Z,Practo,Health,2443.66,INR,SUCCESS,UPI
TXN2025003144,2026-03-09T12:57:21Z,McDonald's,Food & Dining,412.0,INR,SUCCESS,UPI
TXN2025003145,2026-04-13T06:38:42Z,Blinkit,Groceries,3890.0,INR,SUCCESS,UPI
TXN2025003146,2026-03-02T11:42:44+05:30,Tata Power,Utilities,1545.0,INR,SUCCESS,Credit Card
TXN2025003147,2026-03-01T06:21:19Z,PharmEasy,Health,6653.55,INR,SUCCESS,UPI
TXN2025003148,2025-10-13T16:12:53Z,LIC Premium,Insurance,15681.9,INR,SUCCESS,Netbanking
TXN2025003149,2025-09-01T19:21:36Z,Airtel,Utilities,1660.0,INR,SUCCESS,Netbanking
TXN2025003150,07/12/2025 20:49:11,Ajio,Shopping,13164.27,INR,SUCCESS,Credit Card
TXN2025003151,2026-05-06T22:36:57Z,1mg,Health,1089.0,INR,SUCCESS,Netbanking
TXN2025003152,2025-11-27T02:02:59Z,LIC Premium,Insurance,25577.5,INR,SUCCESS,Credit Card
TXN2025003153,2026-04-25,Apollo Pharmacy,Health,4940.07,INR,SUCCESS,Debit Card
TXN2025003154,2026-01-23T23:24:58Z,Zomato,Food & Dining,429.88,INR,SUCCESS,UPI
TXN2025003155,2025-08-04T09:46:53Z,Ola,Travel,1946.27,INR,SUCCESS,Debit Card
TXN2025003156,2025-11-11T15:43:12Z,Netflix,Entertainment,1829.0,INR,SUCCESS,UPI
TXN2025003157,2025-07-04T21:41:05Z,Tata Power,Utilities,1997.0,INR,SUCCESS,Credit Card
TXN2025003158,2025-06-30T22:49:44Z,Unacademy,Education,6488.56,INR,SUCCESS,UPI
TXN2025003159,16/01/2026 08:15:02,MakeMyTrip,Travel,6802.0,INR,SUCCESS,Debit Card
TXN2025003160,2026-07-14T23:30:58Z,Ajio,Shopping,8605.39,INR,SUCCESS,Netbanking
TXN2025003161,12/06/2026 04:27:18,Myntra,Shopping,3710.33,INR,SUCCESS,Debit Card
TXN2025003162,2026-07-09T01:53:09Z,Zepto,Groceries,1808.0,INR,SUCCESS,Debit Card
TXN2025003163,2026-01-14T22:32:53Z,Starbucks,Food & Dining,229.86,INR,SUCCESS,UPI
TXN2025003164,2025-09-30T20:24:35+05:30,Jio,Utilities,1108.79,INR,SUCCESS,Credit Card
TXN2025003165,2025-12-30T16:25:38+05:30,Unacademy,Education,14506.0,INR,SUCCESS,UPI
TXN2025003166,11/01/2026 01:09:10,Nykaa,Shopping,16324.01,INR,FAILED,Credit Card
TXN2025003167,2026-03-05T22:59:38Z,Uber,Travel,861.57,INR,SUCCESS,Netbanking
TXN2025003168,2026-03-01T18:21:36Z,PharmEasy,Health,3823.0,INR,SUCCESS,Debit Card
TXN2025003169,2026-02-08T08:16:16+05:30,HP Petrol,Fuel,4222.34,INR,FAILED,Debit Card
TXN2025003170,1774352687000,HDFC Ergo,Insurance,33445.28,INR,SUCCESS,Netbanking
TXN2025003171,2025-09-28T22:56:12+05:30,MakeMyTrip,Travel,6869.33,INR,SUCCESS,Credit Card
TXN2025003172,2026-03-22T10:50:10Z,Myntra,,15318.0,INR,SUCCESS,Netbanking
TXN2025003173,2025-12-22,Zomato,Food & Dining,384.01,INR,FAILED,UPI
TXN2025003174,1775439974000,ACT Fibernet,Utilities,2792.51,INR,SUCCESS,Netbanking
TXN2025003175,2025-12-24T03:36:48+05:30,Hotstar,Entertainment,1749.43,INR,SUCCESS,UPI
TXN2025003176,2026-06-15T10:01:15Z,Hotstar,Entertainment,2172.99,INR,SUCCESS,Credit Card
TXN2025003177,2026-01-26T17:26:58Z,Swiggy,Food & Dining,404.0,INR,PENDING,UPI
TXN2025003178,2026-03-02T02:50:07Z,Coursera,Education,46396.0,INR,SUCCESS,Debit Card
TXN2025003179,1774083174000,Unacademy,Education,9596.89,INR,SUCCESS,Debit Card
TXN2025003180,2025-12-21T11:28:24Z,Swiggy,Food & Dining,726.28,INR,SUCCESS,Debit Card
TXN2025003181,1768851713000,Hotstar,Entertainment,1487.73,INR,SUCCESS,Credit Card
TXN2025003182,2026-02-06T07:24:15Z,McDonald's,Food & Dining,885.0,INR,SUCCESS,Netbanking
TXN2025003183,2026-02-15T09:05:45+05:30,Policybazaar,Insurance,24375.0,INR,SUCCESS,Debit Card
TXN2025003184,2025-10-21T03:50:57+05:30,IndiGo,Travel,3983.66,INR,SUCCESS,UPI
TXN2025003185,2026-05-27T05:12:22Z,Croma,Shopping,2589.33,INR,SUCCESS,UPI
TXN2025003186,2026-05-23T21:48:29+05:30,1mg,Health,4888.0,INR,SUCCESS,Netbanking
TXN2025003187,2026-01-13T19:26:57Z,LIC Premium,Insurance,24531.58,INR,SUCCESS,Credit Card
TXN2025003188,1775984958000,Zepto,Groceries,5330.0,INR,SUCCESS,UPI
TXN2025003189,2026-03-01T03:21:23+05:30,Udemy,Education,5535.0,INR,SUCCESS,Netbanking
TXN2025003190,2025-12-19T04:41:52Z,Policybazaar,Insurance,36647.37,INR,SUCCESS,Debit Card
TXN2025003191,2025-12-21T14:14:24Z,Uber,Travel,2270.47,INR,SUCCESS,Netbanking
TXN2025003192,2025-09-11T07:14:20Z,Ola,Travel,4945.58,INR,SUCCESS,Netbanking
TXN2025003193,2026-02-24T05:37:13Z,BigBasket,Groceries,2468.0,INR,FAILED,Netbanking
TXN2025003194,2026-01-27T06:05:23Z,ACT Fibernet,Utilities,2214.43,INR,SUCCESS,Netbanking
TXN2025003195,2026-05-21T20:19:29Z,Indian Oil,Fuel,2488.9,INR,SUCCESS,Debit Card
TXN2025003196,2026-04-17T22:48:41Z,HP Petrol,Fuel,2807.22,INR,SUCCESS,Debit Card
TXN2025003197,11/09/2025 07:51:22,Unacademy,Education,29316.41,INR,SUCCESS,Credit Card
TXN2025003198,1752311402000,Spotify,Entertainment,270.0,INR,SUCCESS,Debit Card
TXN2025003199,2026-02-26T09:01:24Z,Policybazaar,Insurance,39787.21,INR,SUCCESS,Netbanking
TXN2025003200,2025-09-03T23:37:28Z,Apollo Pharmacy,Health,412.46,INR,SUCCESS,Credit Card
TXN2025003201,2025-10-06T07:54:25Z,HDFC Ergo,Insurance,14691.31,INR,SUCCESS,Netbanking
TXN2025003202,1763153583000,Tata Power,Utilities,2158.0,INR,SUCCESS,Debit Card
TXN2025003203,21/08/2025 16:33:44,Uber,Travel,5817.05,INR,SUCCESS,Debit Card
TXN2025003204,2026-07-01T01:34:34Z,Hotstar,Entertainment,2101.0,INR,SUCCESS,UPI
TXN2025003205,23/03/2026 19:42:57,JioMart,Groceries,2607.0,INR,SUCCESS,Debit Card
TXN2025003206,2026-06-28T00:22:16+05:30,Uber,Travel,4890.0,INR,SUCCESS,Credit Card
TXN2025003207,2025-09-05T12:19:30Z,JioMart,Groceries,2517.74,INR,SUCCESS,Credit Card
TXN2025003208,30/04/2026 13:48:34,upGrad,Education,-13001.83,INR,SUCCESS,Debit Card
TXN2025003209,2026-01-12T16:36:21Z,Flipkart,Shopping,4295.72,INR,SUCCESS,Netbanking
TXN2025003210,2026-01-07T03:42:07+05:30,Spotify,Entertainment,1009.01,INR,SUCCESS,Debit Card
TXN2025003211,1751832736000,BookMyShow,Entertainment,2381.46,INR,SUCCESS,Debit Card
TXN2025003212,2026-05-17T02:46:15Z,Policybazaar,Insurance,20279.08,INR,SUCCESS,Credit Card
TXN2025003213,16/08/2025 14:16:26,Swiggy,Food & Dining,271.44,INR,SUCCESS,UPI
TXN2025003214,2025-09-02T18:41:10Z,Myntra,Shopping,16479.99,INR,SUCCESS,Credit Card
TXN2025003215,2025-09-30T10:20:50Z,HP Petrol,Fuel,3832.0,INR,SUCCESS,UPI
TXN2025003216,2025-10-28T05:21:28Z,Amazon,Shopping,15150.0,INR,SUCCESS,Debit Card
TXN2025003217,2025-11-05T01:30:06Z,Blinkit,Groceries,2885.0,INR,SUCCESS,UPI
TXN2025003218,2026-06-09T21:32:24Z,IRCTC,Travel,6614.61,INR,SUCCESS,Netbanking
TXN2025003219,2025-08-07T14:07:39Z,BSES,Utilities,2601.88,INR,FAILED,Netbanking
TXN2025003220,1783513750000,Airtel,Utilities,3010.0,INR,SUCCESS,Debit Card
TXN2025003221,2025-08-12T03:25:46Z,Nykaa,Shopping,12654.27,INR,SUCCESS,UPI
TXN2025003222,1764157278000,Domino's,Food & Dining,725.0,INR,SUCCESS,UPI
TXN2025003223,1753326241000,upGrad,Education,32953.27,INR,SUCCESS,Credit Card
TXN2025003224,2025-08-20T04:05:56Z,Policybazaar,Insurance,-19903.0,INR,SUCCESS,Debit Card
TXN2025003225,2025-11-06T12:08:54+05:30,Hotstar,Entertainment,531.0,INR,PENDING,Netbanking
TXN2025003226,2026-04-27T04:11:17+05:30,YouTube Premium,Entertainment,286.0,INR,SUCCESS,Netbanking
TXN2025003227,2025-10-24T18:07:16Z,Policybazaar,Insurance,18816.52,INR,SUCCESS,Credit Card
TXN2025003228,14/04/2026 16:46:26,ACT Fibernet,Utilities,2530.14,INR,SUCCESS,Debit Card
TXN2025003229,2025-12-11T15:29:43Z,Shell,Fuel,3028.69,INR,SUCCESS,Debit Card
TXN2025003230,2026-01-11T17:46:10Z,BYJU'S,Education,46444.0,INR,SUCCESS,Debit Card
TXN2025003231,12/05/2026 12:17:00,Practo,Health,6386.83,INR,SUCCESS,Netbanking
TXN2025003232,2025-07-03T04:49:28Z,JioMart,Groceries,444.76,INR,PENDING,UPI
TXN2025003233,1759011404000,Nykaa,Shopping,14498.62,INR,SUCCESS,Credit Card
TXN2025003234,2026-06-06T12:11:50Z,McDonald's,Food & Dining,867.0,INR,FAILED,Debit Card
TXN2025003235,2025-11-10T00:22:30+05:30,DMart,Groceries,694.0,INR,SUCCESS,UPI
TXN2025003236,2026-02-01,HP Petrol,Fuel,1316.37,INR,SUCCESS,Credit Card
TXN2025003237,2026-05-27T13:01:59+05:30,Unacademy,Education,6419.0,INR,PENDING,Netbanking
TXN2025003238,2026-01-07T07:29:51Z,BookMyShow,Entertainment,1527.71,INR,SUCCESS,Netbanking
TXN2025003239,1766374286000,upGrad,Education,54485.0,INR,FAILED,Netbanking
TXN2025003240,2025-08-28,LIC Premium,Insurance,38054.11,INR,SUCCESS,UPI
TXN2025003241,13/04/2026 21:38:04,Ajio,Shopping,6815.09,INR,FAILED,Credit Card
TXN2025003242,2025-07-28T00:39:20+05:30,Spotify,Entertainment,825.88,INR,SUCCESS,Credit Card
TXN2025003243,2025-08-11,Uber,Travel,6426.58,INR,SUCCESS,Credit Card
TXN2025003244,2026-02-21T08:13:41Z,Ola,Travel,7559.0,INR,SUCCESS,UPI
TXN2025003245,2025-11-24,Cult.fit,Health,2238.0,INR,SUCCESS,UPI
TXN2025003246,2026-01-06T21:19:24Z,Amazon,Shopping,9520.77,INR,SUCCESS,Credit Card
TXN2025003247,2026-01-23T13:52:55Z,BYJU'S,Education,30847.0,INR,SUCCESS,Netbanking
TXN2025003248,2025-12-24T20:59:02Z,Hotstar,Entertainment,1368.0,INR,SUCCESS,Credit Card
TXN2025003249,2026-04-16T19:25:42Z,Netflix,Entertainment,1277.0,INR,SUCCESS,Debit Card
TXN2025003250,2026-02-07T14:38:42Z,BSES,Utilities,647.0,INR,SUCCESS,Debit Card
TXN2025003251,28/04/2026 04:21:07,Nykaa,Shopping,11268.49,INR,SUCCESS,Netbanking
TXN2025003252,2026-04-10T02:27:25Z,BookMyShow,Entertainment,2264.08,INR,SUCCESS,Netbanking
TXN2025003253,2025-12-18T11:16:38Z,Starbucks,Food & Dining,548.0,INR,SUCCESS,Netbanking
TXN2025003254,2025-09-16T00:29:14+05:30,Uber,Travel,757.23,INR,SUCCESS,Credit Card
TXN2025003255,2026-07-07T07:30:23Z,Apollo Pharmacy,Health,4639.46,INR,SUCCESS,Debit Card
TXN2025003256,1770329355000,Uber,Travel,1718.39,INR,SUCCESS,Credit Card
TXN2025003257,2025-08-09,HDFC Ergo,Insurance,17359.0,INR,SUCCESS,Netbanking
TXN2025003258,2026-03-06T11:03:52Z,DMart,Groceries,4046.31,INR,SUCCESS,Credit Card
TXN2025003259,2025-09-03T10:59:14Z,BPCL,Fuel,2702.0,INR,SUCCESS,Debit Card
TXN2025003260,2026-05-29T07:41:33+05:30,upGrad,Education,53064.15,INR,SUCCESS,Credit Card
TXN2025003261,2025-12-10T01:22:51Z,DMart,Groceries,3468.0,INR,SUCCESS,Netbanking
TXN2025003262,2026-06-08T17:33:19+05:30,LIC Premium,Insurance,26317.35,INR,SUCCESS,Credit Card
TXN2025003263,2026-07-01T13:37:44Z,Croma,Shopping,14615.0,INR,SUCCESS,Debit Card
TXN2025003264,2026-07-06,Rapido,Travel,7815.81,INR,SUCCESS,Netbanking
TXN2025003265,2026-06-12T21:53:51+05:30,Practo,Health,5051.0,INR,SUCCESS,Netbanking
TXN2025003266,2025-07-27T21:51:06Z,Swiggy,Food & Dining,265.0,INR,SUCCESS,UPI
TXN2025003267,2025-12-29,JioMart,Groceries,1704.99,INR,SUCCESS,Netbanking
TXN2025003268,2026-06-13T12:04:18Z,LIC Premium,Insurance,5831.75,INR,SUCCESS,Credit Card
TXN2025003269,2026-01-18T07:25:01Z,PharmEasy,Health,6665.97,INR,SUCCESS,Credit Card
TXN2025003270,2026-07-13T06:59:27Z,Nykaa,Shopping,845.58,INR,SUCCESS,Credit Card
TXN2025003271,2026-05-31T22:02:22Z,Spotify,Entertainment,1082.66,INR,SUCCESS,Credit Card
TXN2025003272,2026-04-22T13:00:14+05:30,Uber,Travel,531.0,INR,SUCCESS,Netbanking
TXN2025003273,2025-12-28T19:43:31+05:30,1mg,Health,5704.2,INR,SUCCESS,Netbanking
TXN2025003274,07/04/2026 09:56:32,Netflix,Entertainment,1756.14,INR,SUCCESS,Debit Card
TXN2025000371,2026-03-05T13:15:05+05:30,Coursera,Education,28773.0,INR,SUCCESS,Netbanking
TXN2025003276,2026-05-03,Starbucks,Food & Dining,742.98,INR,SUCCESS,UPI
TXN2025003277,2025-09-30T12:51:27Z,Ola,Travel,352.57,INR,SUCCESS,UPI
TXN2025003278,2025-08-12T12:26:07+05:30,Apollo Pharmacy,Health,6008.02,INR,SUCCESS,UPI
TXN2025003279,2025-09-20,Netflix,Entertainment,2112.0,INR,SUCCESS,UPI
TXN2025003280,2025-09-04,Zomato,Food & Dining,727.58,INR,SUCCESS,Debit Card
TXN2025003281,2026-01-02T09:29:29Z,Coursera,Education,2296.0,INR,SUCCESS,Credit Card
TXN2025003282,2025-07-02T21:47:15+05:30,Starbucks,Food & Dining,597.0,INR,SUCCESS,Netbanking
TXN2025003283,2026-01-10T21:34:54Z,BSES,Utilities,472.74,INR,SUCCESS,UPI
TXN2025003284,2026-04-10T22:57:17Z,Nykaa,Shopping,7371.51,INR,FAILED,UPI
TXN2025003285,24/06/2026 20:11:16,IRCTC,Travel,1585.16,INR,SUCCESS,Netbanking
TXN2025003286,2025-07-21T13:11:18Z,YouTube Premium,Entertainment,1245.87,INR,SUCCESS,UPI
TXN2025003287,2025-08-20T01:33:02Z,Myntra,Shopping,2339.32,INR,PENDING,UPI
TXN2025002347,22/08/2025 19:29:18,Myntra,Shopping,11249.0,INR,SUCCESS,Debit Card
TXN2025003289,2025-12-17T17:34:19Z,Coursera,Education,41099.04,INR,SUCCESS,Credit Card
TXN2025003290,2025-10-23T00:39:51+05:30,Practo,Health,5265.0,INR,SUCCESS,Credit Card
TXN2025003291,1751758133000,Jio,Utilities,1454.0,INR,SUCCESS,Credit Card
TXN2025003292,2025-10-26,Tata Power,Utilities,2347.07,INR,SUCCESS,UPI
TXN2025003293,2025-08-08T18:50:33Z,Nykaa,Shopping,13840.0,INR,SUCCESS,Debit Card
TXN2025003294,2026-02-28T20:40:10+05:30,Zomato,Food & Dining,736.07,INR,PENDING,Credit Card
TXN2025003295,2025-11-04T14:59:55Z,JioMart,Groceries,5201.11,INR,SUCCESS,Credit Card
TXN2025003296,1779493633000,1mg,Health,2113.0,INR,SUCCESS,Credit Card
TXN2025003297,13/11/2025 22:00:23,upGrad,Education,46730.99,INR,SUCCESS,Netbanking
TXN2025003298,2025-07-01T06:01:15Z,McDonald's,Food & Dining,752.16,INR,SUCCESS,Debit Card
TXN2025003299,2026-05-16T14:01:01Z,Ajio,Shopping,14103.21,INR,SUCCESS,UPI
TXN2025003300,2025-10-15T17:59:28Z,MakeMyTrip,Travel,8726.0,INR,SUCCESS,Netbanking
TXN2025003301,2025-11-28T05:02:18Z,Netflix,Entertainment,1441.33,INR,FAILED,Credit Card
TXN2025003302,2025-07-30,IRCTC,Travel,7647.0,INR,SUCCESS,Credit Card
TXN2025003303,2025-07-21T16:05:45Z,Zomato,Food & Dining,229.86,INR,SUCCESS,UPI
TXN2025003304,2026-02-02T12:32:28+05:30,Spotify,Entertainment,1593.1,INR,SUCCESS,Debit Card
TXN2025003305,20/12/2025 02:07:37,Starbucks,Food & Dining,249.75,INR,SUCCESS,UPI
TXN2025003306,2025-12-07T21:47:52Z,Jio,Utilities,1606.46,INR,SUCCESS,Credit Card
TXN2025003307,2026-07-02T19:57:33Z,Ajio,Shopping,15529.19,INR,SUCCESS,Debit Card
TXN2025003308,18/05/2026 11:21:12,DMart,Groceries,1788.05,INR,SUCCESS,UPI
TXN2025003309,2025-07-13T08:19:52Z,MakeMyTrip,Travel,6370.57,INR,SUCCESS,UPI
TXN2025003310,2026-06-17T06:36:31Z,Myntra,Shopping,647.58,INR,SUCCESS,Netbanking
TXN2025003311,2025-11-20T21:47:06Z,Apollo Pharmacy,Health,6412.31,INR,SUCCESS,Debit Card
TXN2025003312,2026-03-20,Practo,Health,594.44,INR,SUCCESS,Debit Card
TXN2025003313,2026-07-03T01:43:00Z,Spotify,Entertainment,819.14,INR,SUCCESS,Debit Card
TXN2025003314,2026-05-11T09:03:56Z,BSES,Utilities,2977.0,INR,PENDING,Netbanking
TXN2025003315,2025-07-24,Jio,Utilities,209.0,INR,SUCCESS,UPI
TXN2025003316,2026-05-10,Indian Oil,Fuel,990.0,INR,SUCCESS,Netbanking
TXN2025003317,2025-10-16,BPCL,Fuel,1419.4,INR,FAILED,UPI
TXN2025003318,2026-01-28T04:25:14Z,ACT Fibernet,Utilities,734.19,INR,SUCCESS,UPI
TXN2025003319,1756278689000,LIC Premium,Insurance,27302.49,INR,SUCCESS,UPI
TXN2025003320,2025-07-24T14:43:11+05:30,LIC Premium,Insurance,5664.0,INR,SUCCESS,UPI
TXN2025003321,2025-08-09T06:05:59Z,Ola,Travel,4673.6,INR,SUCCESS,UPI
TXN2025003322,2026-07-12T00:08:25Z,Tata Power,Utilities,2551.0,INR,SUCCESS,Debit Card
TXN2025003323,2026-01-07T20:34:52Z,Spotify,Entertainment,2429.4,INR,SUCCESS,Credit Card
TXN2025003324,2025-07-10T09:33:39Z,Hotstar,Entertainment,560.38,INR,SUCCESS,Netbanking
TXN2025003325,2026-03-20T10:41:21Z,Uber,Travel,3270.62,INR,SUCCESS,Netbanking
TXN2025003326,2026-01-09T11:10:41Z,Jio,Utilities,2521.25,INR,PENDING,Credit Card
TXN2025003327,2026-03-18,Myntra,Shopping,10256.0,INR,SUCCESS,Credit Card
TXN2025003328,2026-06-23T01:57:10+05:30,1mg,Health,2907.67,INR,SUCCESS,Debit Card
TXN2025003329,2025-08-27T14:28:29Z,Jio,Utilities,3135.8,INR,FAILED,Debit Card
TXN2025003330,23/08/2025 16:19:21,PharmEasy,Health,588.0,INR,SUCCESS,Netbanking
TXN2025003331,2025-12-04T06:35:10Z,Zomato,Food & Dining,145.03,INR,PENDING,Netbanking
TXN2025003332,2026-02-14T15:18:23Z,Flipkart,Shopping,-5832.0,INR,SUCCESS,UPI
TXN2025003333,2026-03-16T20:34:14+05:30,Myntra,Shopping,1242.69,INR,SUCCESS,UPI
TXN2025003334,2025-10-11T00:29:14+05:30,Rapido,Travel,528.69,INR,SUCCESS,Credit Card
TXN2025003335,15/05/2026 16:03:23,Shell,Fuel,3573.09,INR,SUCCESS,Debit Card
TXN2025003336,2026-04-01T15:00:41Z,Apollo Pharmacy,Health,170.0,INR,SUCCESS,Debit Card
TXN2025003337,2026-01-11T15:57:03Z,Uber,Travel,572.21,INR,SUCCESS,Debit Card
TXN2025003338,2026-06-26T15:50:25Z,Udemy,Education,45826.9,INR,SUCCESS,Netbanking
TXN2025003339,1766852215000,Cult.fit,Health,1682.0,INR,SUCCESS,Netbanking
TXN2025003340,2026-02-20T04:14:45+05:30,Unacademy,Education,7494.13,INR,SUCCESS,Debit Card
TXN2025003341,2025-08-08T10:37:21Z,Flipkart,Shopping,7602.16,INR,FAILED,Credit Card
TXN2025003342,2026-01-03T08:54:59+05:30,ACT Fibernet,Utilities,1145.0,INR,SUCCESS,Debit Card
TXN2025003343,2025-11-03T04:14:09+05:30,IndiGo,Travel,2253.0,INR,SUCCESS,Credit Card
TXN2025003344,1773780660000,IRCTC,Travel,6685.32,INR,PENDING,Debit Card
TXN2025003345,2026-02-23T02:42:09+05:30,PharmEasy,Health,4043.0,INR,PENDING,UPI
TXN2025003346,2025-09-03T03:14:30+05:30,McDonald's,Food & Dining,674.96,INR,SUCCESS,Credit Card
TXN2025003347,2025-12-26T22:25:29+05:30,Zomato,Food & Dining,287.0,INR,FAILED,Credit Card
TXN2025003348,1756621828000,Flipkart,Shopping,1921.0,INR,SUCCESS,UPI
TXN2025003349,2025-08-06T22:11:29+05:30,Cult.fit,Health,5652.26,INR,SUCCESS,UPI
TXN2025003350,2026-02-24T22:10:04+05:30,IndiGo,Travel,3450.52,INR,FAILED,Netbanking
TXN2025003351,2025-12-20T09:08:15Z,Nykaa,Shopping,16189.0,INR,SUCCESS,Debit Card
TXN2025003352,2026-05-27T10:07:43Z,Coursera,Education,28443.25,INR,SUCCESS,Netbanking
TXN2025003353,2026-04-21T02:00:44Z,Rapido,Travel,2876.0,INR,SUCCESS,Netbanking
TXN2025003354,2025-09-29T13:00:07+05:30,Netflix,Entertainment,1376.1,INR,SUCCESS,Netbanking
TXN2025003355,2026-01-26T03:16:26Z,Indian Oil,Fuel,1995.2,INR,SUCCESS,UPI
TXN2025003356,2025-12-31T23:22:03Z,Zomato,Food & Dining,322.0,INR,SUCCESS,Netbanking
TXN2025003357,2026-05-23T19:36:56Z,Coursera,Education,6058.74,INR,SUCCESS,Netbanking
TXN2025003358,2025-08-05,Apollo Pharmacy,Health,733.13,INR,SUCCESS,UPI
TXN2025003359,1778726940000,Croma,Shopping,9367.35,INR,SUCCESS,Debit Card
TXN2025003360,2026-06-17T00:08:05+05:30,Croma,Shopping,10938.27,INR,SUCCESS,Credit Card
TXN2025003361,02/07/2026 07:54:54,Tata Power,Utilities,2596.48,INR,SUCCESS,Netbanking
TXN2025003362,2026-02-14T10:54:08Z,Coursera,Education,35310.0,INR,FAILED,Credit Card
TXN2025003363,2025-08-04T08:17:32+05:30,BYJU'S,Education,7366.47,INR,SUCCESS,Netbanking
TXN2025003364,2026-06-15T08:45:30+05:30,Myntra,Shopping,6608.0,INR,SUCCESS,Credit Card
TXN2025003365,10/05/2026 23:34:44,Uber,Travel,4490.06,INR,SUCCESS,Credit Card
TXN2025003366,2026-04-29T13:05:32+05:30,JioMart,Groceries,4420.33,INR,SUCCESS,Netbanking
TXN2025003367,2026-02-20T15:08:55Z,Uber,Travel,2777.0,INR,SUCCESS,Debit Card
TXN2025003368,2026-04-06T12:41:40Z,Practo,Health,2727.76,INR,SUCCESS,Netbanking
TXN2025003369,2025-08-28T16:20:51Z,Zomato,Food & Dining,327.2,INR,SUCCESS,Netbanking
TXN2025003370,2025-11-27T15:40:36Z,Swiggy,Food & Dining,239.0,INR,SUCCESS,Credit Card
TXN2025003371,2026-03-02T13:28:20Z,Netflix,Entertainment,1512.0,INR,SUCCESS,Debit Card
TXN2025003372,2026-07-11T19:15:23+05:30,Shell,Fuel,2686.0,INR,SUCCESS,Credit Card
TXN2025003373,2026-01-11T15:41:48Z,BigBasket,Groceries,3347.35,INR,SUCCESS,UPI
TXN2025003374,2026-01-02T23:59:02Z,Jio,Utilities,653.0,INR,FAILED,Netbanking
TXN2025003375,2026-02-27T19:30:32Z,1mg,Health,4093.89,INR,SUCCESS,UPI
TXN2025003376,1755098045000,Zepto,Groceries,720.96,INR,SUCCESS,Credit Card
TXN2025003377,2026-03-06T08:38:11Z,Netflix,Entertainment,1703.44,INR,SUCCESS,Credit Card
TXN2025003378,01/01/2026 12:20:59,BYJU'S,Education,22997.0,INR,FAILED,Netbanking
TXN2025003379,2025-07-17T18:39:37Z,Swiggy,Food & Dining,386.55,INR,SUCCESS,Debit Card
TXN2025003380,29/04/2026 19:52:45,BPCL,Fuel,2544.17,INR,SUCCESS,UPI
TXN2025003381,2026-04-18T05:26:51Z,Croma,Shopping,6709.58,INR,SUCCESS,Netbanking
TXN2025003382,2025-12-14T08:18:10Z,Nykaa,Shopping,4977.53,INR,FAILED,UPI
TXN2025003383,2026-05-02T21:52:37+05:30,Ola,Travel,6333.0,INR,SUCCESS,Netbanking
TXN2025003384,2026-04-14T12:25:39+05:30,Hotstar,Entertainment,2135.9,INR,FAILED,UPI
TXN2025003385,2026-01-26T00:45:42+05:30,HP Petrol,Fuel,1007.0,INR,SUCCESS,UPI
TXN2025003386,2025-07-01T21:04:42Z,Shell,Fuel,2664.17,INR,SUCCESS,Netbanking
TXN2025003387,2025-12-19T18:10:12Z,BPCL,Fuel,1081.0,INR,SUCCESS,Netbanking
TXN2025003388,2025-09-26T17:23:31Z,HP Petrol,Fuel,3891.0,INR,PENDING,Credit Card
TXN2025003389,2026-01-28T18:47:48Z,Hotstar,,1622.11,INR,SUCCESS,Credit Card
TXN2025003390,2026-02-26T05:15:29+05:30,upGrad,Education,53663.79,INR,SUCCESS,Netbanking
TXN2025003391,30/10/2025 07:18:57,Zepto,Groceries,5602.77,INR,SUCCESS,UPI
TXN2025003392,1761829382000,DMart,Groceries,2239.0,INR,SUCCESS,UPI
TXN2025003393,18/02/2026 16:05:33,Myntra,Shopping,2540.0,INR,SUCCESS,Credit Card
TXN2025003394,2025-11-18T02:12:35Z,Starbucks,Food & Dining,778.96,INR,SUCCESS,Netbanking
TXN2025003395,2026-01-01T00:58:54Z,upGrad,Education,3401.0,INR,SUCCESS,Netbanking
TXN2025003396,2026-02-17T11:11:00+05:30,Unacademy,Education,40322.0,INR,SUCCESS,Netbanking
TXN2025003397,14/07/2026 23:42:49,IRCTC,Travel,3906.0,INR,SUCCESS,Credit Card
TXN2025003398,1763803480000,Flipkart,Shopping,9433.0,INR,FAILED,UPI
TXN2025003399,1771243471000,BookMyShow,Entertainment,1290.0,INR,SUCCESS,Debit Card
TXN2025003400,2025-10-05T22:41:54Z,Ajio,Shopping,5622.29,INR,SUCCESS,UPI
TXN2025003401,2026-03-22T19:00:26Z,Blinkit,Groceries,5546.9,INR,SUCCESS,Netbanking
TXN2025003402,2026-05-03T11:40:16+05:30,Jio,Utilities,-1841.0,INR,SUCCESS,Debit Card
TXN2025003403,2025-10-29T10:49:34Z,Croma,Shopping,603.37,INR,SUCCESS,Netbanking
TXN2025003404,2026-01-25T12:31:49Z,Spotify,Entertainment,1301.06,INR,FAILED,Netbanking
TXN2025003405,2025-09-13T16:14:58+05:30,Zepto,Groceries,4677.63,INR,SUCCESS,UPI
TXN2025003406,2025-11-21T06:45:58Z,Jio,Utilities,631.82,INR,SUCCESS,Netbanking
TXN2025009872,2025-09-10,BookMyShow,Entertainment,1990.49,INR,SUCCESS,Netbanking
TXN2025003408,1764612209000,JioMart,Groceries,4293.0,INR,SUCCESS,Debit Card
TXN2025003409,2025-07-21T15:00:41Z,1mg,Health,4316.0,INR,SUCCESS,Netbanking
TXN2025003410,2025-08-28T20:41:42Z,Croma,Shopping,15450.0,INR,PENDING,Credit Card
TXN2025003411,2026-06-08T06:48:59+05:30,Policybazaar,Insurance,32230.39,INR,SUCCESS,Netbanking
TXN2025003412,2026-02-23T22:37:11Z,Zepto,Groceries,2587.05,INR,SUCCESS,Netbanking
TXN2025003413,2026-04-02T04:10:22Z,Zomato,Food & Dining,200.0,INR,SUCCESS,UPI
TXN2025003414,2026-05-13T09:30:42Z,Spotify,Entertainment,2290.1,INR,SUCCESS,Netbanking
TXN2025003415,2026-01-25T06:18:31Z,Starbucks,Food & Dining,124.77,INR,SUCCESS,UPI
TXN2025003416,03/01/2026 21:06:44,BSES,Utilities,2143.07,INR,FAILED,Netbanking
TXN2025003417,2025-09-06T03:26:37+05:30,BPCL,Fuel,1011.41,INR,SUCCESS,Debit Card
TXN2025003418,2026-06-27T07:54:45Z,Airtel,Utilities,3271.39,INR,SUCCESS,Netbanking
TXN2025003419,2025-10-10T22:58:36Z,Ajio,Shopping,17897.91,INR,SUCCESS,Netbanking
TXN2025003420,2025-09-02T16:54:21Z,McDonald's,Food & Dining,234.0,INR,SUCCESS,Credit Card
TXN2025003421,2026-06-09T12:07:06+05:30,HP Petrol,Fuel,1504.91,INR,SUCCESS,Debit Card
TXN2025003422,2026-04-10T01:53:51Z,MakeMyTrip,Travel,3984.74,INR,SUCCESS,UPI
TXN2025008414,2026-03-04T14:19:48Z,Tata Power,Utilities,2028.56,INR,SUCCESS,Debit Card
TXN2025003424,2025-08-19T10:46:12Z,Rapido,Travel,8542.0,INR,SUCCESS,Credit Card
TXN2025003425,2026-05-06,Indian Oil,Fuel,1797.0,INR,SUCCESS,Debit Card
TXN2025003426,2025-10-07T14:16:57Z,Starbucks,Food & Dining,144.52,INR,SUCCESS,Debit Card
TXN2025003427,2025-08-26T07:58:54Z,Blinkit,Groceries,4017.0,INR,SUCCESS,UPI
TXN2025003428,28/06/2026 23:36:49,Myntra,Shopping,-2820.0,INR,SUCCESS,Netbanking
TXN2025003429,2026-04-13,Blinkit,Groceries,4687.58,INR,SUCCESS,Netbanking
TXN2025003430,2025-08-02T23:00:56+05:30,Unacademy,Education,51764.53,INR,SUCCESS,Netbanking
TXN2025003431,1761155413000,Hotstar,Entertainment,1945.0,INR,SUCCESS,Credit Card
TXN2025003432,2026-05-20T08:25:55+05:30,ACT Fibernet,Utilities,760.0,INR,SUCCESS,Netbanking
TXN2025003433,2026-01-01T03:19:49Z,Unacademy,Education,10163.0,INR,SUCCESS,UPI
TXN2025003434,1753565458000,Udemy,Education,30316.25,INR,SUCCESS,Netbanking
TXN2025003435,1775291504000,IndiGo,Travel,7474.0,INR,SUCCESS,Credit Card
TXN2025003436,2025-09-27T22:00:32Z,Domino's,Food & Dining,421.56,INR,SUCCESS,Credit Card
TXN2025003437,2026-05-26T00:17:36Z,BigBasket,Groceries,3857.0,INR,SUCCESS,Debit Card
TXN2025003438,1774796458000,Swiggy,Food & Dining,147.9,INR,SUCCESS,UPI
TXN2025003439,2025-12-19T02:08:42+05:30,Indian Oil,Fuel,776.49,INR,SUCCESS,Debit Card
TXN2025003440,2025-11-11T21:18:20Z,Indian Oil,Fuel,4120.01,INR,SUCCESS,Debit Card
TXN2025003441,2025-11-17T08:57:05Z,Rapido,Travel,2438.66,INR,SUCCESS,Debit Card
TXN2025003442,2026-05-15T05:49:13+05:30,Jio,Utilities,376.51,INR,SUCCESS,Debit Card
TXN2025003443,2025-09-23T10:42:46+05:30,upGrad,Education,4560.76,INR,SUCCESS,UPI
TXN2025003444,19/06/2026 13:03:40,Swiggy,Food & Dining,620.59,INR,SUCCESS,Debit Card
TXN2025003445,2026-01-25T09:45:44+05:30,IndiGo,Travel,5864.0,INR,SUCCESS,Debit Card
TXN2025003446,2026-02-06T13:11:52+05:30,Shell,Fuel,3441.36,INR,SUCCESS,Netbanking
TXN2025003447,2026-06-09,PharmEasy,Health,3764.7,INR,SUCCESS,UPI
TXN2025003448,10/02/2026 18:34:32,Zepto,Groceries,5961.0,INR,SUCCESS,Credit Card
TXN2025003449,2026-03-22T06:06:04Z,BSES,Utilities,545.36,INR,SUCCESS,Debit Card
TXN2025003450,2026-05-31,BookMyShow,Entertainment,695.73,INR,SUCCESS,Netbanking
TXN2025003451,2026-06-17T01:35:48Z,BYJU'S,Education,14641.0,INR,SUCCESS,Credit Card
TXN2025003452,2025-10-01T12:48:39+05:30,PharmEasy,Health,3229.28,INR,SUCCESS,UPI
TXN2025003453,2026-03-14T03:16:27+05:30,Nykaa,Shopping,17572.62,INR,SUCCESS,Netbanking
TXN2025003454,2026-07-02T11:56:06+05:30,Zomato,Food & Dining,425.68,INR,SUCCESS,Credit Card
TXN2025003455,20/07/2025 04:13:07,Uber,Travel,4750.31,INR,FAILED,Credit Card
TXN2025003456,2025-08-15T04:46:01Z,Croma,Shopping,2921.0,INR,SUCCESS,Credit Card
TXN2025003457,25/07/2025 11:29:21,MakeMyTrip,Travel,1746.0,INR,SUCCESS,Netbanking
TXN2025003458,2026-06-19T04:41:40Z,Tata Power,Utilities,1632.0,INR,SUCCESS,Netbanking
TXN2025003459,2025-08-02T05:48:53Z,BYJU'S,Education,21856.0,INR,FAILED,Credit Card
TXN2025003460,24/07/2025 23:11:45,Spotify,Entertainment,1051.0,INR,SUCCESS,Credit Card
TXN2025003461,1759494428000,BPCL,Fuel,1657.0,INR,SUCCESS,UPI
TXN2025003462,2026-01-04T04:32:41Z,PharmEasy,Health,3645.0,INR,PENDING,Netbanking
TXN2025003463,2025-08-23T11:06:30Z,Policybazaar,Insurance,31007.72,INR,SUCCESS,Debit Card
TXN2025003464,31/10/2025 20:59:21,Zepto,Groceries,2629.41,INR,SUCCESS,UPI
TXN2025003465,2025-07-07T13:32:06+05:30,Domino's,Food & Dining,122.85,INR,SUCCESS,Netbanking
TXN2025003466,2025-10-17T02:28:51Z,Uber,Travel,230.87,INR,FAILED,Netbanking
TXN2025003467,16/06/2026 16:00:18,Airtel,Utilities,2952.0,INR,SUCCESS,UPI
TXN2025003468,2025-11-29T04:56:55Z,Jio,Utilities,1628.41,INR,SUCCESS,Debit Card
TXN2025003469,2025-11-30T09:24:28Z,Amazon,Shopping,1653.02,INR,SUCCESS,Debit Card
TXN2025003470,2026-06-12T02:45:48Z,Amazon,Shopping,12863.12,INR,SUCCESS,Debit Card
TXN2025003471,2025-08-08T19:53:42Z,Swiggy,Food & Dining,750.06,INR,SUCCESS,Debit Card
TXN2025003472,2025-07-06T14:43:26Z,Practo,Health,3365.62,INR,SUCCESS,Credit Card
TXN2025003473,2026-01-31T21:47:29Z,Jio,Utilities,1584.0,INR,SUCCESS,Netbanking
TXN2025003474,2025-12-05T03:45:48Z,Shell,,3402.46,INR,SUCCESS,Netbanking
TXN2025003475,2025-09-29T21:46:56+05:30,1mg,Health,3294.0,INR,SUCCESS,Netbanking
TXN2025003476,2026-02-05T11:41:51Z,BPCL,Fuel,2721.68,INR,SUCCESS,Netbanking
TXN2025003477,1767592000000,HP Petrol,Fuel,4480.03,INR,SUCCESS,UPI
TXN2025003478,2025-12-14T06:46:47Z,Spotify,Entertainment,221.02,INR,SUCCESS,Debit Card
TXN2025003479,2026-06-14T01:12:32Z,Tata Power,Utilities,2984.85,INR,SUCCESS,UPI
TXN2025003480,2026-07-02T02:23:42Z,upGrad,Education,33113.0,INR,SUCCESS,Credit Card
TXN2025003481,2025-11-17T05:31:28+05:30,Jio,Utilities,3107.89,INR,SUCCESS,Credit Card
TXN2025003482,2026-01-31T15:35:33Z,BookMyShow,Entertainment,183.54,INR,SUCCESS,Debit Card
TXN2025003483,2025-11-18T01:11:32Z,Ajio,Shopping,16954.15,INR,SUCCESS,Debit Card
TXN2025003484,2026-03-31T23:30:55Z,Myntra,Shopping,8479.07,INR,SUCCESS,Credit Card
TXN2025003485,2026-05-01T06:27:12Z,ACT Fibernet,Utilities,1179.43,INR,SUCCESS,UPI
TXN2025003486,2026-01-30T22:09:40Z,Shell,Fuel,3191.9,INR,SUCCESS,Debit Card
TXN2025003487,2026-06-30T19:36:44Z,Amazon,Shopping,11090.94,INR,SUCCESS,Netbanking
TXN2025003488,2026-07-02T05:37:52+05:30,BigBasket,Groceries,1309.0,INR,SUCCESS,Debit Card
TXN2025003489,12/05/2026 00:35:05,Indian Oil,Fuel,2850.54,INR,SUCCESS,Debit Card
TXN2025003490,2025-08-20T23:48:25Z,LIC Premium,Insurance,29659.0,INR,SUCCESS,Debit Card
TXN2025003491,2026-05-21T01:20:30Z,Unacademy,Education,16856.31,INR,SUCCESS,Debit Card
TXN2025003492,2026-05-25T03:14:32+05:30,Jio,Utilities,2772.0,INR,SUCCESS,Credit Card
TXN2025003493,2026-05-19T07:21:48Z,Ajio,Shopping,15256.56,INR,SUCCESS,UPI
TXN2025003494,24/09/2025 06:25:20,LIC Premium,Insurance,3416.57,INR,SUCCESS,Debit Card
TXN2025003495,2025-09-05T10:38:46Z,YouTube Premium,Entertainment,795.0,INR,SUCCESS,Credit Card
TXN2025003496,2025-09-07T23:35:16+05:30,BigBasket,Groceries,5131.42,INR,SUCCESS,Credit Card
TXN2025003497,2026-06-09T15:45:38Z,BPCL,Fuel,2944.11,INR,SUCCESS,UPI
TXN2025003498,2026-07-03T03:01:11+05:30,Starbucks,Food & Dining,189.39,INR,SUCCESS,Credit Card
TXN2025003499,2025-10-02T02:54:54Z,Croma,Shopping,12508.15,INR,SUCCESS,Credit Card
TXN2025003500,2026-01-27,YouTube Premium,,319.42,INR,SUCCESS,Debit Card
TXN2025003501,2025-11-14T11:35:10+05:30,Swiggy,Food & Dining,495.0,INR,SUCCESS,UPI
TXN2025003502,1751342616000,Amazon,Shopping,2400.38,INR,SUCCESS,Credit Card
TXN2025003503,1778698065000,Tata Power,Utilities,3123.0,INR,SUCCESS,UPI
TXN2025003504,2026-06-07T13:44:16Z,DMart,Groceries,1359.0,INR,SUCCESS,Debit Card
TXN2025003505,2025-12-18T21:05:10Z,MakeMyTrip,Travel,8533.64,INR,SUCCESS,Credit Card
TXN2025003506,2026-05-11T10:35:48+05:30,Ola,Travel,585.88,INR,SUCCESS,Debit Card
TXN2025003507,08/10/2025 14:03:38,Unacademy,Education,1793.13,INR,FAILED,UPI
TXN2025003508,2026-04-03T01:00:34Z,Indian Oil,Fuel,2796.0,INR,PENDING,Debit Card
TXN2025003509,2026-02-06T09:21:43+05:30,MakeMyTrip,Travel,7334.0,INR,SUCCESS,Netbanking
TXN2025003510,2026-06-01T18:47:25Z,YouTube Premium,Entertainment,1543.37,INR,SUCCESS,Debit Card
TXN2025003511,2025-12-31,Ajio,Shopping,10854.0,INR,FAILED,UPI
TXN2025003512,28/02/2026 11:52:42,YouTube Premium,Entertainment,2115.0,INR,SUCCESS,Credit Card
TXN2025003513,2026-01-25T20:56:10Z,BSES,Utilities,867.0,INR,SUCCESS,Credit Card
TXN2025003514,2025-11-06T19:40:07Z,LIC Premium,Insurance,31277.0,INR,SUCCESS,Credit Card
TXN2025003515,2025-12-04T09:21:28Z,Netflix,Entertainment,1970.28,INR,SUCCESS,Credit Card
TXN2025003516,2026-07-13,McDonald's,Food & Dining,485.0,INR,SUCCESS,Debit Card
TXN2025003517,2026-05-16T17:23:53Z,Airtel,Utilities,1044.91,INR,PENDING,Debit Card
TXN2025003518,2026-05-31T13:20:03Z,Nykaa,Shopping,7774.0,INR,SUCCESS,Netbanking
TXN2025003519,2026-02-14T11:13:22+05:30,Domino's,Food & Dining,701.36,INR,SUCCESS,Credit Card
TXN2025003520,2026-06-27T13:04:22+05:30,BYJU'S,Education,54808.61,INR,PENDING,Credit Card
TXN2025003521,2026-05-07T12:55:21Z,BPCL,Fuel,1714.0,INR,SUCCESS,Netbanking
TXN2025003522,2026-06-21T02:57:36Z,Cult.fit,Health,6787.0,INR,SUCCESS,UPI
TXN2025003523,2025-12-20T07:59:18Z,JioMart,Groceries,2203.76,INR,SUCCESS,UPI
TXN2025003524,2025-11-14T15:28:17Z,Hotstar,Entertainment,995.61,INR,SUCCESS,Debit Card
TXN2025003525,2026-04-09T23:00:39Z,Hotstar,Entertainment,523.88,INR,SUCCESS,UPI
TXN2025003526,2025-11-03T19:32:53Z,Shell,Fuel,4247.67,INR,SUCCESS,UPI
TXN2025003527,11/07/2025 16:50:37,ACT Fibernet,Utilities,2275.0,INR,SUCCESS,UPI
TXN2025003528,2025-08-08T21:09:31+05:30,MakeMyTrip,Travel,1077.0,INR,SUCCESS,Netbanking
TXN2025003529,2025-08-25T01:03:28Z,Flipkart,Shopping,10958.13,INR,SUCCESS,Debit Card
TXN2025003530,21/07/2025 23:09:42,BYJU'S,Education,51891.13,INR,SUCCESS,Credit Card
TXN2025003531,2026-02-26T22:28:35Z,Croma,Shopping,11537.38,INR,SUCCESS,Credit Card
TXN2025003532,2026-03-29T02:13:39Z,DMart,Groceries,4960.16,INR,SUCCESS,Credit Card
TXN2025003533,2025-09-09T18:36:29+05:30,Swiggy,Food & Dining,816.52,INR,SUCCESS,Debit Card
TXN2025003534,2025-07-04T21:04:20Z,Apollo Pharmacy,Health,2597.81,INR,FAILED,Netbanking
TXN2025003535,2025-07-31T10:16:23Z,Policybazaar,Insurance,32779.56,INR,SUCCESS,UPI
TXN2025003536,2025-09-09T21:02:54Z,JioMart,Groceries,1523.21,INR,SUCCESS,Debit Card
TXN2025003537,2025-07-13T10:10:27+05:30,Airtel,Utilities,2291.26,INR,SUCCESS,Debit Card
TXN2025003538,2026-04-24T02:10:36+05:30,Domino's,Food & Dining,865.57,INR,SUCCESS,Credit Card
TXN2025003539,2026-06-27T05:43:18Z,Ajio,Shopping,8534.23,INR,SUCCESS,Debit Card
TXN2025003540,2026-04-18T10:17:27Z,Udemy,Education,2513.0,INR,SUCCESS,UPI
TXN2025003541,1774042616000,Swiggy,Food & Dining,886.0,INR,SUCCESS,Credit Card
TXN2025003542,2026-03-25T23:32:23+05:30,Zepto,Groceries,4705.0,INR,SUCCESS,UPI
TXN2025003543,2025-07-12T23:28:27Z,Swiggy,Food & Dining,336.0,INR,SUCCESS,Netbanking
TXN2025003544,2026-04-22T01:10:07Z,Domino's,Food & Dining,515.06,INR,SUCCESS,UPI
TXN2025003545,2026-06-19T02:59:04Z,McDonald's,Food & Dining,543.35,INR,SUCCESS,Credit Card
TXN2025003546,2026-06-12T03:40:29Z,Udemy,Education,19187.12,INR,SUCCESS,Debit Card
TXN2025003547,23/11/2025 04:04:00,Netflix,Entertainment,1935.0,INR,SUCCESS,Debit Card
TXN2025003548,2025-07-13T16:29:02Z,Nykaa,Shopping,1156.69,INR,SUCCESS,Netbanking
TXN2025003549,2026-03-07T22:10:59Z,ACT Fibernet,Utilities,2079.0,INR,SUCCESS,Netbanking
TXN2025003550,2026-05-17T02:32:46+05:30,Apollo Pharmacy,Health,3085.04,INR,SUCCESS,UPI
TXN2025003551,2026-01-02T05:07:43Z,McDonald's,Food & Dining,546.45,INR,FAILED,UPI
TXN2025003552,2026-01-11T07:43:41Z,upGrad,Education,49353.58,INR,SUCCESS,Credit Card
TXN2025003553,2025-09-14T06:46:12+05:30,BYJU'S,Education,49047.0,INR,SUCCESS,Debit Card
TXN2025003554,2025-11-23T09:27:39Z,Zepto,Groceries,3612.0,INR,SUCCESS,UPI
TXN2025003555,2026-04-21T10:40:54Z,Swiggy,Food & Dining,426.25,INR,SUCCESS,Debit Card
TXN2025003556,2025-11-12T21:31:30Z,DMart,Groceries,345.0,INR,FAILED,UPI
TXN2025003557,2025-10-07T20:14:25Z,ACT Fibernet,Utilities,901.3,INR,SUCCESS,Netbanking
TXN2025003558,2025-10-07T17:08:21Z,Uber,Travel,2715.65,INR,SUCCESS,UPI
TXN2025003559,2026-03-30,Cult.fit,Health,1429.38,INR,SUCCESS,Credit Card
TXN2025003560,2026-05-29T05:06:18Z,MakeMyTrip,Travel,-7145.0,INR,SUCCESS,UPI
TXN2025003561,1752644801000,Swiggy,Food & Dining,695.0,INR,SUCCESS,Netbanking
TXN2025003562,2026-03-05,Unacademy,Education,3504.0,INR,FAILED,Netbanking
TXN2025003563,2026-06-10T00:19:56Z,Indian Oil,Fuel,1513.0,INR,SUCCESS,UPI
TXN2025003564,1755874323000,BookMyShow,Entertainment,1071.0,INR,SUCCESS,UPI
TXN2025003565,2026-07-14T18:13:58+05:30,Blinkit,Groceries,5409.0,INR,SUCCESS,Debit Card
TXN2025003566,2026-05-03T18:54:30+05:30,Policybazaar,Insurance,35243.61,INR,FAILED,Netbanking
TXN2025003567,2025-08-03T20:10:24Z,DMart,Groceries,5186.1,INR,SUCCESS,Netbanking
TXN2025003568,2026-07-05T23:26:44Z,Zepto,Groceries,1254.0,INR,SUCCESS,Netbanking
TXN2025003569,04/07/2025 06:57:32,Coursera,Education,44421.0,INR,SUCCESS,Credit Card
TXN2025003570,2025-07-30T23:04:03Z,Tata Power,Utilities,1421.15,INR,SUCCESS,Netbanking
TXN2025003571,2025-08-18T17:40:21Z,Tata Power,Utilities,3136.76,INR,SUCCESS,Netbanking
TXN2025003572,2025-09-01T17:24:22Z,Myntra,Shopping,1953.0,INR,SUCCESS,UPI
TXN2025003573,2025-09-04T02:41:22Z,Uber,Travel,1863.6,INR,SUCCESS,Credit Card
TXN2025003574,2026-05-01T21:32:03Z,McDonald's,Food & Dining,395.01,INR,SUCCESS,Netbanking
TXN2025003575,2025-08-06T16:27:43+05:30,LIC Premium,Insurance,1664.62,INR,FAILED,UPI
TXN2025003576,2025-11-22T00:27:48Z,Myntra,Shopping,9230.0,INR,SUCCESS,UPI
TXN2025003577,2026-04-18T03:00:29+05:30,LIC Premium,Insurance,24158.0,INR,SUCCESS,Netbanking
TXN2025003578,2026-02-01T22:24:59+05:30,Croma,,12775.0,INR,SUCCESS,UPI
TXN2025003579,2025-11-09T16:26:52Z,BYJU'S,Education,3717.62,INR,SUCCESS,Netbanking
TXN2025003580,2026-05-30T00:23:10Z,Shell,Fuel,3562.35,INR,SUCCESS,UPI
TXN2025003581,2025-08-30T00:43:36+05:30,BPCL,Fuel,4416.36,INR,SUCCESS,Netbanking
TXN2025003582,2026-07-09T03:48:58Z,Uber,Travel,7272.0,INR,SUCCESS,UPI
TXN2025003583,04/09/2025 07:00:16,Coursera,Education,6181.72,INR,SUCCESS,Netbanking
TXN2025003584,1758480508000,Croma,Shopping,371.0,INR,SUCCESS,Debit Card
TXN2025003585,2025-09-27T13:33:53Z,Shell,Fuel,1009.84,INR,SUCCESS,Credit Card
TXN2025003586,2026-01-06T00:13:45Z,Starbucks,Food & Dining,316.0,INR,SUCCESS,Credit Card
TXN2025003587,2026-01-20,LIC Premium,Insurance,6569.65,INR,SUCCESS,UPI
TXN2025003588,2025-11-17T18:31:31+05:30,McDonald's,Food & Dining,448.74,INR,SUCCESS,Credit Card
TXN2025003589,2026-03-01,upGrad,Education,1550.0,INR,SUCCESS,UPI
TXN2025003590,2025-07-20T11:07:47Z,Ajio,Shopping,987.0,INR,SUCCESS,Credit Card
TXN2025003591,2025-12-18T10:54:24+05:30,MakeMyTrip,Travel,7700.0,INR,SUCCESS,Debit Card
TXN2025003592,22/11/2025 19:57:58,Ajio,Shopping,12624.0,INR,PENDING,Credit Card
TXN2025003593,2026-01-12T05:57:04Z,Domino's,Food & Dining,820.84,INR,SUCCESS,Netbanking
TXN2025003594,2025-12-01T12:18:09Z,JioMart,Groceries,5352.11,INR,SUCCESS,UPI
TXN2025003595,1775307917000,Unacademy,Education,54155.0,INR,SUCCESS,Credit Card
TXN2025003596,2026-06-16T17:26:24+05:30,Airtel,Utilities,1707.83,INR,SUCCESS,UPI
TXN2025003597,28/07/2025 14:07:08,Practo,Health,3830.0,INR,SUCCESS,UPI
TXN2025003598,09/12/2025 10:42:12,Udemy,Education,9741.71,INR,SUCCESS,UPI
TXN2025003599,2025-07-16T15:29:52Z,BSES,Utilities,1185.18,INR,SUCCESS,Credit Card
TXN2025003600,2025-10-05,Myntra,Shopping,17013.0,INR,SUCCESS,Debit Card
TXN2025003601,2025-08-28T13:53:28+05:30,McDonald's,Food & Dining,603.67,INR,SUCCESS,UPI
TXN2025003602,2025-07-06T10:24:57+05:30,Ola,Travel,8462.2,INR,FAILED,UPI
TXN2025003603,2026-07-12T00:44:02Z,Spotify,Entertainment,1103.18,INR,SUCCESS,Netbanking
TXN2025003604,2025-07-16T12:43:37Z,Tata Power,Utilities,3348.35,INR,SUCCESS,Credit Card
TXN2025003605,2026-02-07T11:50:30+05:30,upGrad,Education,22275.0,INR,SUCCESS,Netbanking
TXN2025003606,2025-10-20,Spotify,Entertainment,999.0,INR,FAILED,Debit Card
TXN2025003607,2025-12-15T08:14:00Z,Zepto,Groceries,4039.35,INR,PENDING,Credit Card
TXN2025003608,2026-04-05T08:01:54Z,Unacademy,Education,17532.46,INR,SUCCESS,Netbanking
TXN2025003609,2025-11-24T03:43:52Z,Netflix,Entertainment,169.07,INR,SUCCESS,Netbanking
TXN2025003610,2025-08-22T07:23:54+05:30,Ola,Travel,1339.0,INR,SUCCESS,UPI
TXN2025003611,2025-09-22T19:53:13Z,Amazon,Shopping,5565.0,INR,PENDING,Credit Card
TXN2025003612,2026-03-27T20:20:35Z,HDFC Ergo,Insurance,14725.62,INR,FAILED,Debit Card
TXN2025003613,2026-05-27T03:58:32+05:30,Unacademy,Education,9169.65,INR,SUCCESS,UPI
TXN2025003614,16/02/2026 17:35:10,Shell,Fuel,3439.81,INR,SUCCESS,UPI
TXN2025003615,2026-03-06T02:47:33Z,HDFC Ergo,Insurance,25476.82,INR,SUCCESS,Debit Card
TXN2025003616,2026-03-22T21:42:33Z,BYJU'S,Education,5569.4,INR,SUCCESS,Debit Card
TXN2025003617,2025-10-01T18:04:27Z,MakeMyTrip,Travel,1968.0,INR,SUCCESS,Debit Card
TXN2025003618,19/11/2025 23:56:57,Tata Power,Utilities,3414.0,INR,SUCCESS,UPI
TXN2025003619,2025-10-10T00:47:31Z,Spotify,Entertainment,1398.0,INR,FAILED,UPI
TXN2025003620,2026-05-20T20:10:24Z,upGrad,Education,14007.0,INR,SUCCESS,Netbanking
TXN2025003621,2025-10-12T11:49:49Z,Hotstar,Entertainment,214.8,INR,SUCCESS,Netbanking
TXN2025003622,2026-03-19T23:15:22Z,LIC Premium,,16530.57,INR,SUCCESS,Netbanking
TXN2025003623,03/04/2026 13:18:43,JioMart,Groceries,4837.58,INR,SUCCESS,Debit Card
TXN2025003624,2026-03-04T15:54:46Z,LIC Premium,Insurance,31225.41,INR,SUCCESS,Credit Card
TXN2025003625,2026-02-05T03:49:18+05:30,Spotify,Entertainment,2422.54,INR,SUCCESS,Debit Card
TXN2025003626,2026-04-28T17:25:34+05:30,Hotstar,Entertainment,1058.04,INR,SUCCESS,Netbanking
TXN2025003627,2025-08-18T21:18:55Z,McDonald's,Food & Dining,456.11,INR,SUCCESS,Credit Card
TXN2025003628,2026-03-28T17:55:14Z,JioMart,Groceries,1927.0,INR,FAILED,Debit Card
TXN2025003629,2025-08-03T18:24:59Z,Practo,Health,6431.0,INR,SUCCESS,Credit Card
TXN2025003630,2026-05-02T05:27:59Z,Policybazaar,Insurance,16865.0,INR,SUCCESS,Netbanking
TXN2025003631,2025-08-13T14:15:38Z,Hotstar,Entertainment,859.21,INR,SUCCESS,UPI
TXN2025003632,2025-10-01T19:42:32Z,Tata Power,Utilities,3071.0,INR,SUCCESS,UPI
TXN2025003633,2026-05-12T18:09:11Z,BigBasket,Groceries,1335.0,INR,SUCCESS,UPI
TXN2025003634,2026-02-12T09:18:42Z,Coursera,Education,52497.43,INR,SUCCESS,Credit Card
TXN2025003635,2025-10-25,Croma,Shopping,16957.92,INR,SUCCESS,Debit Card
TXN2025003636,2025-12-23T20:27:00+05:30,Zepto,Groceries,1516.9,INR,SUCCESS,Netbanking
TXN2025009497,10/08/2025 11:40:43,MakeMyTrip,Travel,5988.51,INR,SUCCESS,UPI
TXN2025003638,2025-08-17T08:57:14+05:30,Zomato,Food & Dining,536.64,INR,SUCCESS,Debit Card
TXN2025003639,2025-11-21,Croma,Shopping,2857.0,INR,SUCCESS,Netbanking
TXN2025003640,2025-11-01T09:36:11Z,Amazon,Shopping,16520.05,INR,SUCCESS,Credit Card
TXN2025003641,2026-04-13T19:38:18Z,Spotify,Entertainment,2066.58,INR,FAILED,Netbanking
TXN2025003642,24/05/2026 19:58:09,Indian Oil,Fuel,3690.0,INR,SUCCESS,Netbanking
TXN2025003643,2026-07-10T11:46:19Z,Starbucks,Food & Dining,207.0,INR,FAILED,UPI
TXN2025003644,2026-06-05,upGrad,Education,29567.51,INR,SUCCESS,Credit Card
TXN2025003645,2025-08-21T06:51:33+05:30,MakeMyTrip,Travel,8163.45,INR,SUCCESS,Netbanking
TXN2025003646,2025-09-14T17:20:16+05:30,Hotstar,Entertainment,1752.31,INR,SUCCESS,UPI
TXN2025003647,2026-05-18T02:33:58Z,Myntra,Shopping,5268.0,INR,SUCCESS,Debit Card
TXN2025003648,2025-07-25T04:36:03Z,Nykaa,Shopping,14711.3,INR,FAILED,Debit Card
TXN2025003649,2025-07-18T11:48:18Z,DMart,Groceries,3999.74,INR,PENDING,UPI
TXN2025003650,2026-04-10T01:49:23Z,Nykaa,Shopping,8889.86,INR,PENDING,UPI
TXN2025003651,2026-05-25T14:08:49Z,Zepto,Groceries,1361.96,INR,SUCCESS,UPI
TXN2025003652,2026-07-11T19:14:26+05:30,Jio,Utilities,287.0,INR,SUCCESS,UPI
TXN2025003653,01/03/2026 17:09:27,IRCTC,Travel,6914.96,INR,SUCCESS,UPI
TXN2025003654,2025-09-15T20:16:35Z,ACT Fibernet,Utilities,3478.4,INR,SUCCESS,Credit Card
TXN2025003655,2025-08-29T21:00:44+05:30,BookMyShow,Entertainment,1612.34,INR,PENDING,Netbanking
TXN2025003656,2026-03-08T05:10:25Z,Uber,Travel,8177.0,INR,SUCCESS,Netbanking
TXN2025003657,1783733867000,IndiGo,Travel,3226.93,INR,SUCCESS,Debit Card
TXN2025003658,2025-08-27T09:18:08Z,Coursera,Education,37875.5,INR,SUCCESS,Credit Card
TXN2025003659,27/09/2025 02:17:48,Cult.fit,Health,4898.59,INR,SUCCESS,Credit Card
TXN2025003660,2025-10-20T08:36:15Z,HP Petrol,Fuel,2913.0,INR,SUCCESS,Netbanking
TXN2025003661,2026-05-19T17:32:33Z,upGrad,Education,38448.3,INR,SUCCESS,Debit Card
TXN2025003662,2025-08-03T19:54:06+05:30,MakeMyTrip,Travel,1336.98,INR,SUCCESS,Debit Card
TXN2025003663,2025-07-20T00:17:34+05:30,Domino's,Food & Dining,486.0,INR,PENDING,Netbanking
TXN2025003664,2026-01-10T02:39:03Z,Domino's,Food & Dining,518.93,INR,SUCCESS,Credit Card
TXN2025003665,2026-01-07T14:36:26Z,Ola,Travel,3553.0,INR,SUCCESS,Credit Card
TXN2025003666,2026-07-05T18:40:59+05:30,Hotstar,Entertainment,383.57,INR,SUCCESS,Credit Card
TXN2025003667,10/09/2025 00:36:42,BPCL,Fuel,3211.08,INR,SUCCESS,UPI
TXN2025003668,16/12/2025 20:05:14,ACT Fibernet,Utilities,2398.53,INR,SUCCESS,Debit Card
TXN2025003669,2026-01-02T14:13:22Z,Shell,Fuel,3938.12,INR,SUCCESS,Debit Card
TXN2025003670,2025-09-20T06:09:57Z,Airtel,Utilities,2687.0,INR,SUCCESS,Credit Card
TXN2025003671,2026-01-14T04:44:33Z,Nykaa,Shopping,17157.81,INR,FAILED,UPI
TXN2025003672,2025-08-29T13:35:31Z,Policybazaar,Insurance,24885.0,INR,SUCCESS,Credit Card
TXN2025003673,2026-03-02T22:58:16Z,BYJU'S,Education,45046.9,INR,SUCCESS,Credit Card
TXN2025003674,2025-11-24T04:38:44Z,LIC Premium,Insurance,38396.64,INR,SUCCESS,Debit Card
TXN2025003675,2025-11-29T01:56:26Z,IRCTC,Travel,3470.0,INR,SUCCESS,Netbanking
TXN2025003676,2026-01-23T05:06:58Z,IndiGo,Travel,786.69,INR,SUCCESS,Debit Card
TXN2025003677,2025-08-10T08:53:46Z,Hotstar,Entertainment,1756.32,INR,SUCCESS,UPI
TXN2025003678,2026-02-02T19:44:13Z,ACT Fibernet,Utilities,2407.0,INR,SUCCESS,UPI
TXN2025003679,1781120595000,Udemy,Education,31330.0,INR,FAILED,UPI
TXN2025003680,2026-03-14T12:23:03Z,MakeMyTrip,Travel,7017.0,INR,SUCCESS,Debit Card
TXN2025003681,2026-04-06T15:46:22+05:30,Coursera,Education,22561.41,INR,SUCCESS,Debit Card
TXN2025003682,2026-05-04T02:21:46+05:30,BookMyShow,Entertainment,297.72,INR,SUCCESS,UPI
TXN2025003683,2026-05-07T04:20:59Z,Spotify,Entertainment,897.61,INR,SUCCESS,UPI
TXN2025003684,2025-10-12T17:20:52Z,Spotify,Entertainment,352.31,INR,SUCCESS,UPI
TXN2025003685,2025-11-05T21:50:28Z,Apollo Pharmacy,Health,5400.03,INR,SUCCESS,Debit Card
TXN2025003686,09/02/2026 18:52:16,Zomato,Food & Dining,564.27,INR,FAILED,Netbanking
TXN2025003687,2025-12-23T02:18:47+05:30,PharmEasy,Health,6895.65,INR,SUCCESS,Netbanking
TXN2025003688,2026-05-08T18:59:34Z,Netflix,Entertainment,2041.0,INR,SUCCESS,Credit Card
TXN2025003689,31/08/2025 11:25:22,Zomato,Food & Dining,317.82,INR,PENDING,UPI
TXN2025003690,2025-08-07T02:09:39Z,McDonald's,Food & Dining,605.74,INR,SUCCESS,UPI
TXN2025003691,2026-02-07T17:57:08Z,Nykaa,Shopping,5777.04,INR,SUCCESS,Netbanking
TXN2025003692,2026-03-09T08:57:32+05:30,Practo,Health,2914.21,INR,SUCCESS,Netbanking
TXN2025003693,2025-09-22T12:13:07Z,Domino's,Food & Dining,561.79,INR,FAILED,Credit Card
TXN2025003694,1753989297000,Jio,Utilities,1818.81,INR,SUCCESS,Credit Card
TXN2025003695,2026-04-23T17:28:02Z,Ajio,Shopping,8078.04,INR,FAILED,Netbanking
TXN2025003696,1769251941000,JioMart,Groceries,4264.08,INR,SUCCESS,Netbanking
TXN2025003697,1779516071000,Udemy,Education,30413.16,INR,SUCCESS,Credit Card
TXN2025003698,29/03/2026 04:28:29,Cult.fit,Health,4841.82,INR,SUCCESS,Debit Card
TXN2025003699,2026-04-25T19:04:44Z,Ola,Travel,1214.0,INR,SUCCESS,Debit Card
TXN2025003700,19/03/2026 00:33:06,Zepto,Groceries,1373.74,INR,SUCCESS,Debit Card
TXN2025003701,2025-08-31T08:11:44Z,Uber,Travel,2251.0,INR,SUCCESS,UPI
TXN2025003702,2026-01-05T15:03:03Z,Netflix,Entertainment,2128.93,INR,SUCCESS,Debit Card
TXN2025003703,2026-06-23T17:00:05Z,Blinkit,Groceries,3509.33,INR,FAILED,Netbanking
TXN2025003704,2025-12-11T10:44:42+05:30,Swiggy,Food & Dining,674.0,INR,SUCCESS,Netbanking
TXN2025003705,2026-04-23T03:09:27+05:30,Hotstar,Entertainment,868.81,INR,SUCCESS,Netbanking
TXN2025003706,2025-12-22T14:05:55Z,Hotstar,Entertainment,849.0,INR,SUCCESS,UPI
TXN2025003707,2025-11-12T17:58:55Z,YouTube Premium,Entertainment,2067.92,INR,SUCCESS,UPI
TXN2025003708,2025-12-05T17:16:30Z,Rapido,Travel,7749.0,INR,SUCCESS,Debit Card
TXN2025003709,1752571022000,DMart,Groceries,4284.48,INR,SUCCESS,Netbanking
TXN2025003710,2026-07-09T22:44:54+05:30,BigBasket,Groceries,3520.76,INR,SUCCESS,Netbanking
TXN2025003711,2026-03-10T05:37:39Z,Amazon,Shopping,2289.91,INR,SUCCESS,Credit Card
TXN2025003712,2025-09-18T17:31:16Z,Apollo Pharmacy,Health,4917.0,INR,SUCCESS,Debit Card
TXN2025003713,2025-11-20T16:34:20Z,PharmEasy,Health,3341.0,INR,SUCCESS,UPI
TXN2025003714,2026-03-19T16:33:38Z,Croma,Shopping,9687.14,INR,FAILED,Netbanking
TXN2025003715,1761844746000,Zepto,Groceries,1638.0,INR,SUCCESS,Debit Card
TXN2025003716,2026-02-07,HP Petrol,Fuel,2983.06,INR,SUCCESS,Debit Card
TXN2025003717,1765197973000,Practo,Health,2845.28,INR,FAILED,Netbanking
TXN2025003956,2025-10-10T09:57:21Z,IndiGo,Travel,2827.0,INR,SUCCESS,Credit Card
TXN2025003719,2026-05-04T05:44:42Z,Zepto,Groceries,4341.51,INR,SUCCESS,UPI
TXN2025003720,2025-10-03,Hotstar,Entertainment,1487.63,INR,SUCCESS,Credit Card
TXN2025003721,2026-02-10T14:19:36+05:30,BYJU'S,Education,52016.0,INR,SUCCESS,Debit Card
TXN2025003722,2025-12-06T23:12:40Z,MakeMyTrip,Travel,5259.0,INR,FAILED,UPI
TXN2025003723,2026-03-29T16:49:15+05:30,HP Petrol,Fuel,3536.28,INR,success,Credit Card
TXN2025003724,2026-01-11T03:32:16Z,Nykaa,Shopping,4312.93,INR,SUCCESS,Credit Card
TXN2025003725,2025-09-23T20:48:45+05:30,1mg,Health,5102.21,INR,SUCCESS,Debit Card
TXN2025003726,2025-07-04,Flipkart,Shopping,4747.0,INR,SUCCESS,Netbanking
TXN2025003727,2026-05-31T03:42:26+05:30,Ajio,Shopping,1430.0,INR,SUCCESS,UPI
TXN2025003728,2026-01-18T03:56:32Z,BSES,Utilities,1278.52,INR,SUCCESS,Credit Card
TXN2025003729,2025-11-21T16:13:14Z,Blinkit,Groceries,3892.69,INR,SUCCESS,Netbanking
TXN2025003730,2025-07-15T06:05:23Z,PharmEasy,Health,1053.6,INR,SUCCESS,UPI
TXN2025003731,2026-05-26T04:49:27Z,Domino's,Food & Dining,355.38,INR,PENDING,Netbanking
TXN2025003732,2026-02-05T19:20:53Z,McDonald's,Food & Dining,235.74,INR,SUCCESS,UPI
TXN2025003733,2025-08-11T04:25:13Z,Nykaa,Shopping,16186.27,INR,SUCCESS,UPI
TXN2025003734,2026-05-30T04:02:09Z,IRCTC,Travel,6657.78,INR,SUCCESS,Debit Card
TXN2025003735,2025-11-06T10:58:31+05:30,HP Petrol,Fuel,3327.92,INR,SUCCESS,Debit Card
TXN2025003736,2025-07-01T21:35:39+05:30,Cult.fit,Health,4791.15,INR,SUCCESS,Netbanking
TXN2025003737,2026-07-02T12:46:36Z,Amazon,Shopping,16635.62,INR,SUCCESS,Debit Card
TXN2025003738,09/10/2025 17:32:57,BYJU'S,Education,20466.0,INR,SUCCESS,Debit Card
TXN2025003739,2025-09-25T12:51:15+05:30,Hotstar,Entertainment,1060.0,INR,SUCCESS,Debit Card
TXN2025003740,2025-09-10T01:28:12Z,Starbucks,Food & Dining,810.0,INR,SUCCESS,Netbanking
TXN2025003741,2025-07-13T18:36:25Z,Croma,Shopping,16813.71,INR,SUCCESS,Credit Card
TXN2025003742,2025-12-05T16:04:36Z,Zepto,Groceries,2907.0,INR,SUCCESS,UPI
TXN2025003743,2026-04-04T08:52:43+05:30,Zomato,Food & Dining,354.98,INR,FAILED,Netbanking
TXN2025003744,2026-03-13T07:48:34Z,Indian Oil,Fuel,3465.81,INR,SUCCESS,UPI
TXN2025003745,1783169502000,Domino's,Food & Dining,550.69,INR,SUCCESS,Debit Card
TXN2025003746,2026-05-30T21:35:38Z,BYJU'S,Education,39223.0,INR,FAILED,Netbanking
TXN2025003747,1781041485000,Policybazaar,Insurance,23928.0,INR,SUCCESS,UPI
TXN2025003748,2026-06-11T03:05:01Z,Udemy,Education,36783.53,INR,SUCCESS,UPI
TXN2025003749,2025-10-26T02:15:29Z,Tata Power,Utilities,1069.54,INR,SUCCESS,Debit Card
TXN2025003750,2026-05-04T02:38:59Z,Starbucks,Food & Dining,241.03,INR,SUCCESS,UPI
TXN2025003751,2026-07-02T12:12:03Z,Croma,Shopping,3209.07,INR,SUCCESS,Netbanking
TXN2025003752,2025-11-08,Hotstar,Entertainment,944.44,INR,SUCCESS,Credit Card
TXN2025003753,1756452698000,Ola,Travel,1969.17,INR,SUCCESS,Credit Card
TXN2025003754,2025-12-03T20:07:56+05:30,Swiggy,Food & Dining,226.0,INR,SUCCESS,UPI
TXN2025003755,2025-07-09T07:14:35Z,IRCTC,Travel,1998.0,INR,SUCCESS,Credit Card
TXN2025003756,12/04/2026 01:57:54,Rapido,Travel,3792.97,INR,SUCCESS,UPI
TXN2025003757,2025-11-19T14:24:41Z,Coursera,Education,49648.7,INR,PENDING,Netbanking
TXN2025003758,2026-02-22T15:45:00Z,Jio,,668.58,INR,SUCCESS,Debit Card
TXN2025003759,1760636131000,IndiGo,Travel,8108.0,INR,SUCCESS,Debit Card
TXN2025003760,2025-09-05T23:21:51Z,IRCTC,Travel,693.24,INR,SUCCESS,Debit Card
TXN2025003761,14/10/2025 04:32:06,ACT Fibernet,Utilities,763.0,INR,SUCCESS,Credit Card
TXN2025003762,2025-07-27T10:45:02+05:30,Domino's,Food & Dining,219.0,INR,PENDING,UPI
TXN2025003763,1756791215000,Amazon,Shopping,8366.0,INR,SUCCESS,Credit Card
TXN2025003764,18/12/2025 15:00:25,Blinkit,Groceries,597.08,INR,SUCCESS,Netbanking
TXN2025003765,2026-04-10,Rapido,Travel,6012.87,INR,SUCCESS,UPI
TXN2025003766,2025-11-02T11:30:28Z,BSES,,2319.24,INR,SUCCESS,Netbanking
TXN2025003767,2026-06-29T03:59:51Z,Flipkart,Shopping,11333.57,INR,SUCCESS,Debit Card
TXN2025003768,2025-09-27T07:25:42+05:30,Starbucks,Food & Dining,421.33,INR,SUCCESS,Netbanking
TXN2025003769,2025-08-27T09:06:35Z,Nykaa,Shopping,14269.14,INR,SUCCESS,UPI
TXN2025003770,2026-05-08T17:22:29+05:30,Uber,Travel,1568.86,INR,SUCCESS,Debit Card
TXN2025003771,2026-04-03T12:31:15Z,BookMyShow,Entertainment,1075.77,INR,SUCCESS,Credit Card
TXN2025003772,2025-12-23T07:04:07+05:30,IndiGo,Travel,4472.12,INR,SUCCESS,UPI
TXN2025003773,2025-07-19T01:56:06Z,Uber,Travel,1077.0,INR,SUCCESS,Netbanking
TXN2025003774,2026-03-25T07:58:49+05:30,Indian Oil,Fuel,667.85,INR,SUCCESS,Netbanking
TXN2025003775,2026-06-11T17:52:26Z,HDFC Ergo,Insurance,25146.34,INR,SUCCESS,Netbanking
TXN2025003776,2026-03-27T03:11:22Z,Starbucks,Food & Dining,793.1,INR,SUCCESS,Credit Card
TXN2025003777,1783910505000,1mg,Health,1184.0,INR,SUCCESS,Debit Card
TXN2025003778,2026-04-12,upGrad,Education,20167.18,INR,SUCCESS,UPI
TXN2025003779,2026-06-17T14:09:25+05:30,ACT Fibernet,Utilities,536.0,INR,SUCCESS,Netbanking
TXN2025003780,2025-12-24T05:50:51Z,HDFC Ergo,Insurance,11299.0,INR,SUCCESS,Credit Card
TXN2025003781,2025-08-25T19:51:52Z,Zomato,,401.0,INR,SUCCESS,Netbanking
TXN2025003782,2026-05-11T16:43:06Z,Uber,Travel,3516.0,INR,FAILED,Netbanking
TXN2025003783,01/07/2025 14:03:10,Ola,Travel,8197.19,INR,SUCCESS,Credit Card
TXN2025003784,2025-12-19T17:52:07Z,Ola,Travel,8790.0,INR,FAILED,Debit Card
TXN2025003785,2026-02-18T17:08:17+05:30,Indian Oil,Fuel,3862.47,INR,SUCCESS,Debit Card
TXN2025003786,2025-09-03T07:41:25Z,Swiggy,Food & Dining,331.0,INR,SUCCESS,Debit Card
TXN2025003787,2026-03-23T13:08:53Z,Practo,Health,4829.35,INR,SUCCESS,UPI
TXN2025003788,03/05/2026 00:54:19,Practo,Health,5397.0,INR,FAILED,Netbanking
TXN2025003789,2025-09-09T07:41:15Z,ACT Fibernet,Utilities,1049.35,INR,SUCCESS,Netbanking
TXN2025003790,1780757185000,Cult.fit,Health,4656.0,INR,SUCCESS,Debit Card
TXN2025003791,2026-06-23T18:58:10+05:30,YouTube Premium,Entertainment,697.0,INR,SUCCESS,Netbanking
TXN2025003792,2025-11-17T07:15:30+05:30,DMart,Groceries,4830.0,INR,SUCCESS,Credit Card
TXN2025003793,2025-11-13T15:36:56+05:30,Zomato,Food & Dining,446.32,INR,SUCCESS,UPI
TXN2025003794,2026-03-11T19:20:19Z,Nykaa,Shopping,14638.0,INR,SUCCESS,Credit Card
TXN2025003795,2025-11-03,Nykaa,Shopping,10808.0,INR,SUCCESS,Netbanking
TXN2025003796,2025-10-31,IRCTC,Travel,569.97,INR,SUCCESS,Netbanking
TXN2025003797,2026-04-06T11:15:53Z,MakeMyTrip,Travel,4035.85,INR,SUCCESS,Netbanking
TXN2025003798,2026-03-15,Uber,Travel,7474.68,INR,PENDING,Credit Card
TXN2025003799,2026-03-15T08:23:40Z,Domino's,Food & Dining,456.0,INR,PENDING,UPI
TXN2025003800,2025-09-14T07:40:02Z,Udemy,Education,37116.0,INR,SUCCESS,UPI
TXN2025003801,2025-07-16T11:29:52Z,MakeMyTrip,Travel,5961.37,INR,PENDING,Debit Card
TXN2025003802,2026-03-31T07:43:38Z,Apollo Pharmacy,Health,3810.86,INR,FAILED,UPI
TXN2025003803,2025-08-06T10:00:36Z,Udemy,Education,5519.31,INR,SUCCESS,UPI
TXN2025003804,2026-06-19T20:07:38Z,Spotify,Entertainment,1910.33,INR,PENDING,Debit Card
TXN2025003805,2025-12-10T00:10:45+05:30,Shell,Fuel,1114.61,INR,FAILED,Netbanking
TXN2025003806,2026-04-23T13:02:36+05:30,Hotstar,Entertainment,849.0,INR,SUCCESS,UPI
TXN2025003807,2025-07-23T11:38:39Z,HP Petrol,Fuel,1806.87,INR,SUCCESS,Debit Card
TXN2025003808,2026-03-19T10:01:09Z,Zepto,Groceries,4575.44,INR,SUCCESS,UPI
TXN2025003809,2026-06-21T13:41:46+05:30,BookMyShow,Entertainment,566.68,INR,SUCCESS,Netbanking
TXN2025003810,2025-10-30T19:41:39+05:30,Cult.fit,Health,3742.0,INR,SUCCESS,Debit Card
TXN2025003811,2025-10-18T04:46:37Z,HDFC Ergo,Insurance,38450.86,INR,SUCCESS,Debit Card
TXN2025003812,2025-08-19T23:40:27Z,HDFC Ergo,Insurance,6071.95,INR,SUCCESS,Debit Card
TXN2025003813,2026-04-04T14:58:08+05:30,Coursera,Education,10734.98,INR,SUCCESS,Credit Card
TXN2025003814,27/10/2025 16:45:18,Uber,Travel,860.0,INR,SUCCESS,UPI
TXN2025003815,2026-01-23T08:08:39Z,Domino's,Food & Dining,-341.77,INR,SUCCESS,UPI
TXN2025003816,2026-06-22T03:24:01+05:30,Blinkit,Groceries,4476.61,INR,FAILED,UPI
TXN2025003817,2025-08-29,Amazon,Shopping,8664.2,INR,SUCCESS,Netbanking
TXN2025003818,2025-10-16T20:12:45+05:30,PharmEasy,Health,4324.46,INR,SUCCESS,UPI
TXN2025003819,2025-08-13,Udemy,Education,9686.88,INR,SUCCESS,UPI
TXN2025003820,2025-12-06T22:18:42Z,Starbucks,Food & Dining,291.09,INR,SUCCESS,Credit Card
TXN2025003821,2026-06-29T08:56:49Z,BYJU'S,Education,1114.0,INR,SUCCESS,Credit Card
TXN2025003822,2025-09-11T23:55:57Z,Shell,Fuel,1846.64,INR,SUCCESS,UPI
TXN2025003823,2025-09-08T11:11:32Z,DMart,Groceries,3901.0,INR,SUCCESS,Credit Card
TXN2025003824,2025-07-01T12:18:42Z,HP Petrol,Fuel,4096.58,INR,SUCCESS,Credit Card
TXN2025003825,2026-03-14,YouTube Premium,Entertainment,2129.6,INR,SUCCESS,UPI
TXN2025003826,2025-12-15T14:51:16Z,Starbucks,Food & Dining,471.86,INR,SUCCESS,Netbanking
TXN2025003827,2025-09-26T23:35:00Z,Policybazaar,Insurance,18291.0,INR,SUCCESS,Credit Card
TXN2025003828,2026-05-03T10:08:26Z,Indian Oil,Fuel,2937.66,INR,SUCCESS,Credit Card
TXN2025003829,2026-01-13T03:34:33Z,BSES,Utilities,1544.78,INR,SUCCESS,UPI
TXN2025003830,2026-04-18,Cult.fit,Health,6749.8,INR,SUCCESS,Netbanking
TXN2025003831,2025-12-16T13:40:16+05:30,Uber,Travel,3699.0,INR,SUCCESS,Debit Card
TXN2025003832,1756510899000,Flipkart,Shopping,364.0,INR,SUCCESS,Credit Card
TXN2025003833,2025-08-28T22:32:50Z,Ola,,8120.61,INR,SUCCESS,Credit Card
TXN2025003834,2026-02-19,Netflix,Entertainment,2259.52,INR,SUCCESS,UPI
TXN2025003835,2026-04-23,HP Petrol,Fuel,2407.48,INR,SUCCESS,UPI
TXN2025003836,2025-11-27T12:57:03Z,Hotstar,Entertainment,2388.72,INR,SUCCESS,UPI
TXN2025003837,2026-05-17T14:25:14+05:30,Jio,Utilities,2693.21,INR,SUCCESS,Credit Card
TXN2025003838,2026-01-19T17:55:12Z,Swiggy,Food & Dining,615.15,INR,SUCCESS,Debit Card
TXN2025003839,1766981102000,IndiGo,Travel,6978.86,INR,SUCCESS,Netbanking
TXN2025003840,2026-03-27T14:26:43Z,YouTube Premium,Entertainment,423.55,INR,SUCCESS,Debit Card
TXN2025003841,2026-03-07T14:02:18Z,PharmEasy,Health,3020.14,INR,SUCCESS,Debit Card
TXN2025003842,2026-03-20T03:08:49Z,Netflix,Entertainment,1702.0,INR,SUCCESS,Credit Card
TXN2025003843,2026-07-06T00:16:56Z,upGrad,Education,22102.01,INR,SUCCESS,Netbanking
TXN2025003844,2026-02-08T23:31:20Z,Policybazaar,Insurance,8076.37,INR,SUCCESS,Credit Card
TXN2025003845,1768328007000,DMart,Groceries,2854.0,INR,SUCCESS,Credit Card
TXN2025003846,2026-03-18T15:41:15+05:30,JioMart,Groceries,2159.06,INR,PENDING,UPI
TXN2025003847,2025-08-23T00:18:23+05:30,Policybazaar,Insurance,18607.0,INR,SUCCESS,UPI
TXN2025003848,1776971709000,Airtel,Utilities,1084.79,INR,SUCCESS,Netbanking
TXN2025003849,2025-07-25,Jio,Utilities,2147.88,INR,SUCCESS,Netbanking
TXN2025003850,2026-02-04T04:46:56Z,Apollo Pharmacy,Health,4388.34,INR,SUCCESS,Netbanking
TXN2025003851,2026-02-02T22:09:19Z,Zepto,Groceries,4210.21,INR,SUCCESS,Debit Card
TXN2025003852,1757802366000,Hotstar,Entertainment,797.4,INR,PENDING,Debit Card
TXN2025003853,2026-05-22T19:04:28+05:30,Myntra,Shopping,7603.0,INR,SUCCESS,Debit Card
TXN2025003854,2026-05-10T23:05:17+05:30,IRCTC,Travel,3708.28,INR,SUCCESS,UPI
TXN2025003855,2025-07-11T15:03:13Z,BookMyShow,Entertainment,837.77,INR,SUCCESS,Debit Card
TXN2025003856,1773550806000,DMart,Groceries,356.3,INR,SUCCESS,Netbanking
TXN2025003857,2026-05-21T07:44:06Z,Swiggy,Food & Dining,374.0,INR,SUCCESS,Credit Card
TXN2025003858,2025-12-01T20:04:58Z,Hotstar,Entertainment,477.06,INR,SUCCESS,Debit Card
TXN2025003859,2026-05-23T04:07:49+05:30,BPCL,Fuel,2907.0,INR,SUCCESS,Credit Card
TXN2025003860,2026-01-18T18:01:45Z,BigBasket,Groceries,3347.0,INR,SUCCESS,Credit Card
TXN2025003861,2026-02-01T12:33:00Z,Swiggy,Food & Dining,553.9,INR,SUCCESS,UPI
TXN2025003862,2026-01-27T01:09:12+05:30,JioMart,Groceries,3050.07,INR,SUCCESS,Credit Card
TXN2025003863,2026-05-20,Practo,Health,4225.78,INR,SUCCESS,UPI
TXN2025003864,2025-09-30T15:25:17Z,BPCL,Fuel,1890.53,INR,SUCCESS,Credit Card
TXN2025003865,2025-07-19T02:50:22Z,Airtel,Utilities,2801.4,INR,SUCCESS,Credit Card
TXN2025003866,22/04/2026 01:35:27,Domino's,Food & Dining,650.13,INR,SUCCESS,Netbanking
TXN2025003867,2026-02-17T09:43:32Z,Flipkart,Shopping,10801.87,INR,SUCCESS,Credit Card
TXN2025003868,2025-11-28T05:21:13Z,Zomato,Food & Dining,830.71,INR,SUCCESS,UPI
TXN2025003869,2026-05-17T13:55:10+05:30,BPCL,Fuel,1544.24,INR,SUCCESS,Debit Card
TXN2025003870,2026-04-22T14:37:07+05:30,Jio,Utilities,1681.0,INR,SUCCESS,UPI
TXN2025003871,1765214679000,Udemy,Education,7388.14,INR,SUCCESS,UPI
TXN2025003872,2025-12-13T21:12:09Z,Zomato,Food & Dining,208.14,INR,FAILED,UPI
TXN2025003873,2025-10-26T10:48:52Z,Starbucks,Food & Dining,300.12,INR,SUCCESS,Credit Card
TXN2025003874,2026-01-04T17:13:19Z,1mg,Health,4227.0,INR,SUCCESS,Debit Card
TXN2025003875,2026-05-14T15:28:29Z,Jio,Utilities,2043.47,INR,SUCCESS,Credit Card
TXN2025003876,2026-05-02,Zepto,Groceries,5657.99,INR,FAILED,Credit Card
TXN2025003877,2026-02-17T23:45:58+05:30,Myntra,Shopping,6061.0,INR,SUCCESS,Netbanking
TXN2025003878,2025-09-08T00:00:27Z,Ajio,Shopping,5917.28,INR,SUCCESS,Credit Card
TXN2025003879,1758537665000,Myntra,Shopping,11098.0,INR,SUCCESS,Debit Card
TXN2025003880,2025-10-28T08:16:23+05:30,Airtel,Utilities,2817.0,INR,SUCCESS,Netbanking
TXN2025003881,2025-11-04T06:03:37Z,Zepto,Groceries,3384.75,INR,SUCCESS,Credit Card
TXN2025003882,2026-05-26T03:23:39Z,1mg,Health,3143.0,INR,SUCCESS,Credit Card
TXN2025003883,2026-07-12T06:25:15Z,DMart,Groceries,334.81,INR,PENDING,Debit Card
TXN2025003884,03/09/2025 13:19:16,JioMart,Groceries,4453.0,INR,SUCCESS,UPI
TXN2025003885,2026-03-13T11:20:41Z,Swiggy,Food & Dining,698.0,INR,SUCCESS,UPI
TXN2025003886,2025-09-30,McDonald's,Food & Dining,844.85,INR,SUCCESS,Credit Card
TXN2025003887,2025-12-13,Cult.fit,Health,6793.89,INR,SUCCESS,Debit Card
TXN2025003888,2026-02-25T13:52:55Z,Shell,Fuel,3070.15,INR,SUCCESS,Debit Card
TXN2025003889,2025-09-05T04:02:54Z,BYJU'S,Education,37455.44,INR,SUCCESS,Debit Card
TXN2025003890,2026-04-03T14:18:08Z,Croma,Shopping,12374.0,INR,SUCCESS,UPI
TXN2025003891,2026-01-06T18:40:24Z,Hotstar,Entertainment,420.91,INR,SUCCESS,UPI
TXN2025003892,2025-07-21T06:46:34+05:30,Airtel,Utilities,419.0,INR,SUCCESS,UPI
TXN2025003893,2025-12-22T01:52:13+05:30,Spotify,Entertainment,874.0,INR,SUCCESS,Debit Card
TXN2025003894,2026-03-05T18:56:59Z,BigBasket,Groceries,2988.21,INR,SUCCESS,Debit Card
TXN2025003895,2026-04-11,Nykaa,Shopping,5601.99,INR,SUCCESS,Debit Card
TXN2025003896,2025-08-16T00:25:45Z,Myntra,Shopping,15057.16,INR,SUCCESS,Debit Card
TXN2025003897,2025-09-16T05:24:15Z,upGrad,Education,44511.8,INR,SUCCESS,Debit Card
TXN2025003898,2026-01-06T15:34:08+05:30,1mg,Health,1541.0,INR,SUCCESS,UPI
TXN2025003899,2025-12-11T09:09:48Z,MakeMyTrip,Travel,1918.07,INR,SUCCESS,UPI
TXN2025003900,1768795616000,upGrad,Education,11855.32,INR,SUCCESS,Credit Card
TXN2025003901,2026-01-13T12:31:08+05:30,Jio,Utilities,3289.92,INR,SUCCESS,Credit Card
TXN2025003902,2026-01-03T09:10:10+05:30,BPCL,Fuel,773.27,INR,SUCCESS,Netbanking
TXN2025003903,2025-12-16T15:04:57Z,Ola,Travel,284.86,INR,SUCCESS,Debit Card
TXN2025003904,20/12/2025 21:17:17,Unacademy,Education,4379.0,INR,PENDING,Debit Card
TXN2025003905,2026-06-25T14:52:18Z,YouTube Premium,Entertainment,917.11,INR,SUCCESS,Credit Card
TXN2025003906,2025-07-20T04:33:26Z,BSES,Utilities,2880.15,INR,SUCCESS,UPI
TXN2025003907,2025-10-22T09:08:45Z,Netflix,Entertainment,1147.84,INR,SUCCESS,Netbanking
TXN2025003908,2026-04-15T01:18:01Z,ACT Fibernet,Utilities,489.15,INR,SUCCESS,Credit Card
TXN2025003909,2025-07-26T03:10:52Z,PharmEasy,Health,5692.14,INR,SUCCESS,Credit Card
TXN2025003910,2026-02-20T19:17:30+05:30,IRCTC,Travel,7359.0,INR,SUCCESS,Debit Card
TXN2025003911,2026-07-13T03:06:34Z,BookMyShow,Entertainment,1628.03,INR,SUCCESS,UPI
TXN2025003912,12/07/2025 06:14:08,Practo,Health,4174.66,INR,PENDING,UPI
TXN2025003913,2025-11-10T03:40:47+05:30,Myntra,Shopping,1201.16,INR,SUCCESS,Credit Card
TXN2025003914,20/05/2026 08:57:23,Apollo Pharmacy,Health,266.19,INR,SUCCESS,Debit Card
TXN2025003915,2026-02-16T15:11:04Z,Croma,,2030.0,INR,SUCCESS,Debit Card
TXN2025003916,2025-10-16,Blinkit,Groceries,1270.0,INR,SUCCESS,Debit Card
TXN2025003917,1773789399000,Practo,Health,5294.92,INR,SUCCESS,Netbanking
TXN2025003918,2026-06-19T12:07:53Z,PharmEasy,Health,2689.0,INR,SUCCESS,Netbanking
TXN2025003919,2026-04-19T21:58:04+05:30,JioMart,Groceries,3920.12,INR,SUCCESS,Credit Card
TXN2025003920,2025-07-20T17:02:36Z,HP Petrol,Fuel,3467.59,INR,SUCCESS,Credit Card
TXN2025003921,2026-04-10T22:36:27+05:30,McDonald's,Food & Dining,464.06,INR,FAILED,UPI
TXN2025003922,1772759472000,Ajio,Shopping,5631.58,INR,SUCCESS,Netbanking
TXN2025003923,2026-04-18T12:13:04+05:30,Amazon,Shopping,8506.46,INR,SUCCESS,Debit Card
TXN2025003924,2026-05-03T12:58:19Z,Rapido,Travel,8343.88,INR,SUCCESS,Credit Card
TXN2025003925,2026-01-19T21:53:13Z,Jio,Utilities,1837.92,INR,SUCCESS,UPI
TXN2025003926,2025-07-12T07:11:00Z,Amazon,Shopping,3566.0,INR,SUCCESS,Debit Card
TXN2025003927,2026-04-27T21:23:08Z,Policybazaar,Insurance,18225.07,INR,SUCCESS,Credit Card
TXN2025003928,2026-01-26T00:12:21Z,Practo,Health,6904.59,INR,SUCCESS,Debit Card
TXN2025003929,2025-07-09,JioMart,Groceries,3585.7,INR,SUCCESS,Credit Card
TXN2025003930,2025-11-21T14:56:20Z,Flipkart,Shopping,8209.45,INR,SUCCESS,Credit Card
TXN2025003931,2026-02-13T00:58:11Z,BPCL,Fuel,3945.77,INR,SUCCESS,Credit Card
TXN2025003932,2025-10-30,Spotify,Entertainment,359.25,INR,SUCCESS,UPI
TXN2025003933,2025-07-05,Policybazaar,Insurance,29293.63,INR,FAILED,Debit Card
TXN2025003934,2026-04-16,Ola,Travel,1313.52,INR,SUCCESS,UPI
TXN2025003935,2025-07-31T18:28:42Z,Myntra,Shopping,10510.63,INR,SUCCESS,Credit Card
TXN2025003936,2025-12-31T23:23:41Z,Shell,Fuel,1002.6,INR,SUCCESS,Credit Card
TXN2025003937,03/10/2025 12:10:47,Udemy,Education,47771.0,INR,SUCCESS,Netbanking
TXN2025003938,2025-11-05T10:01:16+05:30,Domino's,Food & Dining,567.69,INR,SUCCESS,UPI
TXN2025003939,2025-11-05T01:15:38Z,Indian Oil,Fuel,3368.0,INR,SUCCESS,Credit Card
TXN2025003940,2025-12-03T07:03:58Z,Zepto,Groceries,1509.41,INR,SUCCESS,Debit Card
TXN2025003941,2025-09-18T15:13:06Z,upGrad,Education,43933.83,INR,SUCCESS,Netbanking
TXN2025003942,2026-03-25T19:41:47Z,Ajio,Shopping,16499.0,INR,SUCCESS,Netbanking
TXN2025003943,1778100714000,Apollo Pharmacy,Health,1830.62,INR,SUCCESS,UPI
TXN2025003944,2025-11-02,BYJU'S,Education,1383.0,INR,SUCCESS,Netbanking
TXN2025003945,22/12/2025 21:41:06,Amazon,Shopping,6822.57,INR,SUCCESS,Credit Card
TXN2025003946,2026-05-15T09:17:17Z,Amazon,Shopping,11834.18,INR,SUCCESS,Credit Card
TXN2025003947,2025-11-12T10:08:23Z,PharmEasy,Health,3488.0,INR,SUCCESS,UPI
TXN2025003948,1774086380000,BookMyShow,Entertainment,831.21,INR,FAILED,UPI
TXN2025003949,2025-10-02T04:48:53+05:30,Coursera,Education,8236.43,INR,SUCCESS,Netbanking
TXN2025003950,1769585375000,Uber,Travel,4221.03,INR,SUCCESS,Netbanking
TXN2025003951,2026-06-20T18:38:48Z,Udemy,Education,21422.0,INR,SUCCESS,Debit Card
TXN2025003952,2025-10-07T18:13:22Z,Uber,Travel,4786.91,INR,SUCCESS,UPI
TXN2025003953,2026-06-12T16:40:19Z,BYJU'S,Education,37879.0,INR,SUCCESS,Netbanking
TXN2025003954,1769273686000,DMart,Groceries,3917.0,INR,FAILED,Debit Card
TXN2025003955,2025-11-22T17:57:16Z,YouTube Premium,Entertainment,2096.0,INR,SUCCESS,UPI
TXN2025003956,2025-08-22T13:43:47+05:30,Ola,Travel,6089.65,INR,SUCCESS,Credit Card
TXN2025003957,2025-09-19T18:08:46Z,Swiggy,Food & Dining,325.97,INR,SUCCESS,Credit Card
TXN2025003958,09/10/2025 15:34:29,Indian Oil,Fuel,3989.0,INR,SUCCESS,Debit Card
TXN2025003959,1759022925000,Tata Power,Utilities,583.0,INR,SUCCESS,Debit Card
TXN2025003960,2026-02-09T03:07:31Z,IRCTC,Travel,8353.77,INR,FAILED,Netbanking
TXN2025003961,1780183922000,ACT Fibernet,Utilities,1527.04,INR,SUCCESS,UPI
TXN2025003962,2026-04-23T07:07:41Z,Apollo Pharmacy,Health,1339.85,INR,PENDING,Netbanking
TXN2025003963,2026-07-08T22:53:21Z,Policybazaar,Insurance,11880.0,INR,SUCCESS,UPI
TXN2025003964,2025-11-05T15:15:06+05:30,BYJU'S,Education,13804.23,INR,SUCCESS,Netbanking
TXN2025003965,2025-10-12T00:42:01Z,Ajio,Shopping,15279.0,INR,SUCCESS,UPI
TXN2025003966,2026-07-08T18:30:07+05:30,Udemy,Education,53263.07,INR,FAILED,UPI
TXN2025003967,2026-05-15T12:32:46Z,Flipkart,Shopping,13720.92,INR,SUCCESS,UPI
TXN2025003968,2026-01-12,Ola,Travel,2884.0,INR,SUCCESS,UPI
TXN2025003969,1766179103000,Indian Oil,Fuel,2473.67,INR,SUCCESS,Debit Card
TXN2025003970,2025-12-04T22:36:18Z,Indian Oil,Fuel,1389.0,INR,SUCCESS,Netbanking
TXN2025003971,29/09/2025 07:30:21,Airtel,Utilities,245.0,INR,PENDING,UPI
TXN2025003972,2026-07-01T15:19:04Z,1mg,Health,235.33,INR,SUCCESS,Credit Card
TXN2025003973,2026-07-12T05:15:37Z,Indian Oil,Fuel,3803.62,INR,SUCCESS,Credit Card
TXN2025003974,2025-10-11T11:53:14Z,Shell,Fuel,1010.0,INR,SUCCESS,UPI
TXN2025003975,2026-05-31T16:14:40Z,Rapido,Travel,796.82,INR,FAILED,UPI
TXN2025003976,2025-12-22T20:15:49+05:30,Practo,Health,388.72,INR,SUCCESS,Credit Card
TXN2025003977,2025-07-08T09:56:00Z,Swiggy,Food & Dining,329.0,INR,SUCCESS,Netbanking
TXN2025003978,2025-08-08T17:18:57+05:30,upGrad,Education,32944.11,INR,FAILED,Credit Card
TXN2025003979,2025-10-02T06:48:28+05:30,Croma,Shopping,5128.25,INR,SUCCESS,UPI
TXN2025003980,2025-10-28T23:52:04Z,Starbucks,Food & Dining,604.68,INR,SUCCESS,Credit Card
TXN2025003981,2025-12-28T14:21:23Z,Nykaa,Shopping,13599.02,INR,SUCCESS,Netbanking
TXN2025003982,2026-06-02T03:30:43+05:30,Nykaa,,13488.82,INR,SUCCESS,Netbanking
TXN2025003983,2026-01-09T09:38:17Z,IRCTC,Travel,1813.32,INR,SUCCESS,Credit Card
TXN2025003984,11/06/2026 16:05:24,Uber,Travel,2748.0,INR,SUCCESS,Credit Card
TXN2025003985,1779105940000,Uber,Travel,3889.0,INR,SUCCESS,UPI
TXN2025003986,2025-12-15T09:30:02Z,Domino's,Food & Dining,270.09,INR,SUCCESS,Netbanking
TXN2025003987,2026-01-28T21:02:12Z,IRCTC,Travel,642.0,INR,SUCCESS,Netbanking
TXN2025003988,2026-06-26T22:25:16Z,upGrad,Education,36250.0,INR,PENDING,UPI
TXN2025003989,2025-09-30T14:20:01Z,Domino's,Food & Dining,583.75,INR,SUCCESS,Netbanking
TXN2025003990,2025-09-15T02:53:15Z,LIC Premium,Insurance,6718.37,INR,SUCCESS,UPI
TXN2025003991,2025-10-30T07:45:50Z,Swiggy,Food & Dining,384.39,INR,SUCCESS,UPI
TXN2025003992,2026-07-07T00:10:50+05:30,Flipkart,Shopping,9085.0,INR,SUCCESS,UPI
TXN2025003993,2025-12-26T23:47:50Z,Zomato,,742.0,INR,SUCCESS,Credit Card
TXN2025003994,2025-09-05T10:32:07Z,Policybazaar,Insurance,31479.66,INR,SUCCESS,UPI
TXN2025003995,2026-02-05T17:27:58Z,Flipkart,Shopping,3954.02,INR,SUCCESS,Netbanking
TXN2025003996,2025-09-10T20:46:13Z,McDonald's,Food & Dining,630.97,INR,SUCCESS,UPI
TXN2025003997,2026-04-27T03:48:00Z,Rapido,Travel,2982.68,INR,SUCCESS,Netbanking
TXN2025003998,2025-09-03T22:15:59+05:30,Myntra,Shopping,17978.0,INR,SUCCESS,UPI
TXN2025003999,2025-10-27T18:17:31Z,BSES,Utilities,2952.97,INR,SUCCESS,Netbanking
TXN2025004000,2025-09-26,Starbucks,Food & Dining,886.0,INR,SUCCESS,Debit Card
TXN2025004001,2025-08-20T22:26:56Z,Blinkit,Groceries,5183.92,INR,SUCCESS,Debit Card
TXN2025004002,2025-08-25T17:20:11Z,Nykaa,Shopping,1988.68,INR,SUCCESS,Credit Card
TXN2025004003,2025-08-01T17:25:31Z,IRCTC,Travel,8220.0,INR,SUCCESS,UPI
TXN2025004004,2025-12-21T05:44:40+05:30,PharmEasy,Health,2010.44,INR,SUCCESS,Credit Card
TXN2025004005,2025-09-09T16:44:58Z,BookMyShow,Entertainment,1599.0,INR,FAILED,Debit Card
TXN2025004006,2025-12-30T10:14:40Z,DMart,Groceries,837.93,INR,SUCCESS,UPI
TXN2025004007,2026-04-06T16:45:05+05:30,Udemy,Education,26142.87,INR,SUCCESS,UPI
TXN2025004008,18/05/2026 05:42:05,Unacademy,Education,8231.71,INR,SUCCESS,Debit Card
TXN2025004009,2025-07-15T03:52:52Z,PharmEasy,Health,3849.0,INR,FAILED,UPI
TXN2025004010,2026-07-06T22:00:54+05:30,Flipkart,Shopping,10498.0,INR,SUCCESS,UPI
TXN2025004011,2025-12-05,Croma,Shopping,14565.72,INR,SUCCESS,Debit Card
TXN2025004012,2025-12-08T09:45:14Z,LIC Premium,Insurance,24856.04,INR,FAILED,Netbanking
TXN2025004013,16/01/2026 11:59:08,BPCL,Fuel,2211.84,INR,SUCCESS,Netbanking
TXN2025004014,2025-07-23T14:26:18Z,Ajio,Shopping,4125.23,INR,SUCCESS,Debit Card
TXN2025004015,2026-04-17T17:33:48Z,Zepto,Groceries,2900.0,INR,SUCCESS,Netbanking
TXN2025004016,2026-02-05T00:32:06Z,Coursera,Education,31104.0,INR,SUCCESS,UPI
TXN2025004017,2025-08-20T12:03:18Z,ACT Fibernet,Utilities,1162.2,INR,SUCCESS,Netbanking
TXN2025004018,13/04/2026 05:07:26,Zepto,Groceries,548.59,INR,SUCCESS,Credit Card
TXN2025004019,2025-08-19T10:13:07Z,Hotstar,Entertainment,1578.24,INR,SUCCESS,Debit Card
TXN2025004020,2025-12-17T12:03:59Z,MakeMyTrip,Travel,2651.0,INR,SUCCESS,Netbanking
TXN2025004021,2026-02-08T22:51:11+05:30,Domino's,Food & Dining,513.0,INR,SUCCESS,Netbanking
TXN2025004022,2026-04-04T05:20:19Z,DMart,Groceries,1863.0,INR,SUCCESS,Credit Card
TXN2025004023,2026-04-09T06:45:33+05:30,McDonald's,Food & Dining,898.0,INR,SUCCESS,Credit Card
TXN2025004024,2026-06-07T00:06:15Z,Swiggy,Food & Dining,400.0,INR,SUCCESS,Credit Card
TXN2025004025,2026-01-18T07:54:14Z,Swiggy,Food & Dining,167.0,INR,SUCCESS,Credit Card
TXN2025004026,2025-12-23T20:50:22Z,Blinkit,Groceries,4539.53,INR,SUCCESS,UPI
TXN2025004027,2026-02-08,Practo,Health,183.08,INR,PENDING,UPI
TXN2025004028,2025-07-01T19:12:03Z,Myntra,Shopping,4799.96,INR,SUCCESS,UPI
TXN2025004029,2025-08-28T21:44:30Z,BookMyShow,Entertainment,1483.7,INR,SUCCESS,Credit Card
TXN2025004030,2026-04-15T05:28:30+05:30,Unacademy,Education,27700.99,INR,SUCCESS,Netbanking
TXN2025004031,2025-07-04T11:00:48+05:30,HDFC Ergo,Insurance,29079.0,INR,PENDING,Debit Card
TXN2025004032,2025-08-01T22:09:50+05:30,Zepto,Groceries,3396.96,INR,SUCCESS,Netbanking
TXN2025004033,2025-07-16T13:12:12Z,BSES,Utilities,3499.92,INR,SUCCESS,UPI
TXN2025004034,2026-01-16T19:06:49Z,1mg,Health,5739.16,INR,SUCCESS,Credit Card
TXN2025004035,2026-04-07T13:27:54Z,IndiGo,Travel,4024.15,INR,SUCCESS,Netbanking
TXN2025004036,2025-08-02T20:16:34Z,Amazon,Shopping,16756.89,INR,SUCCESS,UPI
TXN2025004037,2026-03-27T09:52:18Z,Coursera,Education,33622.57,INR,PENDING,Debit Card
TXN2025004038,2026-05-09T08:18:01Z,Indian Oil,Fuel,1066.09,INR,SUCCESS,Credit Card
TXN2025004039,26/05/2026 06:40:09,Zomato,Food & Dining,267.0,INR,SUCCESS,UPI
TXN2025004040,2025-10-01T15:45:31Z,McDonald's,Food & Dining,403.0,INR,SUCCESS,Netbanking
TXN2025004041,2026-07-02T09:35:16+05:30,YouTube Premium,Entertainment,219.0,INR,SUCCESS,Debit Card
TXN2025004042,2026-06-01T00:23:18Z,Blinkit,Groceries,3617.43,INR,SUCCESS,Netbanking
TXN2025004043,2025-07-23T17:49:13+05:30,Airtel,Utilities,689.0,INR,SUCCESS,Credit Card
TXN2025004044,2026-05-11T09:18:12Z,BigBasket,Groceries,5323.04,INR,SUCCESS,UPI
TXN2025004045,2026-03-11T05:20:35Z,upGrad,Education,28377.27,INR,SUCCESS,Netbanking
TXN2025004046,2025-07-01T05:01:09Z,1mg,Health,6468.0,INR,SUCCESS,Netbanking
TXN2025004047,2026-06-10T08:12:00Z,Nykaa,Shopping,944.0,INR,SUCCESS,Netbanking
TXN2025004048,2025-12-29T08:33:31Z,Rapido,Travel,6261.68,INR,SUCCESS,Debit Card
TXN2025004049,2025-08-31T19:39:32Z,Cult.fit,Health,6800.93,INR,SUCCESS,Debit Card
TXN2025004050,1756659137000,Tata Power,Utilities,257.0,INR,SUCCESS,UPI
TXN2025004051,2025-11-06T17:06:33Z,BPCL,Fuel,4301.67,INR,SUCCESS,UPI
TXN2025004052,1757236912000,Unacademy,Education,23607.0,INR,SUCCESS,Debit Card
TXN2025004053,2026-06-02T04:47:31Z,Netflix,Entertainment,1476.0,INR,PENDING,UPI
TXN2025004054,2025-09-23T20:19:03Z,Domino's,Food & Dining,167.45,INR,SUCCESS,Debit Card
TXN2025004055,2025-08-19T15:03:34+05:30,Jio,Utilities,1547.0,INR,SUCCESS,Credit Card
TXN2025004056,04/08/2025 20:21:15,HP Petrol,Fuel,1073.0,INR,SUCCESS,Credit Card
TXN2025004057,1775970979000,Ola,Travel,8855.0,INR,SUCCESS,Netbanking
TXN2025004058,2026-03-12T02:16:28Z,McDonald's,Food & Dining,393.0,INR,PENDING,Debit Card
TXN2025004059,2026-04-18T14:20:10Z,Swiggy,Food & Dining,508.25,INR,SUCCESS,Credit Card
TXN2025004060,2025-10-29T23:04:40Z,LIC Premium,Insurance,36667.69,INR,FAILED,UPI
TXN2025004061,2026-07-15T23:59:45+05:30,Zepto,Groceries,4034.02,INR,FAILED,Netbanking
TXN2025004062,2026-05-17T06:05:01Z,MakeMyTrip,Travel,7698.0,INR,SUCCESS,UPI
TXN2025004063,2025-11-20T02:54:36+05:30,Practo,Health,753.0,INR,SUCCESS,Credit Card
TXN2025004064,2025-10-09T12:57:48Z,LIC Premium,Insurance,13401.41,INR,SUCCESS,Debit Card
TXN2025004065,2025-12-07T03:54:50+05:30,BPCL,Fuel,4344.0,INR,PENDING,Credit Card
TXN2025004066,18/04/2026 01:24:38,Croma,Shopping,16944.55,INR,SUCCESS,Credit Card
TXN2025004067,2025-12-23T17:21:18Z,Tata Power,Utilities,2404.0,INR,SUCCESS,Netbanking
TXN2025004068,14/11/2025 08:19:30,YouTube Premium,Entertainment,1803.15,INR,SUCCESS,Netbanking
TXN2025004069,1753878080000,Nykaa,Shopping,15457.0,INR,success,Netbanking
TXN2025004070,2026-05-29T07:24:52Z,YouTube Premium,Entertainment,2152.76,INR,SUCCESS,Debit Card
TXN2025004071,2025-08-31T23:59:13+05:30,BSES,Utilities,1741.0,INR,SUCCESS,UPI
TXN2025004072,2025-12-08T01:53:50Z,Cult.fit,Health,1572.0,INR,SUCCESS,Debit Card
TXN2025004073,2026-07-13T20:41:02Z,Indian Oil,Fuel,2762.5,INR,SUCCESS,Credit Card
TXN2025004074,2025-09-20T02:56:51Z,IndiGo,Travel,-2956.0,INR,SUCCESS,UPI
TXN2025004075,2026-04-19T13:21:27Z,Zepto,Groceries,4438.53,INR,SUCCESS,Credit Card
TXN2025004076,2026-03-05T11:07:04+05:30,Myntra,Shopping,3011.0,INR,SUCCESS,Debit Card
TXN2025004077,2025-11-16T09:12:34Z,1mg,Health,5207.05,INR,SUCCESS,Credit Card
TXN2025004078,2025-10-16T02:50:56Z,Zomato,Food & Dining,876.52,INR,PENDING,UPI
TXN2025004079,2026-01-08,Myntra,,2133.98,INR,SUCCESS,Credit Card
TXN2025004080,2025-12-27T19:33:31Z,Shell,Fuel,2701.72,INR,SUCCESS,UPI
TXN2025004081,09/11/2025 00:27:09,Coursera,Education,24167.0,INR,SUCCESS,Debit Card
TXN2025004082,08/09/2025 10:15:29,Indian Oil,Fuel,3997.73,INR,SUCCESS,UPI
TXN2025004083,2025-12-11T00:35:26+05:30,HP Petrol,Fuel,2567.27,INR,SUCCESS,UPI
TXN2025004084,2025-07-07T20:56:34Z,Hotstar,Entertainment,1101.51,INR,SUCCESS,UPI
TXN2025004085,2025-09-01T07:06:31Z,Flipkart,Shopping,17875.0,INR,SUCCESS,Debit Card
TXN2025004086,08/05/2026 12:33:14,Ola,Travel,5977.0,INR,SUCCESS,Credit Card
TXN2025004087,2025-12-03T16:16:19Z,IndiGo,Travel,7796.0,INR,PENDING,Debit Card
TXN2025004088,2025-07-02T09:33:56Z,Practo,Health,5246.22,INR,FAILED,Netbanking
TXN2025004089,2026-06-04T18:22:45+05:30,Nykaa,Shopping,2123.47,INR,PENDING,Netbanking
TXN2025006859,25/07/2025 06:22:27,Starbucks,Food & Dining,890.0,INR,SUCCESS,Credit Card
TXN2025004091,1771180029000,Flipkart,Shopping,10846.0,INR,SUCCESS,UPI
TXN2025004092,2026-06-30T04:38:03Z,Amazon,Shopping,1929.0,INR,SUCCESS,Credit Card
TXN2025004093,2025-08-15T02:56:07Z,Zepto,Groceries,5538.21,INR,SUCCESS,UPI
TXN2025004094,2026-02-15T00:20:47+05:30,Policybazaar,Insurance,28059.57,INR,SUCCESS,Netbanking
TXN2025004095,2026-03-02,Domino's,Food & Dining,728.0,INR,SUCCESS,Netbanking
TXN2025004096,23/03/2026 12:56:44,Nykaa,Shopping,13773.88,INR,SUCCESS,UPI
TXN2025004097,2026-03-09T10:25:47Z,LIC Premium,Insurance,21032.0,INR,SUCCESS,Netbanking
TXN2025004098,1751624470000,HP Petrol,Fuel,1814.63,INR,SUCCESS,UPI
TXN2025004099,2025-09-25T13:16:08Z,McDonald's,Food & Dining,280.71,INR,SUCCESS,Credit Card
TXN2025004100,2025-09-03T15:35:31+05:30,BYJU'S,Education,7445.63,INR,SUCCESS,Netbanking
TXN2025004101,2026-04-29T16:26:16+05:30,HP Petrol,Fuel,3478.71,INR,SUCCESS,UPI
TXN2025004102,2025-12-09T03:15:25Z,BYJU'S,Education,13240.0,INR,SUCCESS,Netbanking
TXN2025004103,1777453720000,Zomato,Food & Dining,550.97,INR,SUCCESS,Netbanking
TXN2025004104,2026-02-17,Nykaa,Shopping,2640.0,INR,SUCCESS,Netbanking
TXN2025004105,2026-01-24T17:28:40Z,Rapido,Travel,4433.87,INR,SUCCESS,Netbanking
TXN2025004106,2026-06-06T20:54:41Z,JioMart,Groceries,5073.0,INR,SUCCESS,UPI
TXN2025004107,06/07/2025 19:06:18,Swiggy,Food & Dining,262.0,INR,SUCCESS,Debit Card
TXN2025004108,2025-07-12T23:53:40Z,Netflix,Entertainment,1243.44,INR,SUCCESS,Credit Card
TXN2025004109,2025-09-14,Udemy,Education,14871.49,INR,SUCCESS,Credit Card
TXN2025004110,2025-09-01T18:57:32Z,IRCTC,Travel,7911.78,INR,SUCCESS,Netbanking
TXN2025004111,19/02/2026 23:22:44,PharmEasy,Health,410.65,INR,SUCCESS,Netbanking
TXN2025004112,02/12/2025 17:27:27,BPCL,Fuel,1909.65,INR,SUCCESS,Netbanking
TXN2025004113,2026-03-22T21:09:26Z,Zomato,Food & Dining,423.37,INR,SUCCESS,UPI
TXN2025004114,2026-02-10T06:26:55Z,Jio,Utilities,2245.0,INR,SUCCESS,Credit Card
TXN2025004115,2026-05-22T12:01:34Z,Amazon,Shopping,6030.72,INR,SUCCESS,Debit Card
TXN2025004116,2026-06-26T01:41:51Z,Nykaa,Shopping,7205.0,INR,SUCCESS,Credit Card
TXN2025004117,1783352386000,Ola,Travel,3403.01,INR,SUCCESS,Debit Card
TXN2025004118,17/04/2026 12:24:07,Croma,Shopping,5328.0,INR,SUCCESS,UPI
TXN2025004119,2025-08-22T22:59:58Z,Practo,Health,3836.0,INR,SUCCESS,Debit Card
TXN2025004120,2025-10-25T20:00:37Z,Indian Oil,Fuel,763.0,INR,SUCCESS,Netbanking
TXN2025004121,2025-07-06T18:41:36Z,1mg,Health,5694.0,INR,FAILED,Credit Card
TXN2025004122,2025-07-28T10:46:05Z,Domino's,Food & Dining,234.94,INR,SUCCESS,Netbanking
TXN2025004123,2026-01-30T09:19:58Z,LIC Premium,Insurance,15542.04,INR,SUCCESS,Debit Card
TXN2025004124,1773714057000,Hotstar,Entertainment,1825.0,INR,SUCCESS,Debit Card
TXN2025004125,2025-07-01T23:46:09Z,MakeMyTrip,Travel,2926.0,INR,SUCCESS,UPI
TXN2025004126,2026-01-10T10:25:52Z,Myntra,Shopping,15890.0,INR,SUCCESS,Debit Card
TXN2025004127,2026-02-13T01:01:55Z,Nykaa,Shopping,9008.81,INR,SUCCESS,UPI
TXN2025004128,2025-11-02,DMart,Groceries,2993.01,INR,SUCCESS,UPI
TXN2025004129,2025-12-22T09:21:25+05:30,Ajio,Shopping,9987.0,INR,FAILED,Debit Card
TXN2025004130,2026-04-24T03:01:59+05:30,Flipkart,Shopping,2714.86,INR,SUCCESS,Netbanking
TXN2025004131,2025-08-29T21:00:34Z,Indian Oil,Fuel,893.85,INR,SUCCESS,UPI
TXN2025004132,2025-09-01T05:02:32Z,Policybazaar,Insurance,27350.69,INR,FAILED,Netbanking
TXN2025004133,2025-12-16,Zomato,Food & Dining,239.74,INR,FAILED,Debit Card
TXN2025004134,2025-08-24T15:56:39Z,BigBasket,Groceries,2710.25,INR,SUCCESS,Debit Card
TXN2025004135,2025-09-17T19:56:56Z,McDonald's,Food & Dining,464.0,INR,SUCCESS,Netbanking
TXN2025004136,1776631686000,Myntra,Shopping,6733.19,INR,SUCCESS,Netbanking
TXN2025004137,03/01/2026 20:41:03,Shell,Fuel,4479.63,INR,SUCCESS,UPI
TXN2025004138,2025-09-27T15:38:20+05:30,IRCTC,,1059.0,INR,SUCCESS,UPI
TXN2025004139,2025-07-29T01:56:22Z,Uber,Travel,8020.0,INR,SUCCESS,Debit Card
TXN2025004140,2025-07-20T02:46:04Z,BYJU'S,Education,25786.0,INR,SUCCESS,Credit Card
TXN2025004141,2026-03-24T03:00:14+05:30,JioMart,Groceries,1779.49,INR,SUCCESS,Netbanking
TXN2025004142,2026-01-17T05:46:50Z,Nykaa,Shopping,16120.0,INR,SUCCESS,UPI
TXN2025004143,2025-07-04T23:52:07+05:30,Airtel,Utilities,1574.0,INR,FAILED,Netbanking
TXN2025004144,27/07/2025 06:03:25,Unacademy,Education,12170.43,INR,SUCCESS,Credit Card
TXN2025004145,2026-06-23T09:24:53Z,JioMart,Groceries,1487.0,INR,SUCCESS,Netbanking
TXN2025004146,2025-08-18T11:07:46Z,YouTube Premium,Entertainment,1775.02,INR,SUCCESS,Netbanking
TXN2025004147,2025-07-21T00:16:37Z,LIC Premium,Insurance,20902.06,INR,SUCCESS,UPI
TXN2025004148,1764507987000,Rapido,Travel,4749.71,INR,FAILED,Credit Card
TXN2025004149,2025-11-21,Uber,Travel,706.0,INR,SUCCESS,Credit Card
TXN2025004150,2026-03-24T22:08:20+05:30,Rapido,Travel,253.03,INR,SUCCESS,Credit Card
TXN2025004151,2025-08-02T07:38:49Z,BSES,Utilities,860.05,INR,success,Netbanking
TXN2025004152,2025-10-30T19:42:51Z,Jio,Utilities,3340.1,INR,SUCCESS,Debit Card
TXN2025004153,1768091845000,YouTube Premium,Entertainment,1207.5,INR,SUCCESS,Netbanking
TXN2025004154,2025-08-31T15:59:07+05:30,ACT Fibernet,Utilities,2545.0,INR,SUCCESS,UPI
TXN2025004155,2026-05-19T19:05:56+05:30,PharmEasy,Health,4975.0,INR,SUCCESS,Debit Card
TXN2025004156,2026-05-30T21:12:07Z,Nykaa,Shopping,15265.63,INR,SUCCESS,Credit Card
TXN2025004157,2026-04-01T00:26:57Z,Tata Power,Utilities,2604.0,INR,SUCCESS,Credit Card
TXN2025004158,2026-04-22T12:54:34Z,Udemy,Education,8949.0,INR,SUCCESS,Netbanking
TXN2025004159,2026-02-21T09:47:40Z,Spotify,Entertainment,1680.09,INR,SUCCESS,Netbanking
TXN2025004160,2025-10-23T03:41:59Z,Flipkart,Shopping,7814.0,INR,SUCCESS,Debit Card
TXN2025004161,2025-12-04T22:56:07+05:30,Myntra,Shopping,5449.97,INR,SUCCESS,Credit Card
TXN2025004162,2026-05-21T06:21:01Z,Domino's,Food & Dining,412.34,INR,FAILED,UPI
TXN2025004163,2025-09-11T11:08:53Z,IRCTC,Travel,5343.72,INR,SUCCESS,Credit Card
TXN2025004164,2026-02-06T20:05:55+05:30,HDFC Ergo,Insurance,17408.53,INR,PENDING,UPI
TXN2025004165,10/09/2025 14:35:24,Flipkart,Shopping,17945.0,INR,SUCCESS,Netbanking
TXN2025004166,2025-12-12T00:08:53+05:30,BigBasket,Groceries,3124.0,INR,SUCCESS,UPI
TXN2025004167,2026-04-21T17:18:12Z,McDonald's,Food & Dining,471.45,INR,SUCCESS,Credit Card
TXN2025004168,2026-06-10,Amazon,Shopping,7411.0,INR,SUCCESS,UPI
TXN2025004169,2025-10-22T02:13:48+05:30,JioMart,Groceries,4205.93,INR,SUCCESS,Credit Card
TXN2025004170,2025-09-10T01:12:54Z,IRCTC,Travel,1825.8,INR,SUCCESS,Debit Card
TXN2025004171,2026-06-01T03:58:50+05:30,BookMyShow,Entertainment,1506.87,INR,SUCCESS,Credit Card
TXN2025004172,2025-10-02T20:29:24+05:30,Apollo Pharmacy,Health,2058.66,INR,SUCCESS,UPI
TXN2025004173,2026-04-14T17:09:21Z,Shell,Fuel,1389.17,INR,SUCCESS,Debit Card
TXN2025004174,2026-02-25,Rapido,Travel,735.62,INR,SUCCESS,Debit Card
TXN2025004175,2026-02-20T14:49:03Z,Flipkart,Shopping,12685.0,INR,SUCCESS,Credit Card
TXN2025004176,2026-01-08T07:58:54Z,Tata Power,Utilities,2512.36,INR,SUCCESS,UPI
TXN2025004177,2025-11-28T07:20:58Z,Croma,Shopping,16143.0,INR,PENDING,Debit Card
TXN2025004178,2026-02-04T12:01:06Z,Udemy,Education,3577.98,INR,SUCCESS,UPI
TXN2025004179,2025-12-23T12:41:17Z,Ajio,Shopping,15007.36,INR,SUCCESS,Debit Card
TXN2025004180,2026-03-08T01:52:25Z,Croma,Shopping,8356.0,INR,SUCCESS,Debit Card
TXN2025004181,1776437737000,IRCTC,Travel,5375.0,INR,SUCCESS,Debit Card
TXN2025004182,2026-05-30T15:58:28+05:30,Zomato,Food & Dining,473.0,INR,SUCCESS,Netbanking
TXN2025004183,2026-01-09T01:44:29Z,Zepto,Groceries,4951.57,INR,FAILED,Netbanking
TXN2025004184,16/03/2026 07:14:58,Zomato,Food & Dining,252.32,INR,SUCCESS,UPI
TXN2025004185,2026-02-16T20:30:20Z,Apollo Pharmacy,Health,6724.84,INR,SUCCESS,Credit Card
TXN2025004186,2026-04-28T09:12:41Z,Uber,Travel,6990.5,INR,SUCCESS,Credit Card
TXN2025004187,2026-02-08T01:51:45Z,Practo,Health,373.0,INR,SUCCESS,Credit Card
TXN2025004188,2025-09-13T12:03:49Z,Uber,Travel,8109.0,INR,SUCCESS,Credit Card
TXN2025004189,2025-11-16T14:50:10Z,Uber,Travel,257.0,INR,SUCCESS,UPI
TXN2025004190,2026-05-09T13:00:19Z,Nykaa,Shopping,14639.22,INR,SUCCESS,Debit Card
TXN2025004191,2025-09-26T15:13:44Z,Starbucks,Food & Dining,208.55,INR,SUCCESS,Debit Card
TXN2025004192,2025-07-13T17:43:10Z,JioMart,Groceries,4838.42,INR,SUCCESS,Netbanking
TXN2025004193,2026-02-03T08:31:17Z,PharmEasy,Health,3604.41,INR,SUCCESS,Credit Card
TXN2025004194,2025-09-13T15:02:33Z,Practo,Health,1476.44,INR,SUCCESS,Debit Card
TXN2025004195,2025-12-13T12:08:32Z,IndiGo,Travel,3668.0,INR,FAILED,UPI
TXN2025004196,2026-04-14T13:12:16+05:30,Shell,Fuel,606.61,INR,SUCCESS,Credit Card
TXN2025004197,2025-10-13,Myntra,Shopping,2579.65,INR,SUCCESS,Debit Card
TXN2025004198,2025-12-20,Amazon,Shopping,3203.87,INR,SUCCESS,Debit Card
TXN2025004199,1780653757000,Policybazaar,Insurance,24540.0,INR,SUCCESS,Credit Card
TXN2025004200,2026-01-09T13:24:15Z,Starbucks,Food & Dining,211.0,INR,SUCCESS,Credit Card
TXN2025004201,2025-11-22T02:57:03Z,McDonald's,Food & Dining,495.0,INR,SUCCESS,Credit Card
TXN2025004202,2026-02-17,McDonald's,Food & Dining,827.0,INR,SUCCESS,Debit Card
TXN2025004203,2025-12-21T19:26:13Z,Udemy,Education,6016.0,INR,PENDING,UPI
TXN2025004204,30/07/2025 12:29:50,PharmEasy,Health,1057.21,INR,SUCCESS,Credit Card
TXN2025004205,2025-12-03T10:03:41Z,Flipkart,Shopping,8850.0,INR,PENDING,Netbanking
TXN2025004206,2026-05-28T06:58:28+05:30,BigBasket,Groceries,2998.0,INR,SUCCESS,Netbanking
TXN2025004207,25/08/2025 02:17:47,Rapido,Travel,3571.24,INR,SUCCESS,UPI
TXN2025004208,2026-04-24T10:21:19Z,Practo,Health,3066.21,INR,FAILED,UPI
TXN2025004209,2026-04-15T02:19:33+05:30,Swiggy,Food & Dining,565.0,INR,SUCCESS,Debit Card
TXN2025004210,2025-09-12T23:13:56Z,DMart,Groceries,5284.0,INR,SUCCESS,UPI
TXN2025004211,2025-11-06T15:42:18Z,McDonald's,Food & Dining,395.00,INR,SUCCESS,UPI
TXN2025004212,2026-04-26T13:03:52Z,DMart,Groceries,836.0,INR,SUCCESS,UPI
TXN2025004213,2026-03-16T11:50:39Z,PharmEasy,Health,4532.0,INR,SUCCESS,Netbanking
TXN2025004214,2025-08-24T00:12:10Z,ACT Fibernet,Utilities,3227.17,INR,SUCCESS,Netbanking
TXN2025004215,2026-04-14T15:26:29Z,1mg,Health,6820.7,INR,PENDING,Credit Card
TXN2025004216,30/09/2025 18:10:04,Nykaa,Shopping,17483.7,INR,SUCCESS,Debit Card
TXN2025004217,2026-06-27T20:44:02+05:30,Cult.fit,Health,5615.0,INR,SUCCESS,UPI
TXN2025004218,2025-07-03T15:41:36Z,PharmEasy,Health,1385.28,INR,SUCCESS,Netbanking
TXN2025004219,2025-11-26T10:23:51+05:30,ACT Fibernet,Utilities,336.78,INR,SUCCESS,Credit Card
TXN2025004220,1771068797000,IRCTC,Travel,7949.52,INR,FAILED,Netbanking
TXN2025004221,2026-07-01T21:37:23Z,Netflix,Entertainment,372.99,INR,SUCCESS,Credit Card
TXN2025004222,2025-10-21T13:28:06+05:30,JioMart,Groceries,-2963.44,INR,SUCCESS,Debit Card
TXN2025004223,2026-01-12T07:03:06Z,Starbucks,Food & Dining,809.0,INR,SUCCESS,Credit Card
TXN2025004224,02/11/2025 12:34:19,HDFC Ergo,Insurance,22347.21,INR,SUCCESS,Netbanking
TXN2025004225,2026-05-03T00:11:21Z,BYJU'S,Education,43861.0,INR,SUCCESS,UPI
TXN2025004226,1755513553000,HDFC Ergo,Insurance,21054.74,INR,SUCCESS,Credit Card
TXN2025004227,1777485336000,Spotify,Entertainment,866.0,INR,SUCCESS,Debit Card
TXN2025004228,2025-11-29T22:14:54Z,HDFC Ergo,Insurance,15869.44,INR,SUCCESS,Credit Card
TXN2025004229,2026-04-19T23:26:31Z,Uber,Travel,1815.39,INR,SUCCESS,Credit Card
TXN2025004230,2026-03-04T14:59:48Z,Netflix,Entertainment,1863.67,INR,SUCCESS,Credit Card
TXN2025004231,2025-09-05T20:07:09+05:30,Policybazaar,Insurance,35492.0,INR,SUCCESS,Netbanking
TXN2025004232,1757357396000,Ola,Travel,5383.0,INR,SUCCESS,UPI
TXN2025004233,2025-09-01T21:20:42Z,Amazon,Shopping,15371.0,INR,SUCCESS,Debit Card
TXN2025004234,2026-02-16T11:10:59Z,Amazon,Shopping,5423.91,INR,SUCCESS,UPI
TXN2025004235,05/09/2025 02:45:37,1mg,Health,4959.83,INR,SUCCESS,Netbanking
TXN2025004236,2025-10-10T15:05:28Z,Domino's,Food & Dining,224.82,INR,SUCCESS,UPI
TXN2025004237,2025-07-26T22:11:09+05:30,PharmEasy,Health,2624.0,INR,PENDING,Debit Card
TXN2025004238,2026-02-24T10:16:18Z,Udemy,Education,3123.3,INR,SUCCESS,UPI
TXN2025004239,2025-10-04T03:45:14Z,HDFC Ergo,Insurance,30769.94,INR,SUCCESS,Credit Card
TXN2025004240,2025-10-24T16:25:48+05:30,Shell,Fuel,-2976.0,INR,SUCCESS,UPI
TXN2025004241,2026-05-27T17:22:27Z,Amazon,Shopping,17111.0,INR,SUCCESS,UPI
TXN2025004242,2025-08-25T18:08:01+05:30,YouTube Premium,Entertainment,2417.93,INR,SUCCESS,Netbanking
TXN2025004243,2025-12-03T04:56:40Z,Coursera,Education,3011.72,INR,SUCCESS,Netbanking
TXN2025004244,2025-08-20T04:18:55Z,Starbucks,Food & Dining,489.72,INR,SUCCESS,Debit Card
TXN2025004245,2025-11-15T05:54:45Z,IRCTC,Travel,6436.66,INR,SUCCESS,UPI
TXN2025004246,2025-09-16T09:33:54Z,Apollo Pharmacy,Health,-2380.12,INR,SUCCESS,Netbanking
TXN2025004247,2025-08-26T17:02:00Z,Amazon,Shopping,8198.83,INR,SUCCESS,UPI
TXN2025004248,2026-05-02T05:13:04Z,IRCTC,Travel,8850.74,INR,SUCCESS,UPI
TXN2025004249,2025-10-09T08:19:26Z,Swiggy,Food & Dining,621.47,INR,SUCCESS,UPI
TXN2025004250,2026-04-04T14:39:43Z,Jio,Utilities,1188.91,INR,SUCCESS,Netbanking
TXN2025004251,2025-08-15,Netflix,Entertainment,797.93,INR,SUCCESS,Credit Card
TXN2025004252,2026-06-13T06:15:52Z,Tata Power,Utilities,789.63,INR,SUCCESS,Debit Card
TXN2025004253,2026-04-18T20:07:53Z,BSES,Utilities,3338.37,INR,FAILED,Netbanking
TXN2025004254,2025-10-22T07:05:47Z,upGrad,Education,12254.0,INR,SUCCESS,UPI
TXN2025004255,2025-12-31T14:44:06Z,BigBasket,Groceries,5316.0,INR,SUCCESS,Debit Card
TXN2025004256,2025-08-03T14:38:09+05:30,Flipkart,Shopping,9379.69,INR,PENDING,Credit Card
TXN2025004257,2026-06-08T09:14:41Z,Uber,Travel,2838.0,INR,SUCCESS,Debit Card
TXN2025004258,2026-04-26T09:21:37Z,BPCL,Fuel,1376.0,INR,SUCCESS,UPI
TXN2025004259,2025-12-14,ACT Fibernet,Utilities,755.0,INR,SUCCESS,Debit Card
TXN2025004260,2025-10-08T05:41:51+05:30,Ola,Travel,4608.65,INR,SUCCESS,UPI
TXN2025004261,2026-01-24T22:59:57Z,Croma,Shopping,6685.0,INR,SUCCESS,Credit Card
TXN2025004262,2026-02-03T06:05:48+05:30,BookMyShow,Entertainment,2128.0,INR,SUCCESS,UPI
TXN2025004263,2026-01-17T06:50:14+05:30,BigBasket,Groceries,4222.0,INR,SUCCESS,Debit Card
TXN2025004264,1751416007000,McDonald's,Food & Dining,629.21,INR,SUCCESS,Debit Card
TXN2025004265,2026-06-09T17:13:45Z,MakeMyTrip,Travel,4607.0,INR,SUCCESS,Netbanking
TXN2025004266,29/11/2025 18:39:29,HDFC Ergo,Insurance,37828.0,INR,SUCCESS,Debit Card
TXN2025004267,2025-07-06T23:39:46Z,IndiGo,Travel,3027.33,INR,SUCCESS,Credit Card
TXN2025004268,2025-12-13T17:36:26Z,BSES,Utilities,1960.0,INR,SUCCESS,Debit Card
TXN2025004269,2026-04-13T00:12:11Z,ACT Fibernet,Utilities,2993.22,INR,SUCCESS,Debit Card
TXN2025004270,2026-01-19T17:01:18Z,MakeMyTrip,Travel,4209.37,INR,SUCCESS,Debit Card
TXN2025004271,2025-11-23T11:23:53Z,IRCTC,Travel,4221.92,INR,SUCCESS,Netbanking
TXN2025004272,2025-12-09T04:31:29Z,Udemy,Education,53002.98,INR,SUCCESS,Netbanking
TXN2025004273,2026-04-19T23:46:52Z,Tata Power,Utilities,633.53,INR,SUCCESS,Netbanking
TXN2025004274,2026-04-30T12:39:09Z,BPCL,Fuel,4198.47,INR,SUCCESS,Debit Card
TXN2025004275,2026-01-18T12:17:07Z,Coursera,Education,17033.77,INR,SUCCESS,UPI
TXN2025004276,2026-03-27T23:37:14Z,Starbucks,Food & Dining,236.34,INR,FAILED,UPI
TXN2025004277,16/07/2025 22:14:17,Swiggy,Food & Dining,726.0,INR,SUCCESS,Netbanking
TXN2025004278,2025-07-08T16:57:26Z,Udemy,Education,46427.75,INR,SUCCESS,Credit Card
TXN2025004279,2025-07-13T16:33:48Z,Spotify,Entertainment,1117.37,INR,SUCCESS,UPI
TXN2025004280,2026-06-21T01:29:26Z,MakeMyTrip,Travel,6411.81,INR,SUCCESS,Credit Card
TXN2025004281,18/12/2025 21:23:30,IRCTC,Travel,438.04,INR,SUCCESS,Credit Card
TXN2025004282,2026-05-04T03:25:39Z,Zomato,Food & Dining,757.59,INR,SUCCESS,Credit Card
TXN2025004283,2026-06-10T19:23:08+05:30,Uber,Travel,6667.08,INR,SUCCESS,Debit Card
TXN2025004284,2025-12-23T14:04:55+05:30,Amazon,Shopping,11192.54,INR,SUCCESS,Netbanking
TXN2025004285,1773999477000,JioMart,Groceries,1542.77,INR,SUCCESS,UPI
TXN2025004286,2025-12-08T19:52:39Z,BookMyShow,Entertainment,1255.0,INR,SUCCESS,Debit Card
TXN2025004287,1774581537000,Unacademy,Education,44912.96,INR,SUCCESS,Netbanking
TXN2025004288,1778112150000,Hotstar,Entertainment,205.59,INR,SUCCESS,Debit Card
TXN2025004289,2026-02-07T12:37:17Z,Zomato,Food & Dining,778.2,INR,FAILED,Credit Card
TXN2025004290,2026-03-09T14:58:28+05:30,Myntra,Shopping,12607.0,INR,SUCCESS,Netbanking
TXN2025004291,2026-06-01T10:31:58Z,Policybazaar,Insurance,28456.0,INR,SUCCESS,Netbanking
TXN2025004292,2026-05-22T13:56:57Z,Zomato,Food & Dining,437.0,INR,SUCCESS,UPI
TXN2025004293,09/07/2026 15:57:22,Hotstar,Entertainment,1942.83,INR,SUCCESS,UPI
TXN2025004294,2026-02-11T13:06:54Z,BSES,,832.47,INR,SUCCESS,UPI
TXN2025004295,2026-06-27T03:17:00Z,Unacademy,Education,54740.6,INR,SUCCESS,Netbanking
TXN2025004296,2025-11-03,Myntra,Shopping,10266.69,INR,SUCCESS,Credit Card
TXN2025004986,2026-06-20T21:30:47Z,MakeMyTrip,Travel,4280.12,INR,SUCCESS,Netbanking
TXN2025004298,2026-02-13T20:38:49Z,Zepto,Groceries,3781.0,INR,SUCCESS,Credit Card
TXN2025004299,24/01/2026 23:48:06,Zomato,Food & Dining,280.87,INR,SUCCESS,Credit Card
TXN2025004300,2025-11-04T16:49:20Z,Amazon,Shopping,12256.0,INR,SUCCESS,UPI
TXN2025004301,2026-02-22T20:43:59Z,Myntra,Shopping,5332.19,INR,SUCCESS,Netbanking
TXN2025004302,1753439221000,Zomato,Food & Dining,895.23,INR,SUCCESS,Debit Card
TXN2025004303,1759980797000,Shell,Fuel,2256.0,INR,SUCCESS,Credit Card
TXN2025004304,2026-04-15,BigBasket,Groceries,1622.4,INR,SUCCESS,Debit Card
TXN2025004305,2026-03-28T14:30:13Z,Coursera,Education,43462.67,INR,SUCCESS,UPI
TXN2025004306,2025-12-31T02:28:28+05:30,Tata Power,Utilities,2591.0,INR,SUCCESS,UPI
TXN2025004307,1760404112000,BookMyShow,Entertainment,1639.58,INR,SUCCESS,Credit Card
TXN2025004308,2026-01-21T22:33:25+05:30,Unacademy,Education,7149.59,INR,SUCCESS,UPI
TXN2025004309,2026-06-08,Flipkart,Shopping,7050.18,INR,SUCCESS,Credit Card
TXN2025004310,2025-09-16T13:27:41+05:30,Udemy,Education,28593.0,INR,SUCCESS,UPI
TXN2025004311,2026-07-15T07:50:36Z,Myntra,Shopping,8750.59,INR,SUCCESS,Netbanking
TXN2025004312,2025-07-19T09:11:05Z,Cult.fit,Health,2193.66,INR,SUCCESS,UPI
TXN2025004313,2026-03-06T13:31:43Z,Indian Oil,,3016.0,INR,SUCCESS,Netbanking
TXN2025004314,2026-02-19T00:51:16Z,Croma,Shopping,7447.26,INR,SUCCESS,Credit Card
TXN2025004315,2025-10-25T04:15:20+05:30,Udemy,Education,47986.0,INR,SUCCESS,Debit Card
TXN2025004316,2025-07-08T11:20:05+05:30,Policybazaar,Insurance,37941.27,INR,SUCCESS,Credit Card
TXN2025004317,2025-11-09T14:34:54+05:30,HP Petrol,Fuel,2530.57,INR,SUCCESS,Credit Card
TXN2025004318,2025-08-04T06:20:14Z,Udemy,Education,35929.32,INR,SUCCESS,Netbanking
TXN2025004319,2026-03-23T23:06:18Z,Shell,,508.73,INR,SUCCESS,Netbanking
TXN2025004320,2025-11-29T23:23:42Z,Myntra,Shopping,3376.81,INR,SUCCESS,UPI
TXN2025004321,2025-07-07T06:33:24Z,BPCL,Fuel,632.0,INR,SUCCESS,UPI
TXN2025004322,2025-09-06T19:45:51Z,Tata Power,Utilities,387.5,INR,PENDING,Credit Card
TXN2025004323,2025-10-13T08:46:37Z,Unacademy,Education,-49673.0,INR,SUCCESS,Debit Card
TXN2025004324,2026-03-07T01:40:29Z,1mg,Health,2763.17,INR,SUCCESS,Debit Card
TXN2025004325,2026-06-15T07:01:02Z,HP Petrol,Fuel,3221.87,INR,FAILED,UPI
TXN2025004326,1778504283000,Uber,Travel,296.38,INR,SUCCESS,Credit Card
TXN2025004327,2025-09-22T05:58:32Z,Zepto,Groceries,1225.15,INR,SUCCESS,UPI
TXN2025004328,2026-07-07T08:44:59Z,PharmEasy,Health,766.67,INR,SUCCESS,Netbanking
TXN2025004329,2026-06-18T23:23:59Z,Spotify,Entertainment,733.0,INR,SUCCESS,Netbanking
TXN2025004330,2025-07-23T14:32:39Z,Hotstar,Entertainment,2083.68,INR,SUCCESS,Netbanking
TXN2025004331,2026-06-22,Udemy,Education,42096.0,INR,SUCCESS,Debit Card
TXN2025004332,24/04/2026 00:57:58,IndiGo,Travel,3503.0,INR,SUCCESS,Debit Card
TXN2025004333,2026-04-23T12:24:43Z,Domino's,Food & Dining,394.0,INR,FAILED,Debit Card
TXN2025004334,2026-05-13T13:46:20+05:30,Indian Oil,Fuel,3515.6,INR,SUCCESS,Debit Card
TXN2025004335,2026-06-05T02:00:40Z,BigBasket,Groceries,4174.12,INR,PENDING,Debit Card
TXN2025004336,05/06/2026 12:51:51,Indian Oil,Fuel,2687.0,INR,SUCCESS,Netbanking
TXN2025004337,30/06/2026 16:46:05,ACT Fibernet,Utilities,1020.94,INR,SUCCESS,Netbanking
TXN2025004338,2025-08-19T03:50:21Z,YouTube Premium,Entertainment,506.0,INR,SUCCESS,Netbanking
TXN2025004339,2026-02-20,Domino's,Food & Dining,417.3,INR,SUCCESS,Netbanking
TXN2025004340,2026-02-11T14:15:24Z,Blinkit,,3636.0,INR,SUCCESS,Netbanking
TXN2025004341,2025-07-20T09:10:22Z,Coursera,Education,49874.0,INR,SUCCESS,Credit Card
TXN2025004342,2026-07-09T01:57:43Z,1mg,Health,3742.0,INR,FAILED,Credit Card
TXN2025004343,2026-07-11T08:25:04+05:30,Swiggy,Food & Dining,419.39,INR,SUCCESS,Netbanking
TXN2025004344,1771785557000,Uber,Travel,1864.0,INR,SUCCESS,Credit Card
TXN2025004345,2026-07-05,PharmEasy,Health,6416.47,INR,SUCCESS,Credit Card
TXN2025004346,2026-01-02T04:44:33Z,IRCTC,Travel,3021.42,INR,SUCCESS,Netbanking
TXN2025004347,2025-11-22,BYJU'S,Education,27752.84,INR,SUCCESS,Netbanking
TXN2025004348,2026-01-20T17:38:34Z,Swiggy,Food & Dining,354.0,INR,SUCCESS,UPI
TXN2025004349,1781346557000,HP Petrol,Fuel,4290.11,INR,SUCCESS,Credit Card
TXN2025004350,2026-04-16T12:03:23Z,Flipkart,Shopping,6128.09,INR,SUCCESS,UPI
TXN2025004351,2025-07-12T03:53:03Z,Nykaa,Shopping,17841.89,INR,FAILED,UPI
TXN2025004352,13/03/2026 15:05:44,Blinkit,Groceries,1995.7,INR,SUCCESS,Netbanking
TXN2025004353,2026-04-16T20:58:44Z,Hotstar,Entertainment,494.11,INR,SUCCESS,Debit Card
TXN2025004354,2025-07-13T21:07:33Z,HDFC Ergo,Insurance,26604.0,INR,SUCCESS,UPI
TXN2025004355,2026-01-17T14:55:56+05:30,IRCTC,Travel,2844.0,INR,SUCCESS,Netbanking
TXN2025004356,2026-01-28T02:23:02+05:30,DMart,Groceries,1168.14,INR,SUCCESS,Credit Card
TXN2025004357,2026-03-08T00:59:54Z,Domino's,Food & Dining,581.32,INR,SUCCESS,Netbanking
TXN2025004358,30/06/2026 23:46:21,Zepto,Groceries,1210.68,INR,SUCCESS,Credit Card
TXN2025004359,12/07/2026 13:31:21,Blinkit,Groceries,5478.0,INR,SUCCESS,Credit Card
TXN2025004360,2026-05-19T18:02:51Z,Starbucks,,524.0,INR,SUCCESS,UPI
TXN2025004361,1765673092000,Apollo Pharmacy,Health,6537.54,INR,SUCCESS,UPI
TXN2025004362,2026-02-26T17:25:50Z,Practo,Health,6611.45,INR,SUCCESS,Credit Card
TXN2025004363,2026-01-28T12:07:23Z,Apollo Pharmacy,Health,6590.13,INR,SUCCESS,Debit Card
TXN2025004364,2025-08-03T01:53:20+05:30,Hotstar,Entertainment,1404.31,INR,SUCCESS,Debit Card
TXN2025004365,2026-02-24T21:07:08Z,IndiGo,Travel,5725.0,INR,SUCCESS,Netbanking
TXN2025004366,2025-11-07T09:42:02+05:30,Flipkart,Shopping,16878.29,INR,SUCCESS,Credit Card
TXN2025004367,2026-03-07,Policybazaar,Insurance,30932.53,INR,SUCCESS,Debit Card
TXN2025004368,2025-10-28T08:44:36+05:30,Swiggy,Food & Dining,361.5,INR,SUCCESS,Debit Card
TXN2025004369,2026-07-10T07:02:04Z,Myntra,Shopping,12896.0,INR,SUCCESS,Credit Card
TXN2025004370,2025-12-04T22:36:59Z,BSES,Utilities,2379.0,INR,SUCCESS,UPI
TXN2025004371,2026-03-07T05:45:45Z,Starbucks,Food & Dining,507.04,INR,SUCCESS,UPI
TXN2025004372,2025-09-26T10:41:45Z,ACT Fibernet,Utilities,3468.0,INR,SUCCESS,UPI
TXN2025004373,2026-07-10T22:15:20Z,Policybazaar,Insurance,23660.55,INR,SUCCESS,Credit Card
TXN2025004374,2026-05-21T14:27:16+05:30,upGrad,Education,19009.73,INR,SUCCESS,UPI
TXN2025004375,2025-09-20T13:02:10+05:30,PharmEasy,Health,1508.19,INR,SUCCESS,UPI
TXN2025004376,2025-10-22T22:03:46Z,Ola,Travel,2824.0,INR,SUCCESS,Debit Card
TXN2025004377,2026-04-29T14:07:01Z,Airtel,Utilities,1145.82,INR,PENDING,Netbanking
TXN2025004378,2026-01-24T08:49:17Z,Jio,Utilities,284.72,INR,SUCCESS,Credit Card
TXN2025004379,2026-07-11T23:15:28Z,MakeMyTrip,Travel,2973.0,INR,SUCCESS,Netbanking
TXN2025004380,2026-02-22T00:16:28Z,YouTube Premium,Entertainment,904.5,INR,SUCCESS,Netbanking
TXN2025004381,2026-02-02,Cult.fit,Health,383.69,INR,SUCCESS,Debit Card
TXN2025004382,2026-03-13T02:00:17Z,Amazon,Shopping,8880.0,INR,SUCCESS,Debit Card
TXN2025004383,2026-07-13T02:28:24Z,Amazon,Shopping,5079.93,INR,SUCCESS,UPI
TXN2025004384,2025-11-15T11:41:04+05:30,1mg,Health,5725.51,INR,SUCCESS,UPI
TXN2025004385,2026-04-10,Netflix,Entertainment,963.19,INR,SUCCESS,UPI
TXN2025004386,14/10/2025 08:13:09,DMart,Groceries,5402.63,INR,SUCCESS,Netbanking
TXN2025004387,2025-08-15T04:46:07Z,Coursera,Education,20749.62,INR,PENDING,UPI
TXN2025004388,2025-07-20T09:55:30Z,Udemy,Education,27561.93,INR,SUCCESS,UPI
TXN2025004389,05/07/2025 21:27:14,PharmEasy,Health,1833.94,INR,SUCCESS,Debit Card
TXN2025004390,2025-10-16T01:43:21Z,DMart,Groceries,5388.0,INR,SUCCESS,Credit Card
TXN2025004391,2025-08-27T20:58:42Z,1mg,Health,6473.37,INR,SUCCESS,UPI
TXN2025004392,2025-11-26T08:46:01Z,Shell,Fuel,596.0,INR,SUCCESS,Credit Card
TXN2025004393,2025-11-22T08:55:50+05:30,HDFC Ergo,Insurance,29658.0,INR,PENDING,Netbanking
TXN2025004394,2026-03-27,Unacademy,Education,52220.01,INR,FAILED,UPI
TXN2025004395,2025-08-28T15:03:53Z,Coursera,Education,25019.51,INR,SUCCESS,Debit Card
TXN2025004396,2026-07-12T19:15:19Z,Croma,Shopping,11082.0,INR,SUCCESS,Debit Card
TXN2025004397,2026-06-02T11:04:29Z,upGrad,Education,24615.22,INR,SUCCESS,Credit Card
TXN2025004398,2025-07-22T07:44:21Z,JioMart,Groceries,4408.0,INR,SUCCESS,Netbanking
TXN2025004399,2026-06-18T14:05:00+05:30,Zepto,Groceries,1802.0,INR,PENDING,UPI
TXN2025004400,2025-07-17T12:47:42+05:30,Policybazaar,Insurance,31091.94,INR,SUCCESS,Netbanking
TXN2025004401,21/03/2026 21:23:18,Domino's,Food & Dining,585.0,INR,PENDING,UPI
TXN2025004402,22/05/2026 20:56:18,1mg,Health,4940.0,INR,SUCCESS,Debit Card
TXN2025004403,2026-05-29T06:28:44Z,MakeMyTrip,Travel,893.0,INR,SUCCESS,Netbanking
TXN2025004404,2025-10-16T01:29:46+05:30,BookMyShow,Entertainment,384.0,INR,SUCCESS,Debit Card
TXN2025004405,2025-12-02T20:37:30Z,BPCL,Fuel,688.0,INR,SUCCESS,Credit Card
TXN2025004406,2025-12-04T09:19:20Z,Coursera,Education,7441.58,INR,SUCCESS,Debit Card
TXN2025004407,2025-08-31T11:51:20Z,Tata Power,Utilities,2835.78,INR,SUCCESS,UPI
TXN2025004408,2026-03-21T03:02:30Z,DMart,Groceries,1587.57,INR,SUCCESS,Netbanking
TXN2025004409,2025-10-16T22:27:23Z,BSES,Utilities,3341.51,INR,SUCCESS,Netbanking
TXN2025004410,2026-06-01T08:48:21+05:30,LIC Premium,Insurance,28381.62,INR,SUCCESS,Credit Card
TXN2025004411,2026-04-18T07:40:16Z,Cult.fit,Health,6283.0,INR,SUCCESS,Debit Card
TXN2025004412,2026-02-08T00:40:31Z,BookMyShow,Entertainment,1902.61,INR,SUCCESS,Credit Card
TXN2025004413,2026-01-05T11:34:48Z,Apollo Pharmacy,Health,2015.25,INR,SUCCESS,Netbanking
TXN2025004414,04/11/2025 21:13:18,Ajio,Shopping,15754.0,INR,FAILED,Netbanking
TXN2025004415,2025-08-23,Swiggy,Food & Dining,403.38,INR,SUCCESS,Netbanking
TXN2025004416,2025-08-20T03:45:47Z,McDonald's,Food & Dining,697.0,INR,SUCCESS,Netbanking
TXN2025004417,2026-06-17T22:57:00Z,BPCL,,4128.0,INR,SUCCESS,Netbanking
TXN2025004418,2025-11-30T12:58:51Z,Starbucks,Food & Dining,377.9,INR,SUCCESS,UPI
TXN2025004419,2025-07-04T00:27:18Z,Hotstar,Entertainment,1079.55,INR,SUCCESS,UPI
TXN2025004420,1754251931000,Ajio,Shopping,13250.99,INR,SUCCESS,Netbanking
TXN2025004421,2026-02-14T00:53:53Z,BigBasket,Groceries,5073.29,INR,FAILED,UPI
TXN2025004422,2025-09-02T19:33:41Z,IRCTC,Travel,5362.45,INR,SUCCESS,Credit Card
TXN2025004423,1752090202000,Cult.fit,Health,347.37,INR,SUCCESS,Debit Card
TXN2025004424,2026-07-02T03:08:20+05:30,JioMart,Groceries,1201.0,INR,SUCCESS,Debit Card
TXN2025004425,2025-09-28T14:02:52Z,Apollo Pharmacy,Health,-3352.31,INR,SUCCESS,Credit Card
TXN2025004426,2026-01-24T04:04:42+05:30,Hotstar,Entertainment,246.94,INR,SUCCESS,UPI
TXN2025009438,2026-06-22T05:13:00+05:30,Ajio,Shopping,15582.66,INR,SUCCESS,Debit Card
TXN2025004428,1772453011000,Coursera,,18370.08,INR,SUCCESS,Credit Card
TXN2025004429,1783609182000,Domino's,Food & Dining,368.84,INR,SUCCESS,Debit Card
TXN2025004430,2026-01-16T07:24:49Z,upGrad,Education,16406.0,INR,SUCCESS,UPI
TXN2025004431,2026-04-05T23:39:31+05:30,BPCL,Fuel,565.16,INR,SUCCESS,Netbanking
TXN2025004432,2025-10-18T19:55:08Z,Netflix,Entertainment,1628.37,INR,SUCCESS,Debit Card
TXN2025004433,1756941116000,Hotstar,Entertainment,2453.0,INR,SUCCESS,Debit Card
TXN2025004434,2025-07-21T02:16:41Z,Nykaa,Shopping,2527.09,INR,SUCCESS,Netbanking
TXN2025004435,2025-12-06T08:57:34Z,BookMyShow,Entertainment,177.38,INR,SUCCESS,Netbanking
TXN2025004436,2025-12-21T14:51:12Z,Ajio,Shopping,5814.39,INR,SUCCESS,Debit Card
TXN2025004437,2025-12-11T12:05:27Z,Airtel,Utilities,3050.0,INR,SUCCESS,UPI
TXN2025004438,2025-07-25T04:39:25Z,Ajio,Shopping,3822.47,INR,SUCCESS,Debit Card
TXN2025004439,2026-03-22T04:54:13Z,Zomato,Food & Dining,175.38,INR,SUCCESS,UPI
TXN2025004440,2026-07-05T03:39:09Z,Airtel,Utilities,960.32,INR,SUCCESS,Netbanking
TXN2025004441,2025-07-21T17:31:25Z,ACT Fibernet,Utilities,2869.0,INR,SUCCESS,Netbanking
TXN2025004442,2025-10-08T01:25:28Z,Apollo Pharmacy,Health,573.0,INR,SUCCESS,UPI
TXN2025004443,2025-12-19T18:53:08+05:30,IRCTC,Travel,2358.0,INR,SUCCESS,Debit Card
TXN2025004444,2026-04-11,Starbucks,Food & Dining,673.53,INR,SUCCESS,Debit Card
TXN2025004445,2026-03-27T16:14:43+05:30,IRCTC,Travel,1054.25,INR,SUCCESS,UPI
TXN2025004446,2026-06-28,DMart,Groceries,4419.0,INR,SUCCESS,UPI
TXN2025004447,2026-02-09T12:46:59+05:30,Policybazaar,Insurance,26254.95,INR,SUCCESS,Netbanking
TXN2025004448,26/05/2026 04:19:12,Jio,Utilities,3382.6,INR,SUCCESS,Netbanking
TXN2025004449,2026-06-09T12:55:34Z,PharmEasy,Health,1621.0,INR,SUCCESS,Credit Card
TXN2025004450,2026-01-08T23:15:59Z,Ola,Travel,7953.74,INR,SUCCESS,Netbanking
TXN2025004451,2026-03-24T16:10:46+05:30,Hotstar,Entertainment,1434.0,INR,SUCCESS,UPI
TXN2025004452,2026-03-27T13:09:15+05:30,Uber,Travel,8741.01,INR,SUCCESS,Netbanking
TXN2025004453,2026-05-29T00:41:54Z,LIC Premium,Insurance,4915.0,INR,SUCCESS,UPI
TXN2025004454,2025-11-17T18:19:52+05:30,Apollo Pharmacy,Health,1421.0,INR,SUCCESS,Netbanking
TXN2025004455,25/08/2025 18:58:30,IndiGo,Travel,2109.72,INR,SUCCESS,Netbanking
TXN2025004456,2026-02-05T09:33:03Z,IRCTC,Travel,7117.0,INR,SUCCESS,Debit Card
TXN2025004457,2026-06-23T16:03:21Z,Rapido,Travel,551.28,INR,SUCCESS,Debit Card
TXN2025004458,2026-06-29T00:42:00+05:30,IndiGo,Travel,6915.16,INR,SUCCESS,Netbanking
TXN2025004459,2025-10-09T01:54:43Z,Practo,Health,6037.34,INR,SUCCESS,Netbanking
TXN2025004460,2026-04-02T03:52:16Z,BSES,Utilities,3230.87,INR,SUCCESS,Credit Card
TXN2025004461,2025-08-24T09:50:18Z,LIC Premium,Insurance,22094.0,INR,SUCCESS,Credit Card
TXN2025004462,2025-08-06T05:54:16Z,IndiGo,Travel,6236.0,INR,SUCCESS,UPI
TXN2025004463,2026-04-22T08:53:20Z,McDonald's,Food & Dining,450.0,INR,SUCCESS,Debit Card
TXN2025004464,1767905699000,Blinkit,Groceries,1088.31,INR,PENDING,UPI
TXN2025004465,2026-02-21T22:28:35Z,1mg,Health,4198.0,INR,SUCCESS,Netbanking
TXN2025004466,2025-11-05T06:03:52Z,JioMart,Groceries,4973.31,INR,PENDING,Debit Card
TXN2025004467,2026-06-25T14:46:02+05:30,Ajio,Shopping,16176.0,INR,SUCCESS,Debit Card
TXN2025004468,2025-07-27T17:43:41Z,Jio,Utilities,2075.7,INR,SUCCESS,Credit Card
TXN2025004469,2025-11-30T12:45:57Z,Myntra,Shopping,869.87,INR,SUCCESS,Credit Card
TXN2025004470,2026-04-21T12:30:09+05:30,IRCTC,Travel,6126.0,INR,SUCCESS,Credit Card
TXN2025004471,2025-09-23T13:36:46Z,Ajio,Shopping,9047.27,INR,SUCCESS,UPI
TXN2025004472,2026-07-08T15:11:30Z,YouTube Premium,Entertainment,2233.64,INR,SUCCESS,Netbanking
TXN2025004473,2025-07-11T23:33:43+05:30,Hotstar,Entertainment,2332.09,INR,SUCCESS,UPI
TXN2025004474,2025-11-24T17:55:46Z,IRCTC,Travel,5114.0,INR,SUCCESS,Debit Card
TXN2025004475,2026-05-05T23:08:43Z,Practo,Health,2295.36,INR,SUCCESS,Credit Card
TXN2025004476,1752569630000,Cult.fit,Health,2120.5,INR,SUCCESS,Netbanking
TXN2025004477,2026-06-14T16:09:59+05:30,BYJU'S,Education,17064.0,INR,FAILED,Debit Card
TXN2025004478,2025-12-31,Zomato,Food & Dining,646.81,INR,SUCCESS,Debit Card
TXN2025004479,2025-08-23T06:08:39Z,Indian Oil,Fuel,1168.02,INR,SUCCESS,UPI
TXN2025004480,2025-07-16T07:25:06Z,Jio,Utilities,2940.0,INR,PENDING,Netbanking
TXN2025004481,1763281433000,Ola,Travel,7282.68,INR,success,Netbanking
TXN2025004482,2025-10-18T19:11:00+05:30,Rapido,Travel,8523.61,INR,SUCCESS,Netbanking
TXN2025004483,2026-02-13T10:15:38Z,BigBasket,Groceries,2095.85,INR,SUCCESS,UPI
TXN2025004484,2026-03-29,HP Petrol,Fuel,4201.25,INR,SUCCESS,Netbanking
TXN2025004485,1760629498000,HDFC Ergo,Insurance,23611.14,INR,SUCCESS,UPI
TXN2025004486,2025-12-13T16:45:08Z,Rapido,Travel,5468.93,INR,SUCCESS,Debit Card
TXN2025004487,1774870130000,DMart,Groceries,380.0,INR,SUCCESS,Credit Card
TXN2025004488,2025-12-17T07:08:53Z,Nykaa,Shopping,14885.59,INR,SUCCESS,Credit Card
TXN2025004489,2026-02-15T02:09:00Z,Ajio,Shopping,2676.0,INR,SUCCESS,Netbanking
TXN2025004490,2026-01-29T20:13:15+05:30,Flipkart,Shopping,2657.0,INR,FAILED,UPI
TXN2025004491,2026-02-24T23:16:13Z,Coursera,Education,47819.0,INR,SUCCESS,Debit Card
TXN2025004492,2025-07-29T05:05:32Z,MakeMyTrip,Travel,2413.0,INR,SUCCESS,Netbanking
TXN2025004493,2026-06-05T20:24:27Z,Jio,Utilities,2646.33,INR,SUCCESS,Credit Card
TXN2025004494,2026-03-30T20:47:23Z,Ola,Travel,7386.26,INR,SUCCESS,Netbanking
TXN2025004495,2026-03-05T03:32:12Z,Zepto,Groceries,1283.96,INR,SUCCESS,Debit Card
TXN2025004496,2026-03-28T07:57:59+05:30,Hotstar,Entertainment,1830.28,INR,FAILED,UPI
TXN2025004497,2026-06-18T18:55:58Z,Indian Oil,Fuel,3597.4,INR,SUCCESS,Credit Card
TXN2025004498,2026-01-04T09:07:17Z,Airtel,Utilities,1935.34,INR,SUCCESS,Debit Card
TXN2025004499,2025-07-26T22:38:38Z,Coursera,Education,30518.95,INR,SUCCESS,UPI
TXN2025004500,16/09/2025 15:28:07,BookMyShow,Entertainment,1788.89,INR,SUCCESS,Debit Card
TXN2025004501,2025-12-29,Apollo Pharmacy,Health,4550.67,INR,SUCCESS,Debit Card
TXN2025004502,2026-01-16T21:34:25Z,Hotstar,Entertainment,206.6,INR,FAILED,Netbanking
TXN2025004503,2025-11-27T23:55:44Z,Practo,Health,1994.98,INR,SUCCESS,Credit Card
TXN2025004504,2025-12-20T12:05:39Z,Swiggy,Food & Dining,787.93,INR,SUCCESS,Credit Card
TXN2025004505,2026-01-27T15:39:25Z,Hotstar,Entertainment,2039.0,INR,PENDING,Credit Card
TXN2025004506,2025-07-03T15:33:25Z,YouTube Premium,Entertainment,345.72,INR,SUCCESS,Netbanking
TXN2025004507,22/12/2025 14:44:56,DMart,Groceries,2331.0,INR,PENDING,Netbanking
TXN2025004508,2026-01-19T18:46:33Z,BigBasket,Groceries,2184.1,INR,SUCCESS,Debit Card
TXN2025004509,2026-01-08T10:33:21Z,DMart,Groceries,4584.16,INR,SUCCESS,UPI
TXN2025004510,2025-07-02T23:49:20Z,Uber,Travel,2441.94,INR,SUCCESS,UPI
TXN2025004511,2026-05-02T08:54:24Z,BookMyShow,Entertainment,1380.0,INR,SUCCESS,Credit Card
TXN2025004512,2025-12-08T20:00:00Z,Blinkit,Groceries,4194.77,INR,SUCCESS,Debit Card
TXN2025004513,2026-06-12T02:26:13Z,Rapido,Travel,3060.0,INR,SUCCESS,Debit Card
TXN2025004514,2026-02-23T12:44:00+05:30,Rapido,Travel,804.66,INR,SUCCESS,Debit Card
TXN2025004515,2025-09-17T02:38:02Z,Swiggy,Food & Dining,232.1,INR,SUCCESS,Netbanking
TXN2025004516,2026-04-27T22:58:39Z,Shell,Fuel,4492.0,INR,PENDING,Debit Card
TXN2025004517,2025-12-23T13:22:00Z,BSES,Utilities,3061.97,INR,SUCCESS,Credit Card
TXN2025004518,2025-10-24T14:50:54Z,YouTube Premium,Entertainment,605.06,INR,SUCCESS,Credit Card
TXN2025004519,2025-09-06T02:19:05Z,IRCTC,Travel,4711.71,INR,SUCCESS,Debit Card
TXN2025004520,2026-01-24T10:01:26Z,LIC Premium,Insurance,3367.69,INR,SUCCESS,UPI
TXN2025004521,2025-07-27T15:08:49Z,1mg,Health,5471.0,INR,FAILED,Debit Card
TXN2025004522,1765845938000,Coursera,Education,32232.44,INR,SUCCESS,UPI
TXN2025004523,2026-05-25T00:33:25+05:30,1mg,Health,3408.07,INR,SUCCESS,Netbanking
TXN2025004524,2025-08-29T08:43:35+05:30,Ajio,,15188.0,INR,SUCCESS,Debit Card
TXN2025004525,2025-10-13T23:23:43+05:30,Myntra,Shopping,4052.0,INR,SUCCESS,UPI
TXN2025004526,2025-09-18T05:55:11Z,Zepto,Groceries,2111.0,INR,SUCCESS,Netbanking
TXN2025004527,2026-01-14T14:49:10Z,Policybazaar,Insurance,28115.0,INR,PENDING,Debit Card
TXN2025004528,2026-02-08T07:35:37Z,ACT Fibernet,Utilities,2312.73,INR,FAILED,UPI
TXN2025004529,2026-01-29T18:57:14Z,JioMart,Groceries,3631.52,INR,SUCCESS,Credit Card
TXN2025004530,1775374346000,Coursera,Education,54059.0,INR,SUCCESS,Debit Card
TXN2025004531,2026-05-29T10:42:57Z,BigBasket,Groceries,1138.69,INR,SUCCESS,Credit Card
TXN2025004532,2026-07-14,Amazon,Shopping,6594.12,INR,SUCCESS,Credit Card
TXN2025004533,2026-06-04T00:50:56Z,JioMart,Groceries,3267.33,INR,SUCCESS,Netbanking
TXN2025004534,2025-09-27T01:37:37Z,Ola,Travel,7630.0,INR,SUCCESS,Netbanking
TXN2025004535,2025-12-17T15:08:38+05:30,Coursera,Education,25830.0,INR,SUCCESS,Debit Card
TXN2025004536,2026-03-12T15:42:55Z,Practo,Health,2652.3,INR,PENDING,UPI
TXN2025004537,19/06/2026 00:59:30,Indian Oil,,4097.42,INR,SUCCESS,Credit Card
TXN2025004538,2026-04-07T21:49:08Z,Ola,Travel,232.5,INR,SUCCESS,Debit Card
TXN2025004539,2026-01-16T12:09:03Z,Udemy,Education,29079.5,INR,SUCCESS,UPI
TXN2025004540,2026-04-24T10:21:37Z,Apollo Pharmacy,Health,3028.0,INR,SUCCESS,Credit Card
TXN2025004541,2026-04-07T14:51:18+05:30,Jio,Utilities,302.72,INR,SUCCESS,Netbanking
TXN2025004542,2025-12-26T02:59:19Z,BYJU'S,Education,34625.0,INR,PENDING,Netbanking
TXN2025004543,2026-05-26T20:06:38+05:30,Blinkit,Groceries,5590.0,INR,SUCCESS,Credit Card
TXN2025004544,1779608826000,upGrad,Education,1133.35,INR,SUCCESS,Credit Card
TXN2025004545,2025-08-03T08:17:19Z,Coursera,Education,53196.71,INR,SUCCESS,UPI
TXN2025004546,2025-08-05T01:55:07+05:30,HP Petrol,Fuel,4193.29,INR,SUCCESS,Credit Card
TXN2025004547,2026-05-16T12:28:46Z,Blinkit,Groceries,4739.95,INR,SUCCESS,Debit Card
TXN2025004548,2026-02-16T08:22:10Z,Apollo Pharmacy,Health,2290.0,INR,SUCCESS,Netbanking
TXN2025004549,2025-08-25T20:30:53Z,Nykaa,Shopping,4507.75,INR,SUCCESS,Netbanking
TXN2025004550,2026-02-10T17:42:06Z,Myntra,Shopping,8297.97,INR,SUCCESS,Credit Card
TXN2025004551,2026-02-08T09:11:37Z,Croma,Shopping,4374.18,INR,SUCCESS,UPI
TXN2025004552,2025-12-14T03:36:04Z,BYJU'S,Education,44877.59,INR,FAILED,Debit Card
TXN2025004553,22/07/2025 14:29:53,BYJU'S,Education,30275.8,INR,FAILED,Debit Card
TXN2025004554,2026-03-30T21:25:22Z,Tata Power,Utilities,3448.62,INR,SUCCESS,UPI
TXN2025004555,2025-10-30T16:49:16Z,Cult.fit,Health,5568.77,INR,SUCCESS,Credit Card
TXN2025004556,2026-06-07T04:28:17+05:30,PharmEasy,Health,3745.09,INR,SUCCESS,UPI
TXN2025004557,2025-07-26T12:32:37Z,Airtel,Utilities,2671.52,INR,SUCCESS,UPI
TXN2025004558,2026-02-11T10:06:01Z,DMart,Groceries,3116.0,INR,PENDING,Debit Card
TXN2025004559,2026-03-01T08:18:40Z,Indian Oil,Fuel,4450.26,INR,SUCCESS,Credit Card
TXN2025004560,2025-10-11T08:41:34+05:30,Hotstar,Entertainment,2092.0,INR,FAILED,Netbanking
TXN2025004561,2025-08-30T04:22:26Z,YouTube Premium,Entertainment,631.0,INR,SUCCESS,Netbanking
TXN2025004562,03/12/2025 00:19:48,Hotstar,Entertainment,335.0,INR,SUCCESS,UPI
TXN2025004563,1773719208000,Uber,Travel,-1207.74,INR,SUCCESS,UPI
TXN2025004564,2026-01-29T12:06:22+05:30,Cult.fit,Health,5970.61,INR,SUCCESS,UPI
TXN2025004565,2026-01-26T17:21:17+05:30,Nykaa,Shopping,-16736.23,INR,SUCCESS,Netbanking
TXN2025004566,2026-04-24T15:36:29Z,Udemy,Education,43343.0,INR,SUCCESS,UPI
TXN2025004567,2025-12-03T19:27:14Z,Udemy,Education,45685.0,INR,SUCCESS,UPI
TXN2025004568,2025-09-24T05:23:08+05:30,Myntra,Shopping,1180.88,INR,PENDING,Credit Card
TXN2025004569,2026-02-21T09:18:38Z,PharmEasy,Health,3950.63,INR,SUCCESS,Credit Card
TXN2025004570,2026-06-27T01:24:12+05:30,BigBasket,Groceries,5460.15,INR,SUCCESS,Debit Card
TXN2025004571,03/10/2025 05:17:34,1mg,Health,6329.52,INR,SUCCESS,Debit Card
TXN2025004572,1768455604000,Domino's,Food & Dining,448.0,INR,SUCCESS,Netbanking
TXN2025004573,2026-07-14T04:42:01Z,HP Petrol,Fuel,3631.76,INR,PENDING,Debit Card
TXN2025004574,2026-01-06T01:39:45+05:30,Netflix,Entertainment,1772.0,INR,PENDING,Credit Card
TXN2025004575,1778332676000,HDFC Ergo,Insurance,5410.0,INR,SUCCESS,Credit Card
TXN2025004576,17/07/2025 14:04:05,Flipkart,Shopping,6049.0,INR,SUCCESS,Debit Card
TXN2025004577,1755568887000,Airtel,Utilities,2431.0,INR,SUCCESS,UPI
TXN2025004578,2026-06-06,HP Petrol,Fuel,2413.76,INR,SUCCESS,Credit Card
TXN2025004579,2025-10-11T01:38:09Z,HP Petrol,Fuel,1595.39,INR,SUCCESS,Debit Card
TXN2025004580,2025-08-10T10:06:03Z,Spotify,Entertainment,2457.34,INR,SUCCESS,Debit Card
TXN2025004581,1753033107000,McDonald's,Food & Dining,360.68,INR,SUCCESS,UPI
TXN2025004582,2026-03-09T11:56:37Z,Policybazaar,Insurance,7366.0,INR,SUCCESS,UPI
TXN2025004583,2025-08-13T23:28:49Z,Ola,Travel,3725.25,INR,SUCCESS,Netbanking
TXN2025004584,1770863029000,Shell,Fuel,2906.96,INR,SUCCESS,Netbanking
TXN2025004585,2026-06-05T02:04:14Z,Airtel,Utilities,2239.1,INR,SUCCESS,Credit Card
TXN2025004586,2026-03-01T11:48:42Z,Cult.fit,Health,6818.63,INR,SUCCESS,Debit Card
TXN2025004587,2026-07-15T04:01:28+05:30,Jio,Utilities,1890.0,INR,FAILED,Debit Card
TXN2025004588,2026-05-15,Zomato,Food & Dining,833.68,INR,SUCCESS,Netbanking
TXN2025004589,2026-05-13T01:17:27Z,LIC Premium,Insurance,34464.65,INR,SUCCESS,UPI
TXN2025004590,2025-11-02T00:04:23+05:30,Jio,Utilities,919.0,INR,SUCCESS,Credit Card
TXN2025004591,2026-06-03T02:28:35Z,Policybazaar,Insurance,20696.45,INR,SUCCESS,Debit Card
TXN2025004592,2026-04-01T02:47:50Z,PharmEasy,Health,6622.59,INR,PENDING,Credit Card
TXN2025004593,2025-11-30T19:42:43+05:30,Coursera,Education,24715.0,INR,SUCCESS,Credit Card
TXN2025004594,2025-08-04T05:30:25Z,BYJU'S,Education,3037.31,INR,SUCCESS,Debit Card
TXN2025004595,2026-05-15T20:47:28Z,BYJU'S,Education,36741.66,INR,SUCCESS,Credit Card
TXN2025004596,2026-04-12T18:08:01Z,Uber,Travel,2840.76,INR,FAILED,UPI
TXN2025004597,2026-01-25T12:46:29Z,BPCL,Fuel,1887.84,INR,SUCCESS,Netbanking
TXN2025004598,2025-09-19T06:42:46Z,BookMyShow,Entertainment,205.34,INR,SUCCESS,Debit Card
TXN2025004599,2025-11-28T18:09:24Z,BookMyShow,Entertainment,2139.26,INR,SUCCESS,UPI
TXN2025004600,2026-01-28T08:07:06Z,Netflix,Entertainment,1895.82,INR,SUCCESS,UPI
TXN2025004601,1782290637000,Cult.fit,Health,3486.33,INR,SUCCESS,UPI
TXN2025004602,2025-07-05T20:51:40Z,Jio,Utilities,410.0,INR,SUCCESS,Credit Card
TXN2025004603,2026-02-05T05:55:55+05:30,McDonald's,Food & Dining,520.0,INR,SUCCESS,UPI
TXN2025004604,2025-08-08T04:08:45Z,Udemy,Education,46042.0,INR,SUCCESS,Debit Card
TXN2025004605,2026-06-11T03:55:42Z,BigBasket,Groceries,4105.58,INR,FAILED,Debit Card
TXN2025004606,2025-12-22T10:27:35Z,BPCL,Fuel,1313.58,INR,PENDING,UPI
TXN2025004607,2026-04-05T23:44:40Z,HDFC Ergo,Insurance,39854.62,INR,SUCCESS,Netbanking
TXN2025004608,2026-07-12T21:44:48Z,Blinkit,Groceries,4087.3,INR,SUCCESS,UPI
TXN2025004609,2025-11-13,Nykaa,Shopping,7846.88,INR,SUCCESS,UPI
TXN2025004610,2026-04-01T08:57:53Z,Apollo Pharmacy,Health,5123.16,INR,SUCCESS,UPI
TXN2025004611,2025-12-23T16:51:32+05:30,BPCL,Fuel,4062.77,INR,SUCCESS,UPI
TXN2025004612,2025-12-08T17:28:55+05:30,1mg,Health,5261.85,INR,PENDING,UPI
TXN2025004613,2025-11-30T20:18:11Z,Swiggy,Food & Dining,228.0,INR,SUCCESS,Debit Card
TXN2025004614,2025-08-21T23:27:10Z,Uber,Travel,7339.51,INR,FAILED,Credit Card
TXN2025004615,1771901177000,Unacademy,Education,38742.0,INR,PENDING,UPI
TXN2025004616,2025-12-17T18:19:42Z,McDonald's,Food & Dining,821.0,INR,SUCCESS,Credit Card
TXN2025004617,2025-07-07T00:59:09Z,YouTube Premium,Entertainment,1296.81,INR,SUCCESS,Netbanking
TXN2025004618,2026-03-04T15:19:28Z,Airtel,Utilities,2227.0,INR,SUCCESS,Debit Card
TXN2025004619,2026-02-25T07:19:09Z,Hotstar,Entertainment,431.0,INR,SUCCESS,Credit Card
TXN2025004620,2025-12-25T14:38:06Z,IndiGo,Travel,7036.4,INR,FAILED,Netbanking
TXN2025004621,2026-06-03T02:00:26Z,Spotify,Entertainment,1169.0,INR,SUCCESS,UPI
TXN2025004622,2026-04-18T15:59:36Z,Myntra,Shopping,10050.0,INR,SUCCESS,Netbanking
TXN2025004623,2026-04-18T05:05:23Z,IRCTC,Travel,785.06,INR,SUCCESS,Netbanking
TXN2025004624,2026-04-21T02:57:11Z,Practo,Health,4490.88,INR,SUCCESS,Credit Card
TXN2025004625,2026-06-07T20:08:18Z,ACT Fibernet,Utilities,2461.52,INR,SUCCESS,UPI
TXN2025004626,2026-06-26T03:00:24+05:30,Zepto,Groceries,3764.0,INR,SUCCESS,Debit Card
TXN2025004627,2025-11-07T16:28:34Z,Swiggy,Food & Dining,878.79,INR,SUCCESS,UPI
TXN2025004628,2026-06-29T14:01:34Z,LIC Premium,Insurance,29297.0,INR,SUCCESS,Debit Card
TXN2025004629,2026-01-03T14:46:51Z,Unacademy,Education,14813.43,INR,SUCCESS,Credit Card
TXN2025004630,2025-07-01T01:53:49Z,Shell,Fuel,4142.0,INR,SUCCESS,Netbanking
TXN2025004631,2025-10-06T21:45:00Z,Policybazaar,Insurance,10786.0,INR,SUCCESS,Debit Card
TXN2025004632,23/11/2025 03:59:16,BookMyShow,Entertainment,1868.09,INR,SUCCESS,Netbanking
TXN2025004633,2025-11-16T15:33:21Z,Blinkit,,3607.0,INR,SUCCESS,UPI
TXN2025004634,2026-01-21T06:31:05+05:30,Rapido,Travel,6330.8,INR,SUCCESS,Netbanking
TXN2025004635,22/08/2025 01:05:32,PharmEasy,Health,5793.0,INR,SUCCESS,UPI
TXN2025004636,2025-10-03T16:56:31+05:30,Blinkit,Groceries,379.0,INR,SUCCESS,Netbanking
TXN2025004637,2025-09-14T05:41:09Z,Udemy,Education,24513.0,INR,SUCCESS,Debit Card
TXN2025004638,2026-03-28T13:48:36+05:30,Indian Oil,Fuel,706.0,INR,SUCCESS,Netbanking
TXN2025004639,2025-08-02T12:18:18Z,IndiGo,Travel,954.0,INR,SUCCESS,UPI
TXN2025004640,2026-01-24T11:45:46Z,McDonald's,Food & Dining,315.13,INR,SUCCESS,Credit Card
TXN2025004641,2026-01-05T16:46:43+05:30,Cult.fit,Health,861.61,INR,SUCCESS,UPI
TXN2025004642,2026-03-18T12:17:22Z,BPCL,Fuel,2324.0,INR,SUCCESS,Debit Card
TXN2025004643,2025-12-24T03:24:20Z,Jio,Utilities,1193.0,INR,SUCCESS,Netbanking
TXN2025004644,2025-08-25T05:22:46Z,Udemy,Education,30587.01,INR,SUCCESS,Credit Card
TXN2025004645,2025-11-22T08:28:23Z,IndiGo,Travel,8335.58,INR,SUCCESS,Credit Card
TXN2025004646,2025-07-13T16:19:21Z,BYJU'S,Education,41124.0,INR,SUCCESS,Credit Card
TXN2025004647,2025-12-15T10:34:56Z,Ola,Travel,677.22,INR,FAILED,Debit Card
TXN2025004648,2026-05-19T11:26:40Z,upGrad,Education,2017.0,INR,SUCCESS,Credit Card
TXN2025004649,2026-05-02T21:37:41Z,Blinkit,Groceries,4523.0,INR,FAILED,UPI
TXN2025004650,2025-10-31T02:51:30Z,Hotstar,Entertainment,1110.0,INR,SUCCESS,Debit Card
TXN2025004651,2025-07-08T04:27:45Z,DMart,Groceries,4509.65,INR,SUCCESS,Netbanking
TXN2025004652,2026-04-14T11:03:26+05:30,Jio,Utilities,3146.0,INR,SUCCESS,Credit Card
TXN2025004653,2025-07-15T06:42:15Z,Ajio,Shopping,2744.0,INR,SUCCESS,Debit Card
TXN2025004654,10/09/2025 12:46:04,MakeMyTrip,Travel,7847.74,INR,SUCCESS,Credit Card
TXN2025004655,2025-07-11T11:06:37Z,Starbucks,Food & Dining,410.0,INR,SUCCESS,UPI
TXN2025004656,2026-01-24T05:27:57Z,McDonald's,Food & Dining,208.0,INR,SUCCESS,Credit Card
TXN2025004657,2026-03-06T23:58:20Z,MakeMyTrip,Travel,5267.0,INR,SUCCESS,Debit Card
TXN2025004658,2025-08-15T02:37:49Z,Uber,Travel,4749.8,INR,SUCCESS,Credit Card
TXN2025004659,2026-05-20T01:03:57Z,IndiGo,Travel,6649.0,INR,SUCCESS,Debit Card
TXN2025004660,2026-01-11T04:24:18Z,JioMart,Groceries,1019.0,INR,FAILED,Debit Card
TXN2025004661,2025-07-02T16:53:04Z,Zepto,Groceries,3773.65,INR,SUCCESS,Debit Card
TXN2025004662,2025-10-12T16:55:27Z,PharmEasy,Health,3657.19,INR,SUCCESS,UPI
TXN2025004663,2025-10-05T03:01:39+05:30,LIC Premium,Insurance,32694.23,INR,SUCCESS,Netbanking
TXN2025004664,2026-06-02T11:14:32Z,Cult.fit,Health,4739.64,INR,SUCCESS,Debit Card
TXN2025004665,2025-11-17T18:49:11Z,Coursera,Education,31933.39,INR,SUCCESS,Netbanking
TXN2025004666,2025-08-05T13:04:31Z,MakeMyTrip,Travel,3334.66,INR,SUCCESS,Credit Card
TXN2025004667,2026-05-12T22:13:14Z,BookMyShow,Entertainment,2457.3,INR,SUCCESS,UPI
TXN2025004668,2026-07-08T18:27:38Z,BigBasket,Groceries,3081.17,INR,PENDING,Debit Card
TXN2025004669,2026-02-26T09:29:00Z,IndiGo,Travel,7876.57,INR,SUCCESS,Netbanking
TXN2025004670,2025-11-21T06:14:47Z,Zepto,Groceries,899.79,INR,SUCCESS,Credit Card
TXN2025004671,2025-08-31T14:51:16Z,Hotstar,Entertainment,2144.99,INR,FAILED,Netbanking
TXN2025004672,2026-04-06T06:23:46Z,BigBasket,Groceries,5565.68,INR,SUCCESS,Credit Card
TXN2025004673,25/03/2026 17:40:17,JioMart,Groceries,1487.76,INR,SUCCESS,Netbanking
TXN2025004674,2026-02-09T22:10:40+05:30,Ajio,Shopping,13797.35,INR,SUCCESS,Debit Card
TXN2025004675,06/06/2026 18:14:16,HDFC Ergo,Insurance,11118.0,INR,SUCCESS,Netbanking
TXN2025004676,2025-08-09T20:55:55Z,ACT Fibernet,Utilities,3248.0,INR,FAILED,Netbanking
TXN2025004677,08/03/2026 10:32:34,Amazon,Shopping,3114.95,INR,FAILED,Netbanking
TXN2025004678,2025-09-25T23:58:31Z,Ola,Travel,6755.53,INR,SUCCESS,Debit Card
TXN2025004679,2026-01-29T19:09:31Z,IRCTC,Travel,8473.0,INR,SUCCESS,Netbanking
TXN2025004680,2026-05-01T13:17:38Z,IndiGo,Travel,6085.0,INR,PENDING,Netbanking
TXN2025004681,1767091832000,LIC Premium,Insurance,22228.0,INR,SUCCESS,Credit Card
TXN2025004682,1769641636000,Practo,Health,4317.67,INR,SUCCESS,UPI
TXN2025004683,2026-03-19T16:22:19+05:30,YouTube Premium,Entertainment,375.12,INR,SUCCESS,UPI
TXN2025004684,2026-03-12T10:48:01Z,Flipkart,Shopping,7297.95,INR,SUCCESS,Netbanking
TXN2025004685,2026-05-09T22:43:16Z,Amazon,Shopping,865.0,INR,SUCCESS,Netbanking
TXN2025004686,2025-09-03,Ajio,Shopping,7048.87,INR,SUCCESS,UPI
TXN2025004687,2026-05-13T07:51:36+05:30,Flipkart,Shopping,5183.8,INR,SUCCESS,UPI
TXN2025004688,2025-10-15T20:06:13+05:30,BPCL,Fuel,4084.95,INR,SUCCESS,Credit Card
TXN2025004689,2025-10-19T15:19:10Z,Myntra,Shopping,2676.0,INR,success,Credit Card
TXN2025004690,2025-12-19T10:26:22Z,PharmEasy,Health,5412.26,INR,SUCCESS,Credit Card
TXN2025004691,2026-04-17T18:03:57+05:30,DMart,Groceries,3961.93,INR,SUCCESS,Credit Card
TXN2025004692,2026-04-18T07:05:22Z,BookMyShow,Entertainment,2129.0,INR,SUCCESS,Credit Card
TXN2025004693,2026-04-17T12:20:33+05:30,Ola,Travel,5461.06,INR,SUCCESS,Debit Card
TXN2025004694,2025-10-10T20:28:55+05:30,Swiggy,Food & Dining,287.88,INR,SUCCESS,UPI
TXN2025004695,2026-03-30T14:25:21Z,Coursera,Education,6930.32,INR,SUCCESS,Debit Card
TXN2025004696,23/12/2025 08:15:53,Apollo Pharmacy,Health,3302.13,INR,SUCCESS,UPI
TXN2025004697,2025-09-23T14:36:33Z,YouTube Premium,Entertainment,1752.21,INR,SUCCESS,Credit Card
TXN2025004698,2025-11-29T02:06:33Z,1mg,Health,909.0,INR,PENDING,Credit Card
TXN2025004699,2025-08-13T21:13:20Z,Netflix,Entertainment,1995.16,INR,SUCCESS,Credit Card
TXN2025004700,2025-07-14,Apollo Pharmacy,Health,4271.18,INR,SUCCESS,UPI
TXN2025004701,2025-10-14T08:45:44Z,Ola,Travel,2192.0,INR,SUCCESS,Netbanking
TXN2025004702,2026-05-07T12:02:36Z,Coursera,Education,23639.57,INR,SUCCESS,Debit Card
TXN2025004703,2026-05-17T14:26:48+05:30,Shell,Fuel,3678.0,INR,SUCCESS,Debit Card
TXN2025004704,2026-06-01T22:09:12+05:30,Amazon,Shopping,13205.74,INR,SUCCESS,Netbanking
TXN2025004705,2025-10-06T11:54:45+05:30,1mg,Health,1633.0,INR,SUCCESS,UPI
TXN2025004706,1770714134000,Flipkart,Shopping,7418.06,INR,SUCCESS,UPI
TXN2025004707,2026-06-14T21:24:01Z,Zomato,Food & Dining,157.0,INR,SUCCESS,UPI
TXN2025004708,2025-12-09T19:21:25Z,Nykaa,Shopping,9698.09,INR,SUCCESS,UPI
TXN2025004709,2026-04-17T06:16:10Z,Hotstar,Entertainment,2302.47,INR,SUCCESS,UPI
TXN2025004710,2026-05-25,IndiGo,Travel,2769.0,INR,SUCCESS,Credit Card
TXN2025004711,2025-11-05T14:10:56Z,Rapido,Travel,4617.11,INR,SUCCESS,Debit Card
TXN2025004712,2025-09-15T11:09:48Z,Nykaa,Shopping,17936.0,INR,SUCCESS,Netbanking
TXN2025004713,2026-03-18T11:28:04Z,Starbucks,Food & Dining,662.38,INR,SUCCESS,Netbanking
TXN2025004714,2025-11-26T04:28:00Z,PharmEasy,Health,832.87,INR,FAILED,UPI
TXN2025004715,2026-03-30T08:35:23Z,DMart,Groceries,4787.0,INR,FAILED,Netbanking
TXN2025004716,2026-03-31T17:32:25Z,Myntra,Shopping,3937.0,INR,SUCCESS,Debit Card
TXN2025004717,28/12/2025 04:08:42,Zomato,Food & Dining,897.0,INR,SUCCESS,UPI
TXN2025004718,1778252551000,Croma,Shopping,17481.96,INR,SUCCESS,UPI
TXN2025004719,2026-01-24T05:40:38+05:30,Blinkit,Groceries,824.0,INR,FAILED,Debit Card
TXN2025004720,2026-03-28T12:52:42Z,DMart,Groceries,1079.29,INR,FAILED,Credit Card
TXN2025004721,2026-01-07T09:38:31Z,Jio,Utilities,1772.24,INR,SUCCESS,Debit Card
TXN2025004722,2026-01-31T23:09:30Z,Jio,Utilities,818.0,INR,PENDING,UPI
TXN2025004723,1755039410000,Cult.fit,Health,3570.32,INR,SUCCESS,Netbanking
TXN2025004724,2025-09-04T12:40:11Z,Myntra,Shopping,14160.37,INR,SUCCESS,Credit Card
TXN2025004725,30/07/2025 13:37:51,Myntra,Shopping,6498.4,INR,SUCCESS,Credit Card
TXN2025004726,2025-07-20T17:34:29Z,Amazon,Shopping,16589.0,INR,SUCCESS,Netbanking
TXN2025004727,2026-01-29T12:59:43Z,Coursera,Education,11018.0,INR,SUCCESS,Debit Card
TXN2025004728,1776731048000,JioMart,Groceries,1253.0,INR,SUCCESS,Netbanking
TXN2025004729,1755969940000,HDFC Ergo,Insurance,13507.0,INR,FAILED,Debit Card
TXN2025004730,28/06/2026 19:43:19,Blinkit,Groceries,3073.39,INR,SUCCESS,Netbanking
TXN2025004731,2025-10-16T03:44:06+05:30,PharmEasy,Health,3868.2,INR,SUCCESS,Debit Card
TXN2025004732,1770441376000,Jio,Utilities,1488.0,INR,SUCCESS,Credit Card
TXN2025004733,02/03/2026 03:36:40,Starbucks,Food & Dining,143.0,INR,SUCCESS,Debit Card
TXN2025004734,2026-06-21T21:41:41Z,Jio,Utilities,1689.68,INR,SUCCESS,Credit Card
TXN2025004735,2026-06-10T01:23:50Z,Spotify,Entertainment,1004.91,INR,SUCCESS,Credit Card
TXN2025004736,2025-08-30T09:06:22Z,Airtel,Utilities,2305.0,INR,SUCCESS,Netbanking
TXN2025004737,2025-11-20T06:47:58Z,Ajio,Shopping,13771.44,INR,SUCCESS,Debit Card
TXN2025004738,2026-03-15T09:14:50Z,BookMyShow,Entertainment,2203.69,INR,SUCCESS,UPI
TXN2025004739,2025-10-15T08:36:01Z,Blinkit,Groceries,5196.42,INR,SUCCESS,Credit Card
TXN2025004740,2026-03-09T12:55:33Z,Swiggy,Food & Dining,889.73,INR,SUCCESS,Credit Card
TXN2025004741,2025-12-20,Rapido,Travel,556.62,INR,SUCCESS,UPI
TXN2025004742,2026-05-12T09:42:00Z,Swiggy,Food & Dining,122.68,INR,SUCCESS,Netbanking
TXN2025004743,2026-07-13,Shell,Fuel,2898.02,INR,SUCCESS,UPI
TXN2025004744,2025-12-30T23:10:41Z,ACT Fibernet,Utilities,647.0,INR,SUCCESS,Credit Card
TXN2025004745,1763091655000,Ola,Travel,4613.0,INR,SUCCESS,Credit Card
TXN2025004746,2025-09-09T01:22:04Z,Ajio,Shopping,4398.35,INR,SUCCESS,Credit Card
TXN2025004747,2025-11-04T15:57:27Z,Blinkit,Groceries,375.0,INR,SUCCESS,Credit Card
TXN2025004748,2025-10-24T04:14:03Z,Netflix,Entertainment,2499.82,INR,FAILED,UPI
TXN2025004749,2026-02-01T00:26:09Z,BigBasket,Groceries,825.94,INR,SUCCESS,Netbanking
TXN2025004750,2026-06-11T09:01:58Z,1mg,Health,5647.0,INR,SUCCESS,UPI
TXN2025004751,2026-05-28,IndiGo,Travel,3253.0,INR,SUCCESS,Debit Card
TXN2025004752,2025-12-19T19:31:28Z,Ola,Travel,3004.42,INR,SUCCESS,Credit Card
TXN2025004753,2026-05-17T10:02:29Z,Udemy,Education,29652.0,INR,SUCCESS,Netbanking
TXN2025004754,2026-03-15T23:51:43Z,Blinkit,Groceries,970.66,INR,SUCCESS,Netbanking
TXN2025004755,2025-12-28T08:09:38+05:30,BPCL,Fuel,4422.18,INR,SUCCESS,Credit Card
TXN2025004756,2026-05-27T10:56:13Z,Zomato,Food & Dining,219.55,INR,SUCCESS,UPI
TXN2025004757,02/06/2026 14:26:01,Zepto,Groceries,883.0,INR,SUCCESS,Debit Card
TXN2025004758,2026-06-04,IndiGo,Travel,2851.28,INR,SUCCESS,Credit Card
TXN2025004759,1782508282000,Policybazaar,Insurance,21155.74,INR,SUCCESS,Debit Card
TXN2025004760,2025-12-24T03:19:09Z,Blinkit,Groceries,2976.33,INR,SUCCESS,Credit Card
TXN2025004761,15/01/2026 00:58:46,BPCL,Fuel,645.0,INR,FAILED,Credit Card
TXN2025004762,2026-01-10T07:06:14+05:30,Zomato,Food & Dining,-420.71,INR,SUCCESS,UPI
TXN2025004763,2026-02-13,Unacademy,Education,54750.88,INR,SUCCESS,UPI
TXN2025004764,1773476046000,Coursera,Education,8878.0,INR,SUCCESS,Netbanking
TXN2025004765,16/05/2026 05:46:30,Rapido,Travel,8394.24,INR,SUCCESS,Netbanking
TXN2025004766,2025-11-06T21:50:46+05:30,1mg,Health,4093.0,INR,PENDING,Debit Card
TXN2025004767,2026-02-16T01:09:45+05:30,Netflix,Entertainment,2300.09,INR,SUCCESS,Debit Card
TXN2025004768,2025-10-16T20:02:47Z,upGrad,Education,42480.18,INR,SUCCESS,UPI
TXN2025004769,2026-03-05T09:40:05Z,YouTube Premium,Entertainment,1566.05,INR,FAILED,Debit Card
TXN2025004770,2026-05-08T01:53:08+05:30,Netflix,Entertainment,2250.47,INR,SUCCESS,Netbanking
TXN2025004771,2025-11-28T15:39:01Z,Swiggy,,414.26,INR,SUCCESS,Netbanking
TXN2025004772,2025-10-14T22:28:42Z,Tata Power,Utilities,993.96,INR,SUCCESS,Netbanking
TXN2025004773,2025-12-20T06:21:55Z,Domino's,Food & Dining,184.0,INR,SUCCESS,UPI
TXN2025004774,1761335637000,MakeMyTrip,Travel,3880.64,INR,SUCCESS,UPI
TXN2025004775,2026-01-15T14:56:57Z,Ajio,Shopping,6663.66,INR,SUCCESS,Credit Card
TXN2025004776,1756701370000,BSES,Utilities,2585.52,INR,SUCCESS,Netbanking
TXN2025004777,2026-05-22T04:47:44+05:30,Blinkit,Groceries,1835.31,INR,SUCCESS,Credit Card
TXN2025004778,2026-01-23T04:28:26Z,DMart,Groceries,4875.43,INR,SUCCESS,Credit Card
TXN2025004779,2025-09-06T09:18:45Z,IndiGo,Travel,6746.73,INR,SUCCESS,Debit Card
TXN2025004780,2025-08-01T01:48:28+05:30,Indian Oil,Fuel,519.0,INR,SUCCESS,Credit Card
TXN2025004781,2025-10-04T12:59:00Z,Zepto,Groceries,930.0,INR,SUCCESS,UPI
TXN2025004782,2025-10-18T10:27:37+05:30,DMart,Groceries,3347.0,INR,SUCCESS,UPI
TXN2025004783,2026-05-10T22:51:32Z,BookMyShow,Entertainment,558.35,INR,SUCCESS,UPI
TXN2025004784,2025-07-24T15:06:26Z,Croma,Shopping,5248.76,INR,SUCCESS,Credit Card
TXN2025004785,09/11/2025 05:48:07,MakeMyTrip,Travel,5983.0,INR,SUCCESS,Debit Card
TXN2025004786,2025-08-01T20:04:45Z,Netflix,Entertainment,575.0,INR,SUCCESS,Credit Card
TXN2025004787,2025-07-08T15:17:51Z,HP Petrol,Fuel,2047.0,INR,SUCCESS,Netbanking
TXN2025004788,1772019224000,Hotstar,Entertainment,581.16,INR,SUCCESS,UPI
TXN2025009266,2026-07-05T05:03:29Z,Airtel,Utilities,721.17,INR,SUCCESS,Credit Card
TXN2025004790,2025-12-28T04:53:36+05:30,Ajio,Shopping,816.0,INR,SUCCESS,Credit Card
TXN2025004791,2025-09-07T03:48:18Z,Myntra,Shopping,6689.0,INR,SUCCESS,Netbanking
TXN2025004792,2026-05-20T17:55:37Z,1mg,Health,1587.93,INR,SUCCESS,Netbanking
TXN2025004793,2026-04-18T15:12:49Z,MakeMyTrip,Travel,8878.58,INR,SUCCESS,Credit Card
TXN2025004794,2026-01-10T23:52:43Z,Myntra,Shopping,15158.38,INR,PENDING,Debit Card
TXN2025004795,2025-07-03T17:14:35Z,Shell,Fuel,3620.94,INR,FAILED,Credit Card
TXN2025004796,2025-07-19T16:52:23Z,Domino's,Food & Dining,446.03,INR,SUCCESS,Credit Card
TXN2025004797,2025-09-26T15:36:37+05:30,Udemy,Education,14149.25,INR,SUCCESS,Netbanking
TXN2025004798,2026-03-08T16:50:46Z,Amazon,Shopping,11005.0,INR,SUCCESS,Credit Card
TXN2025004799,2025-08-08T09:26:28Z,BYJU'S,Education,32415.0,INR,SUCCESS,Credit Card
TXN2025004800,05/04/2026 19:42:03,Uber,Travel,7606.84,INR,SUCCESS,Debit Card
TXN2025004801,2025-11-20T20:51:14Z,upGrad,Education,27579.88,INR,SUCCESS,Debit Card
TXN2025004802,2026-02-27T04:41:21Z,Swiggy,Food & Dining,687.13,INR,SUCCESS,Credit Card
TXN2025004803,2026-04-09T02:13:26Z,Swiggy,Food & Dining,342.81,INR,SUCCESS,Credit Card
TXN2025004804,1773148429000,HDFC Ergo,Insurance,10521.81,INR,SUCCESS,Netbanking
TXN2025004805,2025-07-30T01:55:11Z,Tata Power,Utilities,3222.96,INR,SUCCESS,Debit Card
TXN2025004806,2026-05-22T03:59:04Z,BookMyShow,Entertainment,829.91,INR,SUCCESS,Netbanking
TXN2025004807,2025-10-23,Swiggy,Food & Dining,730.0,INR,SUCCESS,Debit Card
TXN2025004808,2025-08-10T07:40:21Z,Ola,Travel,6163.58,INR,SUCCESS,Netbanking
TXN2025004809,2025-12-13T23:51:09Z,ACT Fibernet,Utilities,1612.1,INR,FAILED,UPI
TXN2025004810,2026-06-14,Netflix,Entertainment,564.65,INR,SUCCESS,Netbanking
TXN2025004811,2025-09-01T04:26:08+05:30,McDonald's,Food & Dining,217.52,INR,SUCCESS,UPI
TXN2025004812,2025-07-22T02:36:56Z,upGrad,Education,35991.81,INR,SUCCESS,UPI
TXN2025004813,2025-10-04T06:30:52Z,LIC Premium,Insurance,25560.0,INR,SUCCESS,UPI
TXN2025004814,2026-06-26T03:37:48+05:30,Hotstar,Entertainment,1273.86,INR,FAILED,UPI
TXN2025004815,2025-12-13T19:48:57Z,BookMyShow,Entertainment,1628.25,INR,SUCCESS,Debit Card
TXN2025004816,2026-01-05T15:05:32Z,IndiGo,Travel,1392.0,INR,PENDING,Debit Card
TXN2025004817,1764010256000,PharmEasy,Health,1213.89,INR,SUCCESS,Debit Card
TXN2025004818,2026-06-20T00:51:58+05:30,Udemy,Education,28681.47,INR,SUCCESS,UPI
TXN2025004819,2025-10-29T18:32:02Z,Amazon,Shopping,5399.00,INR,SUCCESS,UPI
TXN2025004820,2025-12-23T21:56:49Z,Domino's,Food & Dining,142.56,INR,SUCCESS,Credit Card
TXN2025004821,2026-03-28T09:59:24Z,Apollo Pharmacy,Health,5303.54,INR,SUCCESS,Credit Card
TXN2025004822,2025-10-09T20:08:32+05:30,upGrad,Education,38653.0,INR,SUCCESS,Debit Card
TXN2025004823,2025-11-25T09:16:39Z,1mg,Health,4662.13,INR,SUCCESS,Credit Card
TXN2025004824,24/01/2026 22:02:04,Ajio,Shopping,17486.36,INR,SUCCESS,Debit Card
TXN2025004825,08/05/2026 06:01:51,Flipkart,Shopping,9014.19,INR,SUCCESS,Netbanking
TXN2025004826,2025-11-10T03:14:23Z,YouTube Premium,Entertainment,954.0,INR,SUCCESS,Credit Card
TXN2025004827,2026-03-16T22:10:36Z,Domino's,Food & Dining,193.51,INR,SUCCESS,Netbanking
TXN2025004828,2025-10-22T11:56:23Z,Netflix,Entertainment,533.78,INR,FAILED,Netbanking
TXN2025004829,2026-06-04T05:30:39Z,Airtel,Utilities,3057.14,INR,SUCCESS,UPI
TXN2025004830,2025-10-31T11:06:45Z,Nykaa,Shopping,8960.58,INR,SUCCESS,Credit Card
TXN2025004831,2026-03-18T23:58:14Z,IndiGo,Travel,4503.28,INR,SUCCESS,Debit Card
TXN2025004832,2025-12-07T06:48:22Z,Policybazaar,Insurance,16357.26,INR,SUCCESS,Netbanking
TXN2025005548,2025-09-02T17:29:29Z,Indian Oil,Fuel,1674.02,INR,SUCCESS,Debit Card
TXN2025004834,2025-10-27T22:20:07Z,BYJU'S,,20850.0,INR,SUCCESS,Credit Card
TXN2025004835,2025-08-20T08:05:19+05:30,DMart,Groceries,333.14,INR,SUCCESS,Netbanking
TXN2025004836,2026-05-30T06:36:50Z,DMart,Groceries,2483.54,INR,SUCCESS,Credit Card
TXN2025004837,2025-08-19,Unacademy,Education,3927.83,INR,SUCCESS,Netbanking
TXN2025004838,2026-07-02T15:20:56Z,YouTube Premium,Entertainment,1820.0,INR,PENDING,Debit Card
TXN2025004839,2026-04-28T18:30:04Z,upGrad,Education,2175.41,INR,FAILED,Debit Card
TXN2025004840,2025-07-29T02:26:09Z,Unacademy,Education,48376.01,INR,SUCCESS,UPI
TXN2025004841,2025-11-21T22:46:56Z,Zepto,Groceries,2791.39,INR,SUCCESS,Credit Card
TXN2025004842,2026-01-08T15:04:46+05:30,Nykaa,Shopping,14248.0,INR,SUCCESS,UPI
TXN2025004843,2026-04-07T19:13:01+05:30,Blinkit,Groceries,5491.03,INR,SUCCESS,Netbanking
TXN2025004844,22/10/2025 03:10:31,Ajio,Shopping,6943.69,INR,SUCCESS,UPI
TXN2025004845,2026-02-23T06:35:54+05:30,Tata Power,Utilities,279.0,INR,SUCCESS,Credit Card
TXN2025004846,2026-05-23T08:01:53Z,Amazon,Shopping,5514.48,INR,SUCCESS,Credit Card
TXN2025004847,30/08/2025 14:35:04,Ola,Travel,4113.42,INR,SUCCESS,UPI
TXN2025004848,25/07/2025 20:48:53,Apollo Pharmacy,Health,4936.0,INR,SUCCESS,Netbanking
TXN2025004849,2025-07-05T08:01:28Z,ACT Fibernet,Utilities,1520.66,INR,SUCCESS,Credit Card
TXN2025004850,2026-05-26T14:28:45+05:30,YouTube Premium,Entertainment,1630.46,INR,SUCCESS,Netbanking
TXN2025004851,2025-08-23T11:43:11Z,Ola,Travel,238.0,INR,PENDING,UPI
TXN2025004852,2026-01-17T22:32:19Z,Starbucks,Food & Dining,815.25,INR,SUCCESS,Debit Card
TXN2025004853,2026-07-10T15:33:33+05:30,Ajio,Shopping,7192.0,INR,SUCCESS,Credit Card
TXN2025004854,2026-05-26T18:19:41+05:30,IRCTC,Travel,8937.0,INR,SUCCESS,Netbanking
TXN2025004855,30/06/2026 11:29:54,Zomato,Food & Dining,858.66,INR,SUCCESS,Netbanking
TXN2025004856,2026-03-28T13:55:03Z,ACT Fibernet,Utilities,2588.48,INR,FAILED,Netbanking
TXN2025004857,1759804000000,Swiggy,Food & Dining,784.42,INR,SUCCESS,Debit Card
TXN2025004858,2025-07-10T07:56:46+05:30,Jio,Utilities,3093.14,INR,SUCCESS,Debit Card
TXN2025004859,2025-07-20T23:09:42Z,YouTube Premium,Entertainment,807.12,INR,SUCCESS,Credit Card
TXN2025004860,2026-06-02T13:04:10Z,Nykaa,Shopping,4966.37,INR,SUCCESS,Credit Card
TXN2025004861,2026-06-11T09:53:28Z,Spotify,Entertainment,266.36,INR,SUCCESS,UPI
TXN2025004862,2025-08-12T14:42:21+05:30,Flipkart,Shopping,16215.0,INR,SUCCESS,Debit Card
TXN2025004863,2026-03-07T05:00:00Z,HP Petrol,Fuel,3361.58,INR,SUCCESS,UPI
TXN2025004864,1770671693000,IRCTC,Travel,8574.6,INR,SUCCESS,UPI
TXN2025004865,2025-10-18T05:29:26Z,Blinkit,Groceries,1755.0,INR,SUCCESS,Debit Card
TXN2025004866,2026-06-13T01:11:13+05:30,IndiGo,Travel,762.09,INR,SUCCESS,Debit Card
TXN2025004867,2025-09-13T03:37:00+05:30,McDonald's,Food & Dining,655.94,INR,SUCCESS,UPI
TXN2025004868,2025-10-29T12:09:08+05:30,BigBasket,Groceries,3235.0,INR,FAILED,Debit Card
TXN2025004869,1772261781000,Netflix,Entertainment,1337.0,INR,SUCCESS,UPI
TXN2025004870,2025-11-01T04:14:55Z,Flipkart,Shopping,16626.38,INR,SUCCESS,Debit Card
TXN2025004871,2025-12-23T01:47:17+05:30,Airtel,Utilities,562.97,INR,PENDING,Debit Card
TXN2025004872,2025-07-15T05:14:44Z,Domino's,Food & Dining,191.14,INR,SUCCESS,Netbanking
TXN2025004873,21/01/2026 17:04:13,Coursera,Education,6545.31,INR,SUCCESS,Credit Card
TXN2025004874,2025-08-11T05:02:41Z,BSES,Utilities,2515.7,INR,SUCCESS,Netbanking
TXN2025004875,2025-12-11T19:30:28Z,Jio,Utilities,-3437.14,INR,SUCCESS,UPI
TXN2025004876,2025-11-27T16:00:10+05:30,Apollo Pharmacy,Health,4063.31,INR,SUCCESS,Debit Card
TXN2025004877,2026-03-15T15:23:14Z,PharmEasy,Health,5190.53,INR,FAILED,Credit Card
TXN2025004878,2026-04-06T03:57:14Z,YouTube Premium,Entertainment,303.4,INR,SUCCESS,UPI
TXN2025004879,2025-11-23T09:02:40Z,JioMart,Groceries,5826.99,INR,PENDING,Debit Card
TXN2025004880,2025-11-12T20:01:16Z,Netflix,Entertainment,1662.0,INR,SUCCESS,Debit Card
TXN2025004881,2025-10-04T15:54:10Z,Airtel,,-2528.44,INR,SUCCESS,Credit Card
TXN2025004882,2026-04-22T13:49:20+05:30,IndiGo,Travel,5290.82,INR,SUCCESS,Credit Card
TXN2025004883,2025-08-24T22:16:50Z,Blinkit,Groceries,1207.57,INR,SUCCESS,Netbanking
TXN2025004884,26/07/2025 20:09:32,upGrad,Education,27026.28,INR,FAILED,Debit Card
TXN2025004885,2025-12-14T02:59:02+05:30,Shell,Fuel,3757.54,INR,PENDING,Netbanking
TXN2025004886,2026-06-05,1mg,Health,6102.0,INR,FAILED,Credit Card
TXN2025004887,2025-09-18T04:39:28Z,Swiggy,Food & Dining,238.27,INR,SUCCESS,Netbanking
TXN2025004888,2026-02-16T02:45:05+05:30,Uber,Travel,4415.11,INR,SUCCESS,Credit Card
TXN2025004889,2026-05-11,Rapido,Travel,2986.57,INR,SUCCESS,UPI
TXN2025004890,2025-11-21T16:53:52Z,Croma,Shopping,5996.86,INR,SUCCESS,Netbanking
TXN2025004891,2026-01-28T09:52:55+05:30,Flipkart,Shopping,17440.0,INR,SUCCESS,Credit Card
TXN2025004892,2025-12-31T00:56:22Z,Swiggy,,537.43,INR,SUCCESS,UPI
TXN2025004893,01/02/2026 18:17:11,Cult.fit,Health,3278.26,INR,SUCCESS,Credit Card
TXN2025004894,2026-06-23,BSES,Utilities,2818.08,INR,SUCCESS,UPI
TXN2025004895,2025-08-24T05:20:18Z,Myntra,Shopping,15861.17,INR,SUCCESS,Credit Card
TXN2025004896,2026-06-23T15:53:28Z,upGrad,Education,40554.07,INR,SUCCESS,Credit Card
TXN2025004897,2025-12-19T15:41:40Z,Swiggy,Food & Dining,728.0,INR,SUCCESS,Credit Card
TXN2025004898,2026-05-29T19:26:26Z,McDonald's,Food & Dining,157.0,INR,SUCCESS,Credit Card
TXN2025004899,23/09/2025 02:55:02,Ola,Travel,2797.0,INR,SUCCESS,UPI
TXN2025004900,16/05/2026 02:20:25,Netflix,Entertainment,1886.06,INR,SUCCESS,Netbanking
TXN2025004901,26/06/2026 08:50:17,BSES,Utilities,509.99,INR,SUCCESS,Netbanking
TXN2025004902,2026-01-01T03:22:02Z,Myntra,Shopping,12314.15,INR,SUCCESS,Netbanking
TXN2025004903,2026-04-26T12:56:59Z,Spotify,Entertainment,1817.68,INR,SUCCESS,Netbanking
TXN2025004904,22/02/2026 16:01:10,Tata Power,Utilities,1542.0,INR,SUCCESS,Netbanking
TXN2025004905,2026-04-29T07:06:27Z,HP Petrol,Fuel,3918.0,INR,SUCCESS,UPI
TXN2025004906,2025-09-01T11:34:24Z,Zomato,Food & Dining,599.69,INR,SUCCESS,Credit Card
TXN2025004907,2025-09-15,Unacademy,Education,21511.92,INR,PENDING,Netbanking
TXN2025004908,2025-08-19T03:56:31Z,Practo,Health,1521.99,INR,SUCCESS,UPI
TXN2025004909,2026-03-30T22:51:12Z,Policybazaar,Insurance,11447.35,INR,SUCCESS,Netbanking
TXN2025004910,2026-03-18T15:46:28Z,Zomato,Food & Dining,402.0,INR,SUCCESS,Netbanking
TXN2025004911,1777768917000,Starbucks,Food & Dining,714.0,INR,PENDING,UPI
TXN2025004912,16/04/2026 09:58:08,Amazon,Shopping,16373.0,INR,success,UPI
TXN2025004913,2026-06-18T23:56:17Z,Domino's,Food & Dining,174.01,INR,SUCCESS,Netbanking
TXN2025004914,2025-12-03T15:07:36Z,Swiggy,Food & Dining,143.0,INR,SUCCESS,Credit Card
TXN2025004915,1762591351000,Coursera,Education,15128.59,INR,SUCCESS,Netbanking
TXN2025004916,2025-11-01T12:28:55Z,BPCL,Fuel,4174.0,INR,SUCCESS,Credit Card
TXN2025004917,2025-09-11T08:27:03Z,Netflix,Entertainment,1305.0,INR,SUCCESS,Debit Card
TXN2025004918,2026-05-14T12:41:46Z,Apollo Pharmacy,Health,2910.0,INR,SUCCESS,Netbanking
TXN2025004919,2026-06-24T15:59:22Z,IndiGo,Travel,8738.63,INR,SUCCESS,Netbanking
TXN2025004920,2025-08-30T06:20:50Z,Blinkit,Groceries,4169.0,INR,SUCCESS,Credit Card
TXN2025004921,2026-03-26T18:40:58Z,Amazon,Shopping,16983.56,INR,SUCCESS,Netbanking
TXN2025004922,2025-08-24T21:54:53Z,Jio,Utilities,1404.06,INR,SUCCESS,Netbanking
TXN2025004923,2026-02-15T18:37:12Z,Shell,Fuel,1832.29,INR,SUCCESS,Netbanking
TXN2025004924,2026-05-11T16:06:50Z,Coursera,Education,-7940.0,INR,SUCCESS,Credit Card
TXN2025004925,2025-08-03T07:26:24Z,Zomato,Food & Dining,545.96,INR,SUCCESS,Netbanking
TXN2025004926,2026-02-03,Zomato,Food & Dining,369.31,INR,SUCCESS,Debit Card
TXN2025004927,2026-06-06T12:34:09Z,BigBasket,Groceries,1488.0,INR,PENDING,Netbanking
TXN2025004928,08/03/2026 11:30:23,Udemy,Education,11956.0,INR,SUCCESS,Credit Card
TXN2025004929,2026-03-12T07:46:49Z,IndiGo,Travel,3018.36,INR,SUCCESS,Netbanking
TXN2025004930,2025-09-16T17:50:04Z,1mg,Health,5032.46,INR,SUCCESS,UPI
TXN2025004931,2025-07-21T08:32:43+05:30,Starbucks,Food & Dining,164.0,INR,SUCCESS,Credit Card
TXN2025004932,2026-04-09T03:44:06Z,McDonald's,Food & Dining,551.37,INR,PENDING,Debit Card
TXN2025004933,2026-03-07T18:11:33Z,Shell,Fuel,4368.0,INR,SUCCESS,Debit Card
TXN2025004934,1769553594000,upGrad,Education,52399.0,INR,SUCCESS,Credit Card
TXN2025004935,2025-09-28T03:19:42Z,Practo,Health,4828.16,INR,SUCCESS,Debit Card
TXN2025004936,2025-12-12T16:58:04Z,BYJU'S,Education,12912.98,INR,SUCCESS,Credit Card
TXN2025004937,2026-03-07T08:52:19Z,YouTube Premium,Entertainment,1075.08,INR,PENDING,UPI
TXN2025004938,2025-12-14T15:24:09+05:30,Ajio,Shopping,17736.05,INR,SUCCESS,UPI
TXN2025004939,2026-02-07T22:39:31Z,Netflix,Entertainment,2154.52,INR,SUCCESS,Netbanking
TXN2025004940,2026-05-25T15:17:13Z,upGrad,,53995.19,INR,SUCCESS,Debit Card
TXN2025004941,2026-05-31T23:46:22Z,BYJU'S,Education,12894.77,INR,SUCCESS,UPI
TXN2025004942,2026-03-19,Netflix,Entertainment,1749.75,INR,SUCCESS,Credit Card
TXN2025004943,2026-06-26T21:30:12Z,Swiggy,Food & Dining,792.37,INR,SUCCESS,Netbanking
TXN2025004944,2025-08-06T18:20:13+05:30,Practo,Health,3601.29,INR,SUCCESS,UPI
TXN2025004945,2026-02-21T06:35:45Z,HDFC Ergo,Insurance,13374.35,INR,SUCCESS,Netbanking
TXN2025004946,2025-07-12,YouTube Premium,Entertainment,1873.33,INR,SUCCESS,UPI
TXN2025004947,2026-03-25T18:30:12Z,Hotstar,Entertainment,2058.7,INR,SUCCESS,Netbanking
TXN2025004948,2026-03-13T14:53:15+05:30,BSES,Utilities,1513.82,INR,SUCCESS,Credit Card
TXN2025004949,21/01/2026 06:20:43,YouTube Premium,Entertainment,2327.99,INR,SUCCESS,Debit Card
TXN2025004950,2026-06-07,Zomato,Food & Dining,188.47,INR,SUCCESS,Credit Card
TXN2025004951,2025-08-31T11:41:52Z,Tata Power,Utilities,3250.0,INR,SUCCESS,Netbanking
TXN2025004952,2026-03-26T09:47:49+05:30,Jio,Utilities,1635.44,INR,SUCCESS,UPI
TXN2025004953,2026-03-07T17:06:47Z,Apollo Pharmacy,Health,4939.0,INR,SUCCESS,UPI
TXN2025004954,2025-09-11T17:24:06+05:30,Hotstar,Entertainment,2475.0,INR,FAILED,UPI
TXN2025004955,2026-05-10T17:33:11Z,Tata Power,Utilities,1161.73,INR,SUCCESS,UPI
TXN2025004956,2026-01-03T12:27:42+05:30,Ajio,Shopping,6059.05,INR,FAILED,Credit Card
TXN2025004957,2026-01-09T09:36:25Z,Jio,Utilities,1264.96,INR,FAILED,Debit Card
TXN2025004958,2026-02-02T02:31:24Z,Zomato,Food & Dining,548.0,INR,SUCCESS,UPI
TXN2025004959,2026-04-02T17:36:31Z,DMart,Groceries,467.0,INR,SUCCESS,UPI
TXN2025004960,2025-11-28T06:33:22Z,Airtel,Utilities,560.89,INR,SUCCESS,Netbanking
TXN2025004961,2026-07-06T00:48:27Z,BPCL,Fuel,2830.85,INR,SUCCESS,Debit Card
TXN2025004962,2026-01-23T22:46:19+05:30,Hotstar,Entertainment,974.0,INR,SUCCESS,UPI
TXN2025004963,2026-01-20T21:16:49Z,Udemy,Education,7163.25,INR,SUCCESS,UPI
TXN2025004964,2025-07-17T16:45:33Z,Starbucks,Food & Dining,800.97,INR,SUCCESS,Credit Card
TXN2025004965,2025-09-09T06:32:55+05:30,Rapido,Travel,2573.97,INR,SUCCESS,Netbanking
TXN2025004966,2026-03-06T08:07:28+05:30,BPCL,Fuel,3841.08,INR,SUCCESS,UPI
TXN2025004967,1756049303000,Cult.fit,Health,1745.0,INR,SUCCESS,Credit Card
TXN2025004968,2025-08-27T23:54:24Z,Zomato,Food & Dining,216.32,INR,SUCCESS,UPI
TXN2025004969,2026-02-28T17:10:46Z,McDonald's,Food & Dining,622.12,INR,SUCCESS,Netbanking
TXN2025004970,2025-07-09T16:28:53Z,BigBasket,Groceries,1274.22,INR,SUCCESS,Debit Card
TXN2025004971,2026-05-27T06:13:40Z,Nykaa,Shopping,17919.0,INR,SUCCESS,Netbanking
TXN2025004972,2026-02-03T13:28:26Z,1mg,Health,1594.0,INR,SUCCESS,Netbanking
TXN2025004973,2026-07-05T19:23:08+05:30,Croma,Shopping,15995.0,INR,SUCCESS,Credit Card
TXN2025004974,2026-05-01T19:51:24Z,Zomato,Food & Dining,-853.53,INR,SUCCESS,Netbanking
TXN2025004975,2026-03-30T12:46:29+05:30,Udemy,Education,39371.0,INR,SUCCESS,Netbanking
TXN2025004976,1775963226000,Spotify,Entertainment,-711.4,INR,SUCCESS,Debit Card
TXN2025004977,09/06/2026 08:41:05,Zomato,Food & Dining,663.0,INR,FAILED,UPI
TXN2025004978,1783051936000,Udemy,Education,42182.0,INR,PENDING,Debit Card
TXN2025004979,2025-10-08T01:54:36Z,YouTube Premium,Entertainment,1743.66,INR,SUCCESS,Netbanking
TXN2025004980,1763451113000,Shell,Fuel,4112.87,INR,SUCCESS,Debit Card
TXN2025004981,06/11/2025 06:40:42,Rapido,Travel,8469.0,INR,SUCCESS,UPI
TXN2025004982,2026-01-30T04:47:59+05:30,BigBasket,Groceries,2470.66,INR,SUCCESS,Netbanking
TXN2025004983,2026-03-16,Netflix,Entertainment,2329.5,INR,SUCCESS,Debit Card
TXN2025004984,2026-04-14T16:56:09Z,Indian Oil,Fuel,1293.0,INR,SUCCESS,Debit Card
TXN2025004985,2025-08-31T22:00:17Z,Udemy,Education,30539.31,INR,SUCCESS,Netbanking
TXN2025004986,2025-10-25T09:31:57+05:30,IRCTC,Travel,4020.75,INR,SUCCESS,Debit Card
TXN2025004987,2026-05-12T02:50:01+05:30,IndiGo,Travel,1557.47,INR,SUCCESS,Netbanking
TXN2025004988,1768350245000,Spotify,Entertainment,1382.0,INR,SUCCESS,Debit Card
TXN2025004989,2025-12-06,IndiGo,Travel,1599.8,INR,PENDING,Credit Card
TXN2025004990,2025-10-03,Coursera,Education,45772.0,INR,SUCCESS,Netbanking
TXN2025004991,2025-07-13T01:43:15Z,1mg,Health,4879.99,INR,FAILED,UPI
TXN2025004992,2026-05-07T08:20:10Z,Policybazaar,Insurance,29376.0,INR,SUCCESS,Debit Card
TXN2025004993,2025-10-13T07:03:57Z,LIC Premium,Insurance,2727.0,INR,SUCCESS,Netbanking
TXN2025004994,2025-12-25T14:18:12Z,Croma,Shopping,13284.0,INR,SUCCESS,Debit Card
TXN2025004995,2026-04-21T08:06:48Z,Uber,Travel,8276.34,INR,SUCCESS,UPI
TXN2025004996,2026-04-13T17:29:32+05:30,upGrad,Education,26241.0,INR,SUCCESS,Credit Card
TXN2025004997,2026-06-23T20:57:47Z,PharmEasy,Health,2305.92,INR,SUCCESS,UPI
TXN2025004998,2025-12-11T13:07:23Z,IndiGo,Travel,5147.0,INR,SUCCESS,Debit Card
TXN2025004999,15/07/2025 22:23:39,BPCL,Fuel,4471.0,INR,SUCCESS,Credit Card
TXN2025005000,2025-11-11T04:07:16Z,upGrad,Education,38648.0,INR,SUCCESS,Credit Card
TXN2025005001,2025-09-26T22:04:05Z,BPCL,Fuel,876.0,INR,SUCCESS,Credit Card
TXN2025005002,24/03/2026 16:10:39,Tata Power,Utilities,2168.86,INR,SUCCESS,Credit Card
TXN2025005003,2026-05-20,MakeMyTrip,Travel,6805.25,INR,SUCCESS,Debit Card
TXN2025005004,2026-06-17T11:44:52Z,Ola,Travel,892.29,INR,SUCCESS,UPI
TXN2025005005,2025-07-12T02:35:37Z,Nykaa,Shopping,4568.36,INR,SUCCESS,Credit Card
TXN2025005006,2026-05-14T02:33:51Z,Hotstar,Entertainment,990.59,INR,SUCCESS,Credit Card
TXN2025005007,2026-06-17T16:03:49Z,BPCL,Fuel,2236.52,INR,SUCCESS,Debit Card
TXN2025005008,2026-01-09T08:43:04Z,Myntra,Shopping,12562.05,INR,SUCCESS,Credit Card
TXN2025005009,2025-10-22T09:18:57Z,BPCL,Fuel,3359.65,INR,SUCCESS,UPI
TXN2025005010,1752683186000,Rapido,Travel,5760.9,INR,SUCCESS,UPI
TXN2025005011,02/01/2026 02:34:25,PharmEasy,Health,1740.0,INR,SUCCESS,Debit Card
TXN2025005012,2026-03-23T12:17:40Z,Netflix,Entertainment,2097.0,INR,SUCCESS,Netbanking
TXN2025005013,2025-08-22T16:55:54+05:30,upGrad,Education,2686.57,INR,SUCCESS,Credit Card
TXN2025005014,2025-09-16T08:44:12Z,Shell,Fuel,3880.8,INR,SUCCESS,Netbanking
TXN2025005015,2025-08-24T07:05:48Z,Rapido,Travel,3590.39,INR,SUCCESS,Debit Card
TXN2025005016,2026-04-07,BSES,Utilities,1436.02,INR,SUCCESS,Credit Card
TXN2025005017,2025-09-06,Policybazaar,,17877.98,INR,SUCCESS,Netbanking
TXN2025005018,1768460017000,Zomato,Food & Dining,520.68,INR,SUCCESS,Netbanking
TXN2025005019,2026-06-28T01:50:42Z,Hotstar,Entertainment,524.65,INR,SUCCESS,Netbanking
TXN2025005020,2025-12-15T08:15:13Z,Apollo Pharmacy,Health,1753.18,INR,SUCCESS,UPI
TXN2025005021,2026-07-04T15:28:03Z,IndiGo,Travel,8321.93,INR,SUCCESS,Netbanking
TXN2025005022,2025-11-08T02:23:45Z,HDFC Ergo,Insurance,20521.0,INR,SUCCESS,Debit Card
TXN2025005023,2025-08-25T05:51:10Z,LIC Premium,Insurance,25198.49,INR,SUCCESS,Netbanking
TXN2025005024,2026-07-03T19:10:17Z,Airtel,Utilities,950.96,INR,SUCCESS,Credit Card
TXN2025005025,2026-01-23T05:25:32+05:30,BigBasket,Groceries,4755.37,INR,SUCCESS,UPI
TXN2025005026,1754343249000,Zepto,Groceries,3161.87,INR,FAILED,Debit Card
TXN2025005027,2026-02-21T19:40:08Z,Udemy,Education,9220.0,INR,SUCCESS,Netbanking
TXN2025005028,2025-08-26T05:11:35+05:30,Zepto,Groceries,2387.73,INR,SUCCESS,Credit Card
TXN2025005029,2025-08-21T11:07:32+05:30,LIC Premium,Insurance,10645.0,INR,SUCCESS,Debit Card
TXN2025005030,1771654887000,Spotify,Entertainment,1187.12,INR,SUCCESS,UPI
TXN2025005031,2025-07-10,Myntra,Shopping,13028.0,INR,SUCCESS,Debit Card
TXN2025005032,19/01/2026 11:12:56,Cult.fit,Health,1922.51,INR,SUCCESS,Credit Card
TXN2025005033,2026-02-24T15:03:38Z,Udemy,Education,17153.65,INR,SUCCESS,Credit Card
TXN2025005034,2026-05-29T02:42:10Z,Amazon,Shopping,15998.47,INR,PENDING,Netbanking
TXN2025005035,2025-11-02T07:34:39Z,BSES,Utilities,591.72,INR,SUCCESS,Netbanking
TXN2025005036,2026-03-19T10:10:51+05:30,Nykaa,Shopping,12410.0,INR,SUCCESS,Credit Card
TXN2025005037,2026-05-10T21:58:28Z,BookMyShow,Entertainment,2272.54,INR,SUCCESS,Netbanking
TXN2025005038,2026-05-23T17:08:16Z,IRCTC,Travel,7743.65,INR,PENDING,Credit Card
TXN2025005039,2026-04-10T22:51:06+05:30,Unacademy,Education,34176.33,INR,SUCCESS,Netbanking
TXN2025005040,1754594864000,MakeMyTrip,Travel,7416.0,INR,SUCCESS,Credit Card
TXN2025005041,2025-11-03T03:42:32+05:30,Hotstar,Entertainment,1482.0,INR,SUCCESS,Credit Card
TXN2025005042,2025-08-14,Unacademy,Education,25866.97,INR,SUCCESS,UPI
TXN2025005043,2025-12-23T05:41:00+05:30,Netflix,Entertainment,470.87,INR,SUCCESS,UPI
TXN2025005044,2026-02-17,Airtel,Utilities,2323.0,INR,SUCCESS,UPI
TXN2025005045,2025-10-15T05:53:38Z,Spotify,Entertainment,2178.0,INR,SUCCESS,UPI
TXN2025005046,2025-08-20,Swiggy,Food & Dining,750.0,INR,SUCCESS,Netbanking
TXN2025005047,2026-01-08T23:50:12+05:30,HDFC Ergo,Insurance,32566.0,INR,SUCCESS,UPI
TXN2025005048,2025-11-12T05:30:19Z,IRCTC,Travel,6754.0,INR,SUCCESS,Credit Card
TXN2025005049,2026-04-22T09:42:02Z,1mg,Health,2316.03,INR,SUCCESS,UPI
TXN2025005050,1751593708000,IndiGo,Travel,5907.0,INR,SUCCESS,Credit Card
TXN2025005051,2026-03-21T15:09:11Z,BigBasket,Groceries,2626.1,INR,SUCCESS,Debit Card
TXN2025005052,2025-08-26T13:08:32Z,Cult.fit,Health,621.33,INR,SUCCESS,Netbanking
TXN2025005053,2026-06-10T21:27:56Z,Shell,Fuel,2519.0,INR,SUCCESS,Credit Card
TXN2025005054,2026-04-18T04:11:58Z,Airtel,Utilities,769.0,INR,SUCCESS,UPI
TXN2025005055,2025-08-09T01:11:39+05:30,IndiGo,Travel,2352.19,INR,SUCCESS,Debit Card
TXN2025005056,1769273819000,Croma,Shopping,2978.0,INR,SUCCESS,Credit Card
TXN2025005057,2026-04-26T09:45:30+05:30,Spotify,Entertainment,2020.0,INR,SUCCESS,Credit Card
TXN2025005058,2026-03-18T19:05:50Z,Unacademy,Education,40484.75,INR,SUCCESS,UPI
TXN2025005059,2025-12-09T01:42:40Z,LIC Premium,Insurance,31519.8,INR,SUCCESS,Credit Card
TXN2025005060,1754192327000,Shell,,2761.36,INR,SUCCESS,Netbanking
TXN2025005061,2025-12-28,IndiGo,Travel,6696.86,INR,FAILED,Debit Card
TXN2025005062,2025-07-18T16:51:48Z,Udemy,Education,27248.45,INR,PENDING,UPI
TXN2025005063,2026-04-05T07:57:13Z,Netflix,Entertainment,453.0,INR,FAILED,UPI
TXN2025005064,2025-12-16T04:53:31Z,BSES,Utilities,3213.97,INR,SUCCESS,Debit Card
TXN2025005065,1777965714000,BPCL,Fuel,1960.74,INR,SUCCESS,Debit Card
TXN2025005066,2026-01-22T05:56:31Z,Flipkart,Shopping,3532.35,INR,SUCCESS,UPI
TXN2025005067,2026-04-19T09:23:40Z,Policybazaar,,5739.97,INR,SUCCESS,Debit Card
TXN2025005068,2025-11-18T21:20:27Z,Udemy,Education,17411.0,INR,SUCCESS,Netbanking
TXN2025005069,2025-11-29T00:45:58Z,Nykaa,Shopping,11237.0,INR,SUCCESS,Credit Card
TXN2025005070,2025-12-18T13:33:17+05:30,Tata Power,Utilities,1611.0,INR,SUCCESS,UPI
TXN2025005071,2025-12-09,upGrad,Education,41783.19,INR,FAILED,Credit Card
TXN2025005072,2025-08-11T03:38:03Z,Jio,Utilities,993.71,INR,SUCCESS,Netbanking
TXN2025005073,2025-12-19T02:52:10+05:30,Policybazaar,Insurance,33423.47,INR,SUCCESS,Credit Card
TXN2025005074,2025-12-25T22:30:45Z,Zomato,Food & Dining,410.36,INR,SUCCESS,Credit Card
TXN2025005075,2026-04-17T01:08:35Z,Shell,Fuel,3884.27,INR,SUCCESS,UPI
TXN2025005076,12/03/2026 11:37:19,Croma,Shopping,13224.0,INR,SUCCESS,Debit Card
TXN2025005077,2025-10-24T03:51:11Z,Coursera,Education,21561.0,INR,SUCCESS,Netbanking
TXN2025005078,2025-09-23T14:15:02Z,Uber,Travel,4549.0,INR,SUCCESS,Debit Card
TXN2025005079,2025-12-09,Unacademy,Education,6963.41,INR,SUCCESS,UPI
TXN2025005080,2025-08-09T11:41:20Z,Unacademy,Education,17101.57,INR,SUCCESS,Credit Card
TXN2025005081,2025-12-02T02:16:38+05:30,Blinkit,Groceries,3214.0,INR,SUCCESS,Netbanking
TXN2025005082,2026-01-02T20:56:50Z,IRCTC,Travel,8007.14,INR,SUCCESS,Debit Card
TXN2025005083,2026-02-05T08:11:30Z,BookMyShow,Entertainment,885.32,INR,SUCCESS,Netbanking
TXN2025005084,2026-04-29T11:07:29Z,Zomato,Food & Dining,288.83,INR,SUCCESS,UPI
TXN2025005085,1774222904000,Zomato,Food & Dining,337.0,INR,SUCCESS,Credit Card
TXN2025005086,2025-07-31,Hotstar,Entertainment,1862.73,INR,SUCCESS,Debit Card
TXN2025005087,2025-08-26,Apollo Pharmacy,Health,6832.38,INR,SUCCESS,UPI
TXN2025005088,2025-07-23T03:50:49Z,Coursera,Education,35767.49,INR,SUCCESS,Debit Card
TXN2025005089,2026-06-18T08:12:30Z,1mg,Health,1677.0,INR,SUCCESS,UPI
TXN2025005090,2026-02-10T15:15:32Z,BookMyShow,Entertainment,1895.39,INR,SUCCESS,UPI
TXN2025005091,2025-08-30T16:42:38Z,Shell,Fuel,2306.0,INR,SUCCESS,Netbanking
TXN2025005092,2026-01-25T02:47:45Z,Myntra,Shopping,9503.0,INR,SUCCESS,Netbanking
TXN2025005093,1764746030000,upGrad,Education,32502.59,INR,SUCCESS,UPI
TXN2025005094,2026-02-23,BSES,Utilities,1304.4,INR,SUCCESS,Debit Card
TXN2025005095,2026-02-24T13:41:41+05:30,Apollo Pharmacy,Health,3417.0,INR,SUCCESS,UPI
TXN2025005096,2025-08-11T08:14:15+05:30,DMart,Groceries,1219.01,INR,SUCCESS,UPI
TXN2025005097,2026-05-03T18:44:59Z,Myntra,Shopping,5277.16,INR,SUCCESS,Netbanking
TXN2025005098,2026-02-26T17:03:27+05:30,Netflix,Entertainment,1363.0,INR,SUCCESS,UPI
TXN2025005099,03/03/2026 09:11:58,Swiggy,Food & Dining,457.48,INR,SUCCESS,Debit Card
TXN2025005100,2025-12-06T04:43:34Z,YouTube Premium,Entertainment,2174.0,INR,SUCCESS,UPI
TXN2025005101,2025-11-20T02:44:42Z,Croma,Shopping,10876.07,INR,SUCCESS,Netbanking
TXN2025005102,2025-08-09T21:50:43Z,Uber,Travel,6754.65,INR,SUCCESS,Debit Card
TXN2025005103,2026-02-03T16:44:21+05:30,1mg,Health,2962.07,INR,SUCCESS,UPI
TXN2025005104,21/01/2026 02:32:03,Amazon,Shopping,10480.37,INR,SUCCESS,UPI
TXN2025005105,2026-03-28T17:31:46Z,Hotstar,Entertainment,1395.97,INR,SUCCESS,UPI
TXN2025005106,2026-01-10T19:01:35Z,Policybazaar,Insurance,9476.49,INR,FAILED,Netbanking
TXN2025005107,2026-03-27T22:01:49Z,ACT Fibernet,Utilities,1348.59,INR,SUCCESS,UPI
TXN2025005108,2025-09-14T07:05:28Z,BookMyShow,Entertainment,670.46,INR,SUCCESS,UPI
TXN2025005109,2026-01-21T09:24:33Z,IndiGo,Travel,876.56,INR,SUCCESS,Debit Card
TXN2025005110,29/10/2025 13:48:41,PharmEasy,Health,400.92,INR,PENDING,UPI
TXN2025005111,2025-11-16,IndiGo,Travel,4390.0,INR,SUCCESS,Debit Card
TXN2025005112,2025-09-26T02:47:21Z,Spotify,Entertainment,1361.0,INR,SUCCESS,Netbanking
TXN2025005113,2026-01-29,IndiGo,Travel,6184.73,INR,SUCCESS,UPI
TXN2025005114,2026-04-11T06:03:41Z,Nykaa,Shopping,8854.0,INR,SUCCESS,Credit Card
TXN2025005115,2026-06-12T04:19:12Z,Nykaa,Shopping,16425.2,INR,SUCCESS,UPI
TXN2025005116,19/02/2026 02:15:32,Airtel,Utilities,2868.0,INR,SUCCESS,Credit Card
TXN2025005117,2026-03-02,DMart,Groceries,3478.61,INR,SUCCESS,Debit Card
TXN2025005118,2026-06-17T02:01:01Z,ACT Fibernet,Utilities,3063.23,INR,SUCCESS,Credit Card
TXN2025005119,17/08/2025 04:35:42,BYJU'S,Education,11144.15,INR,SUCCESS,Netbanking
TXN2025005120,2025-10-09T01:10:22Z,MakeMyTrip,Travel,5228.0,INR,SUCCESS,Credit Card
TXN2025005121,2025-09-29T13:14:48Z,LIC Premium,Insurance,31243.0,INR,SUCCESS,Debit Card
TXN2025005122,2025-10-02T21:28:20Z,BookMyShow,Entertainment,660.0,INR,SUCCESS,Netbanking
TXN2025005123,2025-11-09,1mg,Health,2889.61,INR,SUCCESS,UPI
TXN2025005124,2025-10-27T13:15:52Z,Udemy,Education,32705.32,INR,SUCCESS,Netbanking
TXN2025005125,2025-07-13T11:17:27+05:30,Ajio,Shopping,11463.11,INR,SUCCESS,Credit Card
TXN2025005126,2026-04-28T07:04:14Z,upGrad,Education,6810.11,INR,SUCCESS,Debit Card
TXN2025005127,2025-12-10T07:32:52Z,Udemy,Education,52068.18,INR,SUCCESS,UPI
TXN2025005128,2026-02-27T10:39:52+05:30,McDonald's,Food & Dining,804.0,INR,SUCCESS,Credit Card
TXN2025005129,2025-08-22T14:54:29Z,Jio,Utilities,1694.31,INR,SUCCESS,Netbanking
TXN2025005130,05/07/2025 08:26:22,Coursera,Education,13222.0,INR,SUCCESS,Credit Card
TXN2025005131,2025-09-05,Zepto,Groceries,1055.0,INR,SUCCESS,Debit Card
TXN2025005132,04/05/2026 13:09:38,Flipkart,Shopping,12499.3,INR,SUCCESS,Credit Card
TXN2025005133,2025-09-10,Starbucks,Food & Dining,441.2,INR,SUCCESS,Credit Card
TXN2025005134,2025-08-06T13:29:26+05:30,Jio,Utilities,1231.82,INR,SUCCESS,UPI
TXN2025005135,2025-09-04T02:11:57Z,Udemy,Education,43708.0,INR,SUCCESS,Debit Card
TXN2025005136,31/08/2025 02:31:58,Nykaa,Shopping,12164.95,INR,SUCCESS,Debit Card
TXN2025005137,03/07/2025 20:15:14,IndiGo,Travel,7314.89,INR,SUCCESS,Debit Card
TXN2025005138,2026-06-30T01:06:23Z,Airtel,Utilities,1557.46,INR,SUCCESS,UPI
TXN2025005139,2025-07-26T01:30:53Z,Coursera,Education,40735.02,INR,SUCCESS,Netbanking
TXN2025005140,2025-10-19T10:57:33Z,BigBasket,Groceries,345.97,INR,SUCCESS,Debit Card
TXN2025005141,26/02/2026 19:12:11,ACT Fibernet,Utilities,1360.12,INR,SUCCESS,UPI
TXN2025005142,1779185826000,Ola,Travel,4313.0,INR,SUCCESS,Credit Card
TXN2025005143,1774272088000,Zepto,Groceries,5080.99,INR,SUCCESS,UPI
TXN2025005144,2026-05-30T19:00:25Z,Indian Oil,Fuel,4137.0,INR,SUCCESS,UPI
TXN2025005145,1762029679000,Zomato,Food & Dining,621.0,INR,SUCCESS,Debit Card
TXN2025005146,2025-09-06T21:36:40Z,Uber,Travel,6794.27,INR,SUCCESS,Credit Card
TXN2025005147,2025-12-16T01:49:21+05:30,IndiGo,Travel,4426.51,INR,SUCCESS,Netbanking
TXN2025005148,2025-11-12T12:31:59Z,1mg,Health,1336.0,INR,SUCCESS,Credit Card
TXN2025005149,2025-08-05T20:03:57Z,Shell,Fuel,2034.89,INR,SUCCESS,Credit Card
TXN2025005150,2026-05-04T18:15:26Z,1mg,Health,4786.13,INR,SUCCESS,Debit Card
TXN2025005151,2025-08-27T13:22:54Z,Ajio,Shopping,5299.81,INR,SUCCESS,UPI
TXN2025005152,2026-04-15T23:25:09Z,BookMyShow,Entertainment,1147.0,INR,SUCCESS,Debit Card
TXN2025005153,2026-03-19T23:13:21+05:30,YouTube Premium,Entertainment,-598.78,INR,SUCCESS,Credit Card
TXN2025005154,2025-08-09,IndiGo,Travel,2464.72,INR,FAILED,Netbanking
TXN2025005155,2025-07-15T11:29:52+05:30,Jio,Utilities,3178.0,INR,SUCCESS,Netbanking
TXN2025005156,2025-10-05,Spotify,Entertainment,2057.0,INR,SUCCESS,Credit Card
TXN2025005157,2026-02-01T02:40:31Z,BookMyShow,Entertainment,2367.82,INR,SUCCESS,Debit Card
TXN2025005158,2026-05-15T16:34:07Z,Zomato,Food & Dining,470.0,INR,SUCCESS,Debit Card
TXN2025005159,2026-03-04T01:35:40+05:30,Croma,Shopping,17542.53,INR,SUCCESS,Debit Card
TXN2025005160,1767401047000,1mg,Health,2013.06,INR,SUCCESS,UPI
TXN2025005161,2026-02-20T17:58:00Z,IndiGo,Travel,5210.0,INR,SUCCESS,Debit Card
TXN2025005162,2026-05-23T00:46:15+05:30,DMart,Groceries,1494.32,INR,SUCCESS,Netbanking
TXN2025005163,2026-05-08T16:28:25+05:30,JioMart,Groceries,555.37,INR,SUCCESS,Credit Card
TXN2025005164,2026-02-14T09:36:32Z,Swiggy,Food & Dining,149.36,INR,PENDING,Debit Card
TXN2025005165,2025-09-21T04:58:02Z,Ajio,Shopping,10065.95,INR,SUCCESS,Debit Card
TXN2025005166,2026-03-16T19:02:11Z,HDFC Ergo,Insurance,29594.44,INR,SUCCESS,Netbanking
TXN2025005167,2026-02-10T18:48:47Z,Jio,Utilities,1684.91,INR,SUCCESS,Netbanking
TXN2025005168,1774805700000,Zomato,Food & Dining,438.0,INR,SUCCESS,UPI
TXN2025005169,1760061284000,Jio,Utilities,2128.0,INR,SUCCESS,Netbanking
TXN2025005170,2025-09-22T10:56:45+05:30,Amazon,Shopping,1776.01,INR,SUCCESS,Debit Card
TXN2025005171,2025-11-08T12:58:47Z,BYJU'S,Education,51346.41,INR,SUCCESS,Netbanking
TXN2025005172,1751309928000,Netflix,Entertainment,1133.67,INR,SUCCESS,Debit Card
TXN2025005173,2026-07-02T06:15:40Z,McDonald's,Food & Dining,543.4,INR,SUCCESS,UPI
TXN2025005174,04/02/2026 15:18:30,BookMyShow,Entertainment,1304.0,INR,SUCCESS,Credit Card
TXN2025005175,2026-07-10T18:05:14Z,IRCTC,Travel,2699.0,INR,SUCCESS,Netbanking
TXN2025005176,2026-07-14T23:15:11Z,Apollo Pharmacy,Health,3692.0,INR,PENDING,Debit Card
TXN2025005177,2026-04-30T06:58:45Z,Policybazaar,Insurance,36509.25,INR,SUCCESS,Netbanking
TXN2025005178,2026-01-04T22:06:41Z,BYJU'S,Education,32136.74,INR,PENDING,Debit Card
TXN2025005179,2026-06-15T18:18:03Z,Domino's,Food & Dining,225.86,INR,FAILED,Credit Card
TXN2025005180,2026-03-31T00:30:31+05:30,BPCL,Fuel,2238.53,INR,SUCCESS,Credit Card
TXN2025005181,2026-07-08T04:42:39Z,JioMart,Groceries,4868.0,INR,SUCCESS,Credit Card
TXN2025005182,2026-05-30T11:25:52Z,JioMart,Groceries,617.47,INR,SUCCESS,Debit Card
TXN2025005183,2025-09-05,BYJU'S,Education,54945.56,INR,SUCCESS,Netbanking
TXN2025005184,2026-03-02T02:55:45Z,Zepto,Groceries,3230.72,INR,SUCCESS,Credit Card
TXN2025005185,2026-04-21,HP Petrol,Fuel,3087.3,INR,FAILED,Netbanking
TXN2025005186,2025-09-14T20:04:09Z,BPCL,Fuel,3972.69,INR,SUCCESS,Debit Card
TXN2025005187,2025-07-09,MakeMyTrip,Travel,366.72,INR,SUCCESS,UPI
TXN2025005188,1763970720000,Policybazaar,Insurance,6940.13,INR,SUCCESS,Debit Card
TXN2025005189,2025-09-19T16:53:37Z,Amazon,Shopping,17414.69,INR,PENDING,Debit Card
TXN2025005190,27/08/2025 06:08:41,Udemy,Education,50715.6,INR,SUCCESS,Netbanking
TXN2025005191,2026-01-01T04:24:19Z,Tata Power,Utilities,1355.92,INR,SUCCESS,Credit Card
TXN2025005192,2026-07-02T21:50:32Z,BookMyShow,Entertainment,919.0,INR,SUCCESS,Netbanking
TXN2025005193,1758397742000,IRCTC,Travel,2432.82,INR,SUCCESS,Debit Card
TXN2025005194,2026-04-17,Hotstar,Entertainment,1344.88,INR,SUCCESS,Credit Card
TXN2025005195,2026-07-09T18:20:51Z,MakeMyTrip,Travel,1123.0,INR,SUCCESS,Credit Card
TXN2025005196,2025-08-04T11:27:50+05:30,MakeMyTrip,,3462.9,INR,SUCCESS,UPI
TXN2025005197,2026-06-10T01:16:06+05:30,Airtel,Utilities,3113.22,INR,PENDING,Debit Card
TXN2025005198,2026-06-09T21:56:29Z,BigBasket,Groceries,5238.41,INR,SUCCESS,Credit Card
TXN2025005199,2025-10-03T22:05:36Z,Unacademy,Education,23327.0,INR,SUCCESS,Netbanking
TXN2025005200,2026-02-24T13:15:17+05:30,Shell,Fuel,1752.0,INR,SUCCESS,Netbanking
TXN2025005201,2026-04-27T02:57:15Z,ACT Fibernet,Utilities,1074.39,INR,SUCCESS,Debit Card
TXN2025005202,2025-10-19T18:48:47+05:30,Unacademy,Education,16489.0,INR,SUCCESS,Debit Card
TXN2025005203,2025-12-21,Ajio,Shopping,10718.2,INR,SUCCESS,Netbanking
TXN2025005204,2026-07-09,Rapido,Travel,7927.96,INR,SUCCESS,Credit Card
TXN2025005205,2026-01-01T08:48:05Z,BSES,Utilities,1484.67,INR,SUCCESS,UPI
TXN2025005206,2026-06-02T13:04:38+05:30,Rapido,Travel,7874.0,INR,SUCCESS,Netbanking
TXN2025005207,2025-12-20T15:37:07Z,Tata Power,Utilities,1370.0,INR,SUCCESS,Credit Card
TXN2025005208,2025-12-30,Zepto,Groceries,803.0,INR,SUCCESS,Credit Card
TXN2025005209,2026-02-14T06:25:04Z,Udemy,,42955.0,INR,SUCCESS,UPI
TXN2025005210,2025-10-16,Udemy,Education,39751.59,INR,SUCCESS,UPI
TXN2025005211,2026-01-13T09:00:17Z,YouTube Premium,Entertainment,1024.98,INR,SUCCESS,Credit Card
TXN2025005212,2025-10-03T19:47:36+05:30,HDFC Ergo,Insurance,12684.0,INR,SUCCESS,Debit Card
TXN2025005213,2025-11-10T13:45:54Z,Udemy,,36489.81,INR,SUCCESS,Credit Card
TXN2025005214,1752378306000,Unacademy,Education,8026.35,INR,SUCCESS,UPI
TXN2025005215,2026-02-07,Domino's,Food & Dining,322.0,INR,SUCCESS,UPI
TXN2025005216,2025-10-28T11:38:41+05:30,McDonald's,Food & Dining,166.0,INR,SUCCESS,Debit Card
TXN2025005217,1776990200000,YouTube Premium,Entertainment,331.9,INR,SUCCESS,Netbanking
TXN2025005218,09/08/2025 12:51:58,DMart,Groceries,5963.0,INR,SUCCESS,Debit Card
TXN2025005219,2026-05-02T15:02:54Z,Indian Oil,Fuel,1360.15,INR,SUCCESS,Netbanking
TXN2025005220,2025-12-30T16:17:42+05:30,Jio,Utilities,452.45,INR,SUCCESS,Netbanking
TXN2025005221,2025-12-06T14:12:57+05:30,Amazon,Shopping,9364.33,INR,SUCCESS,Netbanking
TXN2025005222,2026-04-11T16:46:44+05:30,Coursera,Education,1002.24,INR,SUCCESS,Netbanking
TXN2025005223,2026-05-20T14:57:14Z,Hotstar,Entertainment,1727.03,INR,SUCCESS,Credit Card
TXN2025005224,2026-04-03T06:57:32Z,BYJU'S,Education,34161.56,INR,SUCCESS,Debit Card
TXN2025005422,2025-11-23T09:04:30Z,Hotstar,Entertainment,955.61,INR,SUCCESS,UPI
TXN2025005226,2026-03-26T09:11:45Z,BigBasket,Groceries,4394.48,INR,SUCCESS,UPI
TXN2025005227,2026-01-09T13:05:35Z,LIC Premium,Insurance,8448.51,INR,SUCCESS,Debit Card
TXN2025005228,2026-03-22T00:22:21Z,Zomato,Food & Dining,366.13,INR,SUCCESS,Netbanking
TXN2025005229,2025-07-22T01:13:40Z,Uber,Travel,8248.0,INR,SUCCESS,UPI
TXN2025005230,2025-11-23T19:58:22Z,IRCTC,Travel,7905.9,INR,SUCCESS,Debit Card
TXN2025005231,2025-09-21T19:17:55+05:30,ACT Fibernet,Utilities,1214.84,INR,PENDING,UPI
TXN2025005232,2025-11-09T15:39:14Z,Rapido,Travel,4193.29,INR,SUCCESS,Debit Card
TXN2025005233,2025-08-19T13:25:54Z,Tata Power,Utilities,1187.0,INR,SUCCESS,Credit Card
TXN2025005234,2025-07-07,DMart,Groceries,3752.0,INR,SUCCESS,Credit Card
TXN2025005235,2026-03-08T07:38:16Z,LIC Premium,Insurance,10198.31,INR,SUCCESS,Debit Card
TXN2025005236,2026-03-29,Amazon,Shopping,9832.83,INR,SUCCESS,Netbanking
TXN2025005237,2026-01-09T23:26:56+05:30,YouTube Premium,Entertainment,878.03,INR,SUCCESS,Debit Card
TXN2025005238,2026-06-22T13:09:19Z,Flipkart,Shopping,3946.84,INR,SUCCESS,UPI
TXN2025005239,2025-11-16T00:01:22+05:30,Indian Oil,Fuel,3197.0,INR,SUCCESS,Debit Card
TXN2025005240,2025-12-10,Ola,Travel,2554.31,INR,FAILED,Debit Card
TXN2025005241,1783213977000,Shell,Fuel,3758.0,INR,SUCCESS,Debit Card
TXN2025005242,1769775799000,Cult.fit,Health,1299.0,INR,SUCCESS,Debit Card
TXN2025005243,2025-07-23T11:32:06+05:30,JioMart,Groceries,5297.9,INR,SUCCESS,Debit Card
TXN2025005244,2025-07-30T06:38:59Z,BYJU'S,Education,48854.29,INR,SUCCESS,Netbanking
TXN2025005245,2026-06-10T06:51:40Z,JioMart,Groceries,2357.73,INR,SUCCESS,Netbanking
TXN2025005246,2025-09-22T13:10:38+05:30,Tata Power,Utilities,1339.03,INR,FAILED,Credit Card
TXN2025005247,2026-04-23T00:15:42+05:30,Flipkart,Shopping,10721.0,INR,SUCCESS,UPI
TXN2025005248,2026-04-11T04:23:59Z,BPCL,Fuel,4066.11,INR,SUCCESS,Credit Card
TXN2025005249,2025-11-27T08:37:58Z,Shell,Fuel,760.0,INR,SUCCESS,Debit Card
TXN2025005250,2025-09-05T23:26:14Z,Ajio,Shopping,12768.14,INR,SUCCESS,Credit Card
TXN2025005251,2026-02-09T00:14:31+05:30,Flipkart,Shopping,12513.27,INR,SUCCESS,Credit Card
TXN2025005252,2026-04-12T09:54:30Z,Policybazaar,Insurance,34109.18,INR,SUCCESS,Credit Card
TXN2025005253,2026-06-17T02:00:30Z,McDonald's,Food & Dining,521.0,INR,SUCCESS,Debit Card
TXN2025005254,2025-12-03T17:28:21Z,Amazon,Shopping,17826.0,INR,SUCCESS,Credit Card
TXN2025005255,2025-11-16T04:00:05Z,IndiGo,Travel,937.86,INR,SUCCESS,Credit Card
TXN2025005256,2025-07-15T21:55:35Z,Starbucks,Food & Dining,862.0,INR,SUCCESS,UPI
TXN2025005257,2026-01-23T16:46:44Z,Zepto,Groceries,1991.95,INR,SUCCESS,UPI
TXN2025005258,2025-12-05T22:30:16Z,Starbucks,Food & Dining,600.98,INR,SUCCESS,Debit Card
TXN2025005259,2025-12-05,Coursera,Education,42474.0,INR,SUCCESS,Netbanking
TXN2025005260,2026-06-09T23:50:10Z,IndiGo,Travel,6793.0,INR,SUCCESS,UPI
TXN2025005261,2026-02-15T07:07:58Z,BPCL,Fuel,3467.0,INR,SUCCESS,Credit Card
TXN2025005262,2026-02-17T23:48:30Z,YouTube Premium,Entertainment,2356.02,INR,PENDING,Debit Card
TXN2025005263,1754060807000,Nykaa,Shopping,1322.0,INR,SUCCESS,UPI
TXN2025005264,2026-03-27,Zomato,Food & Dining,447.0,INR,FAILED,Netbanking
TXN2025005265,2025-07-07T11:27:43Z,Udemy,Education,-21548.29,INR,SUCCESS,Credit Card
TXN2025005266,2026-04-14T04:17:52Z,Croma,Shopping,12072.0,INR,SUCCESS,Netbanking
TXN2025005267,2026-06-25T00:38:22Z,Shell,Fuel,1065.58,INR,SUCCESS,Credit Card
TXN2025005268,1763248197000,Unacademy,Education,5519.89,INR,SUCCESS,Netbanking
TXN2025005269,2026-02-26T02:49:01+05:30,Croma,Shopping,11829.27,INR,SUCCESS,Netbanking
TXN2025005270,2025-10-14T05:48:37+05:30,Nykaa,Shopping,887.0,INR,SUCCESS,UPI
TXN2025005271,2025-09-28T05:55:58Z,HDFC Ergo,Insurance,1649.0,INR,SUCCESS,Debit Card
TXN2025005272,2026-03-01T14:50:03+05:30,ACT Fibernet,Utilities,627.0,INR,SUCCESS,UPI
TXN2025005273,1752872724000,BYJU'S,Education,11865.0,INR,SUCCESS,Netbanking
TXN2025005274,2026-04-12T05:20:46Z,BigBasket,Groceries,3485.48,INR,SUCCESS,Debit Card
TXN2025005275,1756165138000,Ola,Travel,5097.21,INR,FAILED,Debit Card
TXN2025005276,2026-04-05T07:27:36Z,Amazon,Shopping,5561.0,INR,SUCCESS,Debit Card
TXN2025005277,1778247098000,Unacademy,Education,54775.86,INR,SUCCESS,UPI
TXN2025005278,2026-07-04T01:26:19+05:30,BYJU'S,Education,51206.3,INR,SUCCESS,Netbanking
TXN2025005279,2026-01-31T07:24:34Z,Zomato,Food & Dining,748.0,INR,SUCCESS,Credit Card
TXN2025005280,2025-11-17T01:00:27Z,Uber,Travel,2506.9,INR,SUCCESS,Netbanking
TXN2025005281,1774547665000,Rapido,Travel,4170.17,INR,SUCCESS,Debit Card
TXN2025005282,2026-06-03T21:18:36Z,Domino's,Food & Dining,680.0,INR,SUCCESS,Debit Card
TXN2025005283,2025-09-18T02:08:00Z,Jio,Utilities,1494.07,INR,SUCCESS,UPI
TXN2025005284,2025-12-15T07:34:51Z,BookMyShow,Entertainment,923.02,INR,SUCCESS,Credit Card
TXN2025005285,2026-06-25T21:53:57+05:30,Indian Oil,Fuel,2735.46,INR,SUCCESS,Netbanking
TXN2025005286,1774704261000,LIC Premium,Insurance,35382.0,INR,SUCCESS,Credit Card
TXN2025005287,2025-07-21T03:31:34Z,McDonald's,Food & Dining,280.68,INR,SUCCESS,Credit Card
TXN2025005288,2025-08-04T00:26:11Z,Ajio,Shopping,15235.0,INR,SUCCESS,Credit Card
TXN2025005289,1767481248000,BPCL,Fuel,2028.76,INR,SUCCESS,Debit Card
TXN2025005290,2025-07-31,Coursera,Education,41674.51,INR,SUCCESS,UPI
TXN2025005291,2025-08-17,IRCTC,Travel,4678.0,INR,SUCCESS,Debit Card
TXN2025005292,2025-11-03,HP Petrol,Fuel,2847.45,INR,SUCCESS,Credit Card
TXN2025005293,2025-10-21T08:04:54Z,BPCL,,1173.95,INR,SUCCESS,UPI
TXN2025005294,2025-12-26T11:47:45+05:30,PharmEasy,Health,5022.0,INR,SUCCESS,UPI
TXN2025005295,2026-02-03T13:28:52Z,Spotify,Entertainment,697.63,INR,SUCCESS,Debit Card
TXN2025005296,1758524176000,Amazon,Shopping,17246.57,INR,SUCCESS,UPI
TXN2025005297,2026-03-13,Apollo Pharmacy,Health,2419.0,INR,SUCCESS,Netbanking
TXN2025005298,2026-06-01T18:01:02+05:30,ACT Fibernet,Utilities,225.83,INR,SUCCESS,Netbanking
TXN2025005299,2026-05-20T22:35:25Z,Cult.fit,Health,3771.74,INR,SUCCESS,Netbanking
TXN2025005300,2025-09-03T13:10:46Z,upGrad,Education,36684.46,INR,SUCCESS,Credit Card
TXN2025005301,2026-01-25T03:14:28Z,Croma,Shopping,9625.0,INR,SUCCESS,UPI
TXN2025005302,2025-09-20T04:45:10Z,HP Petrol,Fuel,1373.0,INR,SUCCESS,Netbanking
TXN2025005303,2026-04-09T07:13:37Z,Indian Oil,Fuel,2556.96,INR,SUCCESS,Netbanking
TXN2025005304,2026-01-11T21:02:16Z,ACT Fibernet,Utilities,3191.94,INR,SUCCESS,Netbanking
TXN2025005305,2026-01-03T00:58:32Z,BigBasket,Groceries,2146.5,INR,SUCCESS,Debit Card
TXN2025005306,2025-11-07T18:20:38Z,Apollo Pharmacy,Health,2379.36,INR,SUCCESS,UPI
TXN2025005307,2026-06-30T03:19:44+05:30,MakeMyTrip,Travel,3345.0,INR,SUCCESS,Debit Card
TXN2025005308,1771430802000,Netflix,Entertainment,1756.33,INR,SUCCESS,Credit Card
TXN2025005309,25/01/2026 17:23:17,Indian Oil,Fuel,3300.08,INR,SUCCESS,Netbanking
TXN2025005310,1774989377000,BigBasket,Groceries,795.82,INR,FAILED,Debit Card
TXN2025005311,2026-06-26T09:09:48Z,HP Petrol,Fuel,2043.09,INR,SUCCESS,Netbanking
TXN2025005312,1776413354000,Airtel,Utilities,1266.0,INR,SUCCESS,UPI
TXN2025005313,2025-11-07T17:37:08Z,Practo,Health,4388.91,INR,SUCCESS,Debit Card
TXN2025005314,2025-07-28,Practo,Health,2932.88,INR,SUCCESS,Debit Card
TXN2025005315,2026-02-23T04:56:59Z,Udemy,Education,24534.27,INR,PENDING,Netbanking
TXN2025005316,2026-04-07T09:51:35Z,HP Petrol,Fuel,2895.0,INR,SUCCESS,UPI
TXN2025005317,2026-01-12T15:04:24Z,Apollo Pharmacy,Health,6694.58,INR,SUCCESS,UPI
TXN2025005318,2025-07-15T09:19:20Z,Myntra,Shopping,7339.0,INR,SUCCESS,Debit Card
TXN2025005319,2025-09-05T18:48:02Z,Apollo Pharmacy,Health,3406.49,INR,PENDING,Credit Card
TXN2025005320,2026-05-04,Ajio,Shopping,9604.35,INR,SUCCESS,Credit Card
TXN2025005321,2026-01-03T00:40:16Z,Zepto,Groceries,4702.07,INR,SUCCESS,Netbanking
TXN2025005322,2026-04-24T08:51:40Z,BPCL,Fuel,695.28,INR,SUCCESS,Netbanking
TXN2025005323,1778301545000,Udemy,Education,38484.22,INR,SUCCESS,UPI
TXN2025005324,2026-06-19T04:12:55Z,BigBasket,Groceries,346.0,INR,SUCCESS,UPI
TXN2025005325,2025-09-24T02:50:44+05:30,McDonald's,Food & Dining,774.0,INR,SUCCESS,Credit Card
TXN2025005326,2025-12-03,Spotify,Entertainment,2017.01,INR,SUCCESS,Netbanking
TXN2025005327,2025-10-14T14:59:44Z,Flipkart,Shopping,16738.0,INR,SUCCESS,UPI
TXN2025005328,2025-11-30T09:04:05Z,Netflix,Entertainment,725.0,INR,SUCCESS,Netbanking
TXN2025005329,2026-05-17T01:13:05Z,ACT Fibernet,Utilities,3024.11,INR,SUCCESS,Credit Card
TXN2025005330,2026-04-17T19:17:28Z,ACT Fibernet,Utilities,648.91,INR,SUCCESS,Netbanking
TXN2025005331,2026-02-08T10:50:27Z,upGrad,Education,47038.0,INR,SUCCESS,UPI
TXN2025005332,2026-05-15T14:52:59Z,1mg,Health,4882.49,INR,SUCCESS,Netbanking
TXN2025005333,2025-08-29T15:19:08+05:30,Airtel,Utilities,2638.32,INR,FAILED,Debit Card
TXN2025005334,2026-06-07T07:50:15Z,HDFC Ergo,Insurance,3139.09,INR,SUCCESS,Debit Card
TXN2025005335,1779441272000,LIC Premium,Insurance,35613.57,INR,SUCCESS,Credit Card
TXN2025005336,2026-01-10T01:33:48+05:30,BPCL,Fuel,1483.0,INR,SUCCESS,Debit Card
TXN2025005337,2025-08-31T09:49:47Z,DMart,Groceries,3429.0,INR,SUCCESS,Credit Card
TXN2025005338,2025-11-21T18:25:29Z,YouTube Premium,Entertainment,759.84,INR,SUCCESS,Netbanking
TXN2025005339,2025-12-01T08:07:07Z,Udemy,Education,28647.0,INR,SUCCESS,Netbanking
TXN2025005340,2026-05-19T19:14:52+05:30,BPCL,Fuel,2938.04,INR,SUCCESS,Debit Card
TXN2025005341,2026-03-28T16:12:23+05:30,Amazon,Shopping,12110.26,INR,SUCCESS,UPI
TXN2025005342,2025-11-23T06:26:16Z,1mg,Health,3608.38,INR,FAILED,UPI
TXN2025005343,2025-10-24T20:46:45Z,Nykaa,Shopping,10456.15,INR,SUCCESS,Debit Card
TXN2025005344,2026-03-18T19:42:43Z,1mg,Health,5498.0,INR,FAILED,Netbanking
TXN2025005345,21/04/2026 21:31:10,BigBasket,Groceries,3833.0,INR,SUCCESS,Credit Card
TXN2025005346,2026-02-07T12:10:57+05:30,HP Petrol,Fuel,3622.0,INR,SUCCESS,Debit Card
TXN2025005347,2026-04-29T17:51:24Z,Airtel,Utilities,1668.31,INR,SUCCESS,UPI
TXN2025005348,1775644699000,BSES,Utilities,261.0,INR,FAILED,Debit Card
TXN2025005349,2026-05-21T04:28:26Z,Udemy,Education,43864.0,INR,SUCCESS,Credit Card
TXN2025005350,2025-08-09T07:47:51Z,Jio,Utilities,1972.24,INR,FAILED,Netbanking
TXN2025005351,2025-07-02T00:54:47+05:30,Apollo Pharmacy,Health,1346.0,INR,SUCCESS,Debit Card
TXN2025005352,05/12/2025 06:05:03,Practo,Health,6031.0,INR,SUCCESS,Credit Card
TXN2025005353,1763385849000,Zepto,Groceries,5231.0,INR,SUCCESS,Netbanking
TXN2025005354,2025-07-19T07:27:24Z,Tata Power,Utilities,612.0,INR,SUCCESS,UPI
TXN2025005355,2026-05-30T07:10:23Z,JioMart,Groceries,3967.66,INR,SUCCESS,Debit Card
TXN2025005356,1753715950000,Practo,Health,6732.0,INR,PENDING,Debit Card
TXN2025005357,2025-11-14T15:05:01Z,upGrad,Education,29973.0,INR,SUCCESS,Netbanking
TXN2025005358,2025-09-25T11:20:53Z,Indian Oil,Fuel,1847.0,INR,SUCCESS,Debit Card
TXN2025005359,2025-10-28T18:46:51Z,Udemy,Education,53185.77,INR,SUCCESS,Netbanking
TXN2025005360,2025-12-29T08:46:57Z,Shell,Fuel,1815.2,INR,SUCCESS,Debit Card
TXN2025005361,2025-11-20T04:33:52Z,Nykaa,,4546.0,INR,SUCCESS,Debit Card
TXN2025005362,2026-04-18T05:21:26+05:30,BPCL,Fuel,570.61,INR,FAILED,Debit Card
TXN2025005363,2026-01-06T05:07:02Z,ACT Fibernet,Utilities,2664.0,INR,SUCCESS,UPI
TXN2025005364,2026-05-02T19:14:17+05:30,Udemy,,23073.0,INR,SUCCESS,Debit Card
TXN2025005365,2025-12-07T05:03:11Z,Cult.fit,Health,4535.88,INR,PENDING,Credit Card
TXN2025005366,1783598640000,IRCTC,Travel,6726.64,INR,SUCCESS,Debit Card
TXN2025005367,2025-08-09T06:59:25Z,Airtel,Utilities,206.0,INR,SUCCESS,Netbanking
TXN2025005368,2026-04-04T23:03:39Z,PharmEasy,Health,6980.08,INR,SUCCESS,Debit Card
TXN2025005369,06/01/2026 23:06:47,LIC Premium,Insurance,39194.29,INR,SUCCESS,Credit Card
TXN2025005370,2025-11-02T00:28:50+05:30,Blinkit,Groceries,1009.0,INR,success,Debit Card
TXN2025005371,2026-06-30T09:01:50Z,Domino's,Food & Dining,524.0,INR,SUCCESS,Debit Card
TXN2025005372,2025-12-26T23:48:02Z,BYJU'S,Education,42395.0,INR,SUCCESS,Credit Card
TXN2025005373,2025-07-31T05:27:24+05:30,1mg,Health,5798.0,INR,FAILED,Debit Card
TXN2025005374,2025-07-16,Practo,Health,4792.96,INR,SUCCESS,UPI
TXN2025005375,2025-12-26T15:37:18+05:30,Airtel,Utilities,2674.03,INR,SUCCESS,Debit Card
TXN2025005376,1774820767000,Apollo Pharmacy,Health,379.09,INR,SUCCESS,Credit Card
TXN2025005377,02/12/2025 12:24:10,HP Petrol,Fuel,1750.4,INR,SUCCESS,Credit Card
TXN2025005378,2026-05-11,Myntra,Shopping,13574.46,INR,SUCCESS,Credit Card
TXN2025005379,2026-02-13T02:36:38Z,Coursera,Education,30682.12,INR,SUCCESS,Netbanking
TXN2025005380,2025-09-15T15:27:04Z,Hotstar,Entertainment,1740.29,INR,SUCCESS,Netbanking
TXN2025005381,16/11/2025 06:35:15,IndiGo,Travel,3438.53,INR,SUCCESS,Netbanking
TXN2025005382,2025-08-21T14:09:11+05:30,Domino's,,501.46,INR,SUCCESS,Credit Card
TXN2025005383,2025-09-28T06:45:57Z,BigBasket,Groceries,-4740.82,INR,SUCCESS,UPI
TXN2025005384,2025-10-14T10:42:07Z,Policybazaar,Insurance,8963.0,INR,SUCCESS,UPI
TXN2025005385,2025-09-03T01:37:04+05:30,1mg,Health,3356.45,INR,SUCCESS,Debit Card
TXN2025005386,2026-03-18T21:27:43Z,Practo,Health,1702.97,INR,SUCCESS,Debit Card
TXN2025005387,2025-12-08T19:11:30+05:30,BSES,Utilities,2550.48,INR,SUCCESS,UPI
TXN2025005388,15/09/2025 03:00:46,upGrad,Education,15472.89,INR,SUCCESS,UPI
TXN2025005389,2026-04-06T17:55:47Z,Coursera,Education,3782.73,INR,FAILED,Debit Card
TXN2025005390,2026-05-12T19:17:06Z,Cult.fit,Health,3143.13,INR,SUCCESS,Netbanking
TXN2025005391,2025-11-10T20:44:36Z,Zomato,Food & Dining,520.66,INR,SUCCESS,Netbanking
TXN2025005392,2026-02-15T09:47:30Z,IndiGo,Travel,8092.96,INR,SUCCESS,UPI
TXN2025005393,2026-01-19T22:03:06Z,Nykaa,Shopping,15994.18,INR,SUCCESS,Netbanking
TXN2025005394,2026-03-18T20:02:11Z,PharmEasy,Health,860.25,INR,SUCCESS,Credit Card
TXN2025005395,2025-09-03T09:22:44Z,Croma,Shopping,1683.61,INR,SUCCESS,Credit Card
TXN2025005396,1767724097000,BookMyShow,Entertainment,343.0,INR,SUCCESS,Credit Card
TXN2025005397,2025-12-01,JioMart,Groceries,4917.07,INR,SUCCESS,Debit Card
TXN2025005398,2025-10-14T17:37:52Z,Airtel,Utilities,3380.41,INR,SUCCESS,Debit Card
TXN2025005399,2026-05-14T19:52:22Z,upGrad,Education,12596.8,INR,FAILED,Debit Card
TXN2025005400,2025-08-07,Blinkit,Groceries,5569.0,INR,SUCCESS,Debit Card
TXN2025005401,2025-09-11T20:22:28+05:30,Amazon,Shopping,4124.08,INR,SUCCESS,UPI
TXN2025005402,1769850945000,Unacademy,Education,19258.0,INR,SUCCESS,UPI
TXN2025005403,05/07/2026 10:00:35,upGrad,Education,33027.64,INR,SUCCESS,Netbanking
TXN2025005404,2026-04-29T03:31:30Z,Indian Oil,Fuel,-1703.0,INR,SUCCESS,Netbanking
TXN2025005405,2025-09-03T03:59:04Z,Amazon,Shopping,4942.01,INR,SUCCESS,UPI
TXN2025005406,2025-10-03T02:48:34Z,Rapido,Travel,6024.0,INR,SUCCESS,Debit Card
TXN2025005407,2025-12-19T18:46:31Z,Starbucks,Food & Dining,821.0,INR,SUCCESS,Credit Card
TXN2025005408,2026-01-04,BookMyShow,Entertainment,175.0,INR,SUCCESS,Netbanking
TXN2025005409,2026-04-11T09:39:59+05:30,Blinkit,Groceries,2971.66,INR,FAILED,UPI
TXN2025005410,2025-08-12T02:25:47+05:30,YouTube Premium,Entertainment,1703.95,INR,SUCCESS,Credit Card
TXN2025005411,2025-11-22T16:45:26Z,Tata Power,Utilities,1444.81,INR,SUCCESS,Netbanking
TXN2025005412,1753512069000,YouTube Premium,Entertainment,1687.04,INR,SUCCESS,Netbanking
TXN2025005413,2025-07-17T00:04:22Z,Uber,Travel,8634.46,INR,SUCCESS,Netbanking
TXN2025005414,2026-01-11T08:11:40Z,BPCL,Fuel,697.0,INR,SUCCESS,Credit Card
TXN2025005415,2025-09-01T14:54:50Z,Domino's,Food & Dining,296.43,INR,SUCCESS,Debit Card
TXN2025005416,2026-02-24T12:27:44Z,Udemy,Education,18738.68,INR,SUCCESS,Netbanking
TXN2025005417,2025-12-03T14:40:56Z,Zepto,Groceries,922.37,INR,SUCCESS,Debit Card
TXN2025005418,22/02/2026 14:23:55,BYJU'S,Education,-49935.1,INR,SUCCESS,UPI
TXN2025005419,2026-05-06T18:12:18+05:30,BookMyShow,Entertainment,1993.0,INR,SUCCESS,UPI
TXN2025005420,2026-03-08T07:56:51Z,Apollo Pharmacy,Health,5077.33,INR,SUCCESS,Credit Card
TXN2025005421,14/08/2025 11:08:56,Zepto,Groceries,1044.92,INR,SUCCESS,Netbanking
TXN2025005422,2026-04-13T03:30:01Z,Unacademy,Education,3865.39,INR,SUCCESS,UPI
TXN2025005423,2026-02-10T20:33:02Z,Ola,Travel,3694.53,INR,SUCCESS,Netbanking
TXN2025005424,2026-07-08T21:06:39Z,Swiggy,Food & Dining,480.0,INR,SUCCESS,Credit Card
TXN2025005425,2025-12-02,McDonald's,Food & Dining,586.72,INR,SUCCESS,Credit Card
TXN2025005426,2025-07-02T02:37:51Z,JioMart,Groceries,5729.82,INR,SUCCESS,Credit Card
TXN2025005427,2026-04-20T15:44:47Z,Myntra,Shopping,7823.78,INR,SUCCESS,Netbanking
TXN2025005428,1756058318000,Spotify,Entertainment,2012.56,INR,SUCCESS,Credit Card
TXN2025005429,2025-09-28,Ola,Travel,6999.78,INR,SUCCESS,Debit Card
TXN2025005430,2025-08-01T21:09:37Z,Ola,Travel,6205.5,INR,SUCCESS,Netbanking
TXN2025005431,2025-11-04T11:34:12Z,Spotify,Entertainment,1203.74,INR,SUCCESS,Netbanking
TXN2025005432,2026-02-08T15:43:49Z,Zepto,Groceries,2227.0,INR,SUCCESS,Debit Card
TXN2025005433,2025-08-01T10:01:05Z,Myntra,Shopping,808.0,INR,SUCCESS,UPI
TXN2025005434,2025-10-03T17:48:37Z,Policybazaar,Insurance,4904.44,INR,SUCCESS,UPI
TXN2025005435,2026-03-04T12:38:03+05:30,Apollo Pharmacy,Health,2413.37,INR,SUCCESS,Netbanking
TXN2025005436,2025-11-09,Apollo Pharmacy,Health,4110.59,INR,SUCCESS,Netbanking
TXN2025005437,2026-05-29T20:00:29+05:30,Flipkart,Shopping,9047.6,INR,SUCCESS,UPI
TXN2025005438,2025-12-23T06:31:29Z,Ola,Travel,487.39,INR,SUCCESS,Debit Card
TXN2025005439,2026-03-29T02:21:44Z,McDonald's,Food & Dining,221.06,INR,SUCCESS,UPI
TXN2025005440,2026-01-26T19:46:46Z,JioMart,Groceries,831.37,INR,SUCCESS,Debit Card
TXN2025005441,2025-10-09T07:19:16Z,IRCTC,Travel,2303.8,INR,SUCCESS,Netbanking
TXN2025005442,02/06/2026 04:37:25,Policybazaar,Insurance,33560.04,INR,SUCCESS,Netbanking
TXN2025005443,2025-10-29T05:26:17Z,Starbucks,Food & Dining,742350.0,INR,SUCCESS,Netbanking
TXN2025005444,2026-05-24T01:34:44Z,Unacademy,Education,35290.84,INR,SUCCESS,Netbanking
TXN2025005445,2025-09-07T12:41:54Z,Policybazaar,Insurance,10598.0,INR,SUCCESS,Netbanking
TXN2025005446,2025-11-07,HDFC Ergo,Insurance,33405.61,INR,SUCCESS,Netbanking
TXN2025005447,2026-04-29T11:47:42Z,Rapido,Travel,8951.0,INR,SUCCESS,Debit Card
TXN2025005448,1752757388000,Shell,Fuel,1623.62,INR,SUCCESS,Debit Card
TXN2025005449,2026-05-08T05:36:53Z,upGrad,Education,48155.15,INR,SUCCESS,UPI
TXN2025005450,2025-07-08T08:34:02Z,Shell,Fuel,870.0,INR,SUCCESS,Debit Card
TXN2025005451,2026-04-29T17:00:18+05:30,Croma,Shopping,8886.4,INR,SUCCESS,Debit Card
TXN2025005452,2026-01-02T03:26:08Z,PharmEasy,Health,5069.0,INR,SUCCESS,UPI
TXN2025005453,2026-02-09T17:55:26+05:30,Flipkart,Shopping,2247.42,INR,SUCCESS,Netbanking
TXN2025005454,2026-03-19,Zepto,Groceries,5322.34,INR,SUCCESS,Debit Card
TXN2025005455,2026-02-05T12:44:20+05:30,YouTube Premium,Entertainment,951.0,INR,SUCCESS,Credit Card
TXN2025005456,2025-10-23T23:19:24+05:30,Croma,Shopping,7187.63,INR,SUCCESS,Debit Card
TXN2025005457,2026-04-21T05:32:45Z,BigBasket,Groceries,5676.66,INR,SUCCESS,UPI
TXN2025005458,2025-11-25T15:57:33+05:30,1mg,,3626.17,INR,SUCCESS,Debit Card
TXN2025005459,25/11/2025 04:07:36,HDFC Ergo,Insurance,17549.2,INR,SUCCESS,Credit Card
TXN2025005460,2025-09-23T20:25:02+05:30,Udemy,Education,39762.47,INR,SUCCESS,Credit Card
TXN2025005461,2026-02-28,YouTube Premium,Entertainment,1986.98,INR,FAILED,Netbanking
TXN2025005462,2025-11-23T11:23:14+05:30,Airtel,Utilities,3138.22,INR,SUCCESS,UPI
TXN2025005463,2026-06-12T14:36:35Z,Policybazaar,Insurance,26688.8,INR,SUCCESS,Credit Card
TXN2025005464,2025-09-10,BookMyShow,Entertainment,672.85,INR,SUCCESS,Netbanking
TXN2025005465,2026-07-03T12:38:40+05:30,McDonald's,Food & Dining,642.0,INR,FAILED,Credit Card
TXN2025005466,2025-12-10T15:59:31Z,Netflix,Entertainment,438.65,INR,SUCCESS,Credit Card
TXN2025005467,1783749825000,Coursera,Education,43820.38,INR,SUCCESS,Credit Card
TXN2025005468,2026-03-23,Blinkit,Groceries,1449.0,INR,SUCCESS,Credit Card
TXN2025005469,2026-02-14T15:58:53Z,Starbucks,Food & Dining,734.0,INR,SUCCESS,Debit Card
TXN2025005470,13/05/2026 06:42:53,BigBasket,Groceries,2460.79,INR,SUCCESS,UPI
TXN2025005471,2026-04-01T14:54:33Z,BookMyShow,Entertainment,1479.66,INR,FAILED,UPI
TXN2025005472,2025-09-12T20:13:29Z,Hotstar,Entertainment,1587.75,INR,SUCCESS,Netbanking
TXN2025005473,1756025107000,Shell,Fuel,4019.0,INR,SUCCESS,Debit Card
TXN2025005474,04/01/2026 08:14:23,Amazon,Shopping,2759.0,INR,SUCCESS,UPI
TXN2025005475,2025-10-11T15:33:25Z,Domino's,Food & Dining,732.67,INR,SUCCESS,Debit Card
TXN2025005476,2025-11-10T01:31:12Z,Blinkit,Groceries,3330.74,INR,SUCCESS,UPI
TXN2025005477,2026-04-23T23:13:43+05:30,Myntra,Shopping,17326.59,INR,SUCCESS,UPI
TXN2025005478,2025-10-29T13:23:59Z,Rapido,Travel,1667.12,INR,PENDING,UPI
TXN2025005479,2026-04-21T23:26:58Z,DMart,Groceries,1711.21,INR,SUCCESS,Credit Card
TXN2025005480,2026-02-02T03:20:08Z,Spotify,Entertainment,931.0,INR,SUCCESS,Netbanking
TXN2025005481,2025-07-17T02:22:16Z,Shell,Fuel,2087.55,INR,SUCCESS,Credit Card
TXN2025005482,2026-06-22T03:33:18+05:30,Croma,Shopping,2509.36,INR,SUCCESS,UPI
TXN2025003106,2025-11-04T14:48:21+05:30,Amazon,Shopping,11318.28,INR,SUCCESS,Netbanking
TXN2025005484,2026-04-28T05:54:58+05:30,YouTube Premium,Entertainment,2317.81,INR,FAILED,Credit Card
TXN2025005485,2026-04-28T15:42:22+05:30,Shell,Fuel,3744.44,INR,SUCCESS,Credit Card
TXN2025005486,2026-03-29T11:52:36Z,HP Petrol,Fuel,2488.25,INR,FAILED,Debit Card
TXN2025005487,2026-05-06T08:58:32Z,Croma,Shopping,14568.24,INR,SUCCESS,Credit Card
TXN2025005488,2026-03-16T20:32:16+05:30,Apollo Pharmacy,Health,5749.42,INR,SUCCESS,Netbanking
TXN2025005489,2025-09-29T19:46:37Z,Zepto,Groceries,2012.38,INR,SUCCESS,Credit Card
TXN2025005490,2025-07-02T12:20:28Z,Shell,Fuel,2726.0,INR,SUCCESS,Debit Card
TXN2025005491,2026-01-06T03:53:50Z,Amazon,Shopping,12732.0,INR,SUCCESS,Debit Card
TXN2025005492,27/08/2025 03:26:24,Unacademy,Education,5280.63,INR,SUCCESS,Credit Card
TXN2025005493,01/08/2025 22:48:11,LIC Premium,Insurance,28577.37,INR,FAILED,Netbanking
TXN2025005494,2025-07-26T17:20:15Z,Spotify,Entertainment,848.56,INR,PENDING,Debit Card
TXN2025005495,01/06/2026 21:20:37,HP Petrol,Fuel,2493.0,INR,SUCCESS,UPI
TXN2025005496,2025-12-08T23:04:08Z,Starbucks,Food & Dining,797.0,INR,PENDING,Netbanking
TXN2025005497,2025-08-07T16:53:56Z,DMart,Groceries,4006.0,INR,SUCCESS,Credit Card
TXN2025005498,2025-10-06T23:20:52Z,Hotstar,Entertainment,1749.9,INR,SUCCESS,Credit Card
TXN2025005499,2025-07-22T12:23:08+05:30,Starbucks,Food & Dining,299.25,INR,SUCCESS,Debit Card
TXN2025005500,2026-05-09T09:43:52Z,Blinkit,Groceries,4489.18,INR,FAILED,Credit Card
TXN2025005501,2026-07-05T20:31:09+05:30,Swiggy,Food & Dining,566.83,INR,SUCCESS,Credit Card
TXN2025005502,24/01/2026 17:42:37,IndiGo,Travel,6261.0,INR,SUCCESS,UPI
TXN2025005503,2025-10-09T14:17:38Z,Jio,Utilities,361.0,INR,SUCCESS,Netbanking
TXN2025005504,2026-01-05T07:00:12Z,1mg,Health,1201.0,INR,SUCCESS,Debit Card
TXN2025005505,2026-03-31T01:24:39Z,HDFC Ergo,Insurance,27050.0,INR,FAILED,Netbanking
TXN2025005506,2025-08-11T11:59:00+05:30,Swiggy,Food & Dining,194.0,INR,SUCCESS,Netbanking
TXN2025005507,04/01/2026 17:29:46,ACT Fibernet,Utilities,2210.7,INR,SUCCESS,Credit Card
TXN2025005508,2026-02-07T16:52:04Z,Zomato,Food & Dining,601.59,INR,PENDING,UPI
TXN2025005509,08/04/2026 02:30:55,Myntra,Shopping,15324.0,INR,SUCCESS,Debit Card
TXN2025005510,2026-07-12T12:41:14+05:30,Ajio,Shopping,4555.55,INR,SUCCESS,Netbanking
TXN2025005511,2026-05-27T06:21:49Z,Swiggy,Food & Dining,768.45,INR,SUCCESS,Netbanking
TXN2025005512,2026-06-18T23:34:20Z,PharmEasy,Health,2482.0,INR,FAILED,Debit Card
TXN2025005513,2025-11-22T05:21:45Z,Shell,Fuel,4358.67,INR,SUCCESS,UPI
TXN2025005514,1771587089000,McDonald's,Food & Dining,454.0,INR,SUCCESS,Netbanking
TXN2025005515,2025-07-08T12:47:44+05:30,Amazon,Shopping,5334.0,INR,SUCCESS,Debit Card
TXN2025005516,2026-05-04T05:49:53Z,Tata Power,Utilities,1198.92,INR,PENDING,Credit Card
TXN2025005517,2025-10-01T12:24:25+05:30,Zepto,Groceries,3499.34,INR,SUCCESS,Netbanking
TXN2025005518,2025-07-31T23:07:22+05:30,Croma,Shopping,7153.0,INR,SUCCESS,Credit Card
TXN2025005519,2026-02-09T08:21:53+05:30,upGrad,Education,4783.0,INR,SUCCESS,Netbanking
TXN2025005520,2026-04-02T01:38:54+05:30,IndiGo,Travel,6885.58,INR,SUCCESS,Netbanking
TXN2025005521,1757726134000,Croma,Shopping,15914.0,INR,SUCCESS,Debit Card
TXN2025005522,1761518835000,Ola,Travel,5741.0,INR,SUCCESS,Netbanking
TXN2025005523,2026-06-02T11:36:54Z,HP Petrol,Fuel,2481.63,INR,SUCCESS,Debit Card
TXN2025005524,19/04/2026 07:31:01,BSES,Utilities,564.05,INR,SUCCESS,Debit Card
TXN2025005525,2026-03-09T06:28:16Z,MakeMyTrip,Travel,8070.08,INR,SUCCESS,Credit Card
TXN2025005526,2026-05-09T19:43:01Z,Practo,Health,6423.0,INR,SUCCESS,Debit Card
TXN2025005527,2025-08-18T10:56:59Z,Shell,Fuel,3089.1,INR,SUCCESS,Netbanking
TXN2025005528,2026-03-01T01:45:22Z,PharmEasy,Health,6069.39,INR,SUCCESS,UPI
TXN2025005529,10/12/2025 16:53:56,Apollo Pharmacy,Health,2116.5,INR,SUCCESS,Debit Card
TXN2025005530,2025-10-20T14:42:15Z,BSES,Utilities,952.58,INR,SUCCESS,Netbanking
TXN2025005531,2026-05-20T09:19:11Z,BookMyShow,Entertainment,1781.82,INR,SUCCESS,Credit Card
TXN2025005532,2025-07-13T14:34:33Z,Spotify,Entertainment,764.0,INR,SUCCESS,Netbanking
TXN2025005533,02/08/2025 19:51:48,1mg,Health,1731.86,INR,FAILED,Debit Card
TXN2025005534,2026-03-21T09:05:38Z,Cult.fit,Health,6825.62,INR,SUCCESS,Credit Card
TXN2025005535,2025-08-14,Tata Power,Utilities,997.7,INR,SUCCESS,Netbanking
TXN2025005536,2026-06-19T17:45:41Z,Uber,Travel,7412.41,INR,SUCCESS,Debit Card
TXN2025005537,2026-02-07T17:59:31Z,ACT Fibernet,Utilities,3368.0,INR,FAILED,UPI
TXN2025005538,1782124802000,Cult.fit,Health,600.0,INR,SUCCESS,Credit Card
TXN2025005539,2026-04-12T23:28:52Z,IRCTC,Travel,8814.24,INR,SUCCESS,Netbanking
TXN2025005540,2026-03-05T07:13:57Z,Zepto,Groceries,1232.43,INR,SUCCESS,Debit Card
TXN2025005541,2026-03-27T08:15:26+05:30,Practo,Health,3008.21,INR,SUCCESS,Netbanking
TXN2025005542,2026-02-16T21:29:58Z,Amazon,Shopping,17698.0,INR,SUCCESS,Credit Card
TXN2025005543,2026-04-14T20:08:49Z,Croma,Shopping,7962.03,INR,SUCCESS,Netbanking
TXN2025005544,2025-07-04T21:16:42Z,LIC Premium,Insurance,31505.84,INR,SUCCESS,Credit Card
TXN2025005545,15/07/2025 17:35:07,Nykaa,Shopping,11030.0,INR,SUCCESS,UPI
TXN2025005546,1753574925000,Jio,Utilities,1192.03,INR,SUCCESS,Debit Card
TXN2025005547,2025-10-05,Zepto,Groceries,1130.2,INR,PENDING,Debit Card
TXN2025005548,2026-04-04T05:10:38Z,DMart,Groceries,1780.9,INR,SUCCESS,Credit Card
TXN2025005549,1767840781000,Udemy,Education,-14422.8,INR,SUCCESS,Credit Card
TXN2025005550,2025-12-16T02:37:17+05:30,LIC Premium,Insurance,28655.0,INR,SUCCESS,Debit Card
TXN2025005551,2025-09-15T01:34:25Z,BigBasket,Groceries,5692.0,INR,SUCCESS,Credit Card
TXN2025005552,2025-10-16T09:58:23Z,Unacademy,Education,-32026.28,INR,SUCCESS,Credit Card
TXN2025005553,10/09/2025 03:46:40,HDFC Ergo,Insurance,31448.1,INR,SUCCESS,Debit Card
TXN2025005554,2025-09-25T03:43:02Z,Uber,Travel,4717.78,INR,PENDING,Netbanking
TXN2025005555,2026-01-15T04:49:04Z,Ola,Travel,2383.46,INR,FAILED,Credit Card
TXN2025005556,2025-10-16T10:30:36Z,IndiGo,Travel,373.31,INR,SUCCESS,Credit Card
TXN2025005557,2025-07-20T08:56:53Z,Cult.fit,Health,6302.3,INR,SUCCESS,Credit Card
TXN2025005558,2025-08-29T00:09:18Z,Jio,Utilities,1223.75,INR,SUCCESS,Netbanking
TXN2025005559,2025-11-23T03:18:19Z,Rapido,Travel,390.42,INR,SUCCESS,Netbanking
TXN2025005560,2025-07-18T04:16:29Z,Croma,Shopping,1320.0,INR,SUCCESS,UPI
TXN2025005561,2025-08-21T01:28:20Z,Hotstar,Entertainment,262.0,INR,SUCCESS,UPI
TXN2025005562,2026-07-03T15:08:10Z,Zomato,Food & Dining,500.0,INR,SUCCESS,Debit Card
TXN2025005563,2026-02-14T00:48:26Z,Shell,Fuel,3936.0,INR,SUCCESS,UPI
TXN2025005564,14/05/2026 14:37:54,BigBasket,Groceries,1165.75,INR,SUCCESS,Debit Card
TXN2025005565,1771230515000,JioMart,Groceries,2541.0,INR,SUCCESS,Credit Card
TXN2025005566,2025-08-20T21:03:45Z,Spotify,Entertainment,2060.39,INR,SUCCESS,Credit Card
TXN2025005567,2026-01-05,Indian Oil,Fuel,3703.0,INR,SUCCESS,UPI
TXN2025005568,2026-07-15,PharmEasy,Health,774.0,INR,FAILED,Debit Card
TXN2025005569,10/04/2026 04:52:43,Zomato,Food & Dining,392.45,INR,SUCCESS,Debit Card
TXN2025005570,2026-07-14T01:49:50Z,Practo,Health,6732.84,INR,PENDING,Netbanking
TXN2025005571,2026-04-20T13:07:45Z,Myntra,Shopping,6230.65,INR,PENDING,Debit Card
TXN2025005572,2025-11-30T08:47:53+05:30,ACT Fibernet,Utilities,3333.0,INR,SUCCESS,Credit Card
TXN2025005573,2025-08-20T19:48:16Z,Uber,Travel,8637.37,INR,SUCCESS,Netbanking
TXN2025005574,2025-08-16,IndiGo,Travel,353.55,INR,SUCCESS,Netbanking
TXN2025005575,2026-03-18T01:15:44+05:30,Ajio,Shopping,15270.0,INR,SUCCESS,Debit Card
TXN2025005576,2025-07-04,BYJU'S,Education,24358.0,INR,SUCCESS,UPI
TXN2025005577,2025-07-16T21:38:21Z,Tata Power,Utilities,1638.0,INR,SUCCESS,Credit Card
TXN2025005578,2025-11-27T16:18:10+05:30,Starbucks,Food & Dining,365.23,INR,SUCCESS,Debit Card
TXN2025005579,2025-12-26T15:24:31Z,Coursera,Education,36214.73,INR,SUCCESS,Debit Card
TXN2025005580,2025-12-11T20:05:45Z,Ola,Travel,6235.38,INR,SUCCESS,UPI
TXN2025005581,2025-07-17T21:50:01Z,HDFC Ergo,Insurance,30970.0,INR,SUCCESS,Debit Card
TXN2025005582,2026-05-26T17:09:05Z,Policybazaar,Insurance,30540.95,INR,SUCCESS,Credit Card
TXN2025005583,2026-01-20T16:10:54+05:30,1mg,Health,1169.28,INR,SUCCESS,UPI
TXN2025005584,2026-05-07T04:02:15Z,Shell,Fuel,2875.0,INR,PENDING,UPI
TXN2025005585,2025-08-13T23:57:14Z,BookMyShow,Entertainment,2354.87,INR,SUCCESS,Netbanking
TXN2025005586,21/01/2026 20:07:04,BYJU'S,Education,29925.0,INR,SUCCESS,Debit Card
TXN2025005587,1763069610000,YouTube Premium,Entertainment,2337.0,INR,SUCCESS,UPI
TXN2025005588,2025-12-03,Coursera,Education,32925.0,INR,SUCCESS,Credit Card
TXN2025005589,2025-07-05T16:08:30+05:30,BookMyShow,Entertainment,1274.27,INR,SUCCESS,Credit Card
TXN2025005590,1775601690000,BYJU'S,Education,27366.35,INR,SUCCESS,UPI
TXN2025005591,2025-12-21T12:50:12Z,Unacademy,Education,37112.95,INR,PENDING,Credit Card
TXN2025005592,2025-07-07T21:22:23+05:30,Tata Power,Utilities,895.57,INR,SUCCESS,Credit Card
TXN2025005593,2026-07-08T14:30:39+05:30,LIC Premium,Insurance,29390.56,INR,SUCCESS,Credit Card
TXN2025005594,2026-07-05T20:04:45+05:30,Starbucks,Food & Dining,719.54,INR,SUCCESS,Debit Card
TXN2025005595,1760839524000,Flipkart,Shopping,11673.0,INR,SUCCESS,Credit Card
TXN2025005596,2025-11-28T12:01:29+05:30,YouTube Premium,Entertainment,1233.0,INR,SUCCESS,Debit Card
TXN2025005597,2026-01-21T14:38:46+05:30,Apollo Pharmacy,Health,391.93,INR,SUCCESS,Netbanking
TXN2025005598,2025-11-09,Airtel,Utilities,1429.49,INR,SUCCESS,Netbanking
TXN2025005599,2025-12-15T04:42:41Z,Flipkart,Shopping,1832.0,INR,SUCCESS,Debit Card
TXN2025005600,2025-12-03T23:00:09Z,Coursera,Education,33811.09,INR,SUCCESS,Debit Card
TXN2025005601,1752946143000,IndiGo,Travel,8349.0,INR,SUCCESS,Netbanking
TXN2025005602,2026-04-06T07:08:30Z,IRCTC,Travel,5379.0,INR,SUCCESS,Credit Card
TXN2025005603,2025-12-14T04:37:00Z,Netflix,Entertainment,1393.28,INR,SUCCESS,Credit Card
TXN2025005604,2026-01-04T00:05:59Z,IndiGo,Travel,6980.67,INR,SUCCESS,UPI
TXN2025005605,2026-03-25T00:05:02+05:30,Unacademy,Education,11802.6,INR,SUCCESS,Netbanking
TXN2025005606,2025-12-09T04:57:01Z,Flipkart,Shopping,10797.0,INR,SUCCESS,Debit Card
TXN2025005607,2025-07-05T16:04:57Z,Blinkit,Groceries,3420.78,INR,SUCCESS,Credit Card
TXN2025005608,2025-11-23T09:16:24Z,Rapido,Travel,6050.0,INR,PENDING,Debit Card
TXN2025005609,2025-11-10T15:07:02Z,DMart,Groceries,435.0,INR,SUCCESS,UPI
TXN2025005610,2026-03-16T13:46:48+05:30,Indian Oil,Fuel,4474.11,INR,SUCCESS,Credit Card
TXN2025005611,2025-12-25T17:40:39Z,Apollo Pharmacy,Health,5949.46,INR,SUCCESS,Netbanking
TXN2025005612,2025-09-22T02:17:55Z,Ajio,Shopping,5818.0,INR,SUCCESS,Credit Card
TXN2025005613,2026-03-18T11:00:28Z,Blinkit,Groceries,1717.0,INR,SUCCESS,UPI
TXN2025005614,2025-10-30T06:40:20Z,Zomato,Food & Dining,572.0,INR,SUCCESS,Debit Card
TXN2025005615,07/01/2026 23:08:58,Practo,Health,6567.34,INR,SUCCESS,Debit Card
TXN2025005616,1783579977000,Flipkart,Shopping,8075.1,INR,SUCCESS,Netbanking
TXN2025005617,2025-11-28T06:07:50Z,DMart,Groceries,5945.11,INR,SUCCESS,Netbanking
TXN2025005618,2026-02-20T23:25:53Z,upGrad,Education,11510.0,INR,PENDING,Credit Card
TXN2025005619,1762290779000,Nykaa,Shopping,6294.94,INR,SUCCESS,Netbanking
TXN2025005620,2025-07-15T06:40:25Z,Starbucks,Food & Dining,123.0,INR,SUCCESS,Credit Card
TXN2025005621,2025-12-29T18:59:14+05:30,Blinkit,Groceries,522.03,INR,FAILED,UPI
TXN2025005622,2026-01-18T10:14:04+05:30,Uber,Travel,3362.95,INR,SUCCESS,UPI
TXN2025005623,2026-03-02T01:30:58Z,Rapido,Travel,1100.14,INR,SUCCESS,UPI
TXN2025005624,17/07/2025 20:55:56,JioMart,Groceries,695.86,INR,SUCCESS,UPI
TXN2025005625,2026-01-21T17:54:04+05:30,Uber,Travel,2114.0,INR,SUCCESS,Debit Card
TXN2025005626,2026-02-12T16:30:29+05:30,BigBasket,Groceries,3069.71,INR,SUCCESS,Netbanking
TXN2025005627,2025-12-31T17:06:04Z,Ola,Travel,3863.0,INR,FAILED,Debit Card
TXN2025005628,2025-10-18T05:30:56Z,BPCL,Fuel,3741.25,INR,SUCCESS,Debit Card
TXN2025005629,2026-07-15T05:33:18Z,Nykaa,Shopping,611.0,INR,SUCCESS,Credit Card
TXN2025005630,13/09/2025 07:54:38,Rapido,Travel,4922.88,INR,SUCCESS,UPI
TXN2025005631,2025-07-30T14:24:56Z,IndiGo,Travel,7841.0,INR,SUCCESS,Debit Card
TXN2025005632,2026-05-21T06:36:42Z,Domino's,Food & Dining,296.0,INR,SUCCESS,UPI
TXN2025005633,1772491060000,upGrad,Education,9234.13,INR,SUCCESS,UPI
TXN2025005634,05/10/2025 12:31:37,Rapido,Travel,7134.28,INR,SUCCESS,Netbanking
TXN2025005635,2025-12-24T03:57:05Z,Swiggy,Food & Dining,418.0,INR,SUCCESS,UPI
TXN2025005636,2026-02-24T20:40:03Z,Flipkart,Shopping,14727.38,INR,PENDING,Debit Card
TXN2025005637,2025-08-25T07:29:32Z,BookMyShow,,2397.53,INR,SUCCESS,Netbanking
TXN2025005638,2025-09-20T21:03:43Z,YouTube Premium,Entertainment,1466.03,INR,SUCCESS,UPI
TXN2025005639,2025-08-05T23:31:33Z,Domino's,Food & Dining,291.0,INR,SUCCESS,UPI
TXN2025005640,2026-05-29T00:12:09+05:30,HP Petrol,Fuel,914.58,INR,SUCCESS,UPI
TXN2025005641,2026-06-23T16:42:45Z,Zepto,Groceries,355.33,INR,SUCCESS,Credit Card
TXN2025005642,1780630555000,Croma,Shopping,5907.0,INR,SUCCESS,UPI
TXN2025005643,2025-11-18T00:44:27Z,Zepto,Groceries,2077.0,INR,SUCCESS,UPI
TXN2025005644,2026-05-10T01:13:45Z,Apollo Pharmacy,Health,5252.16,INR,SUCCESS,Netbanking
TXN2025005645,2025-12-26T04:03:30+05:30,Flipkart,Shopping,5572.85,INR,FAILED,Credit Card
TXN2025005646,2026-05-11T01:56:54Z,McDonald's,Food & Dining,136.0,INR,SUCCESS,Netbanking
TXN2025005647,2026-04-23T16:48:48Z,BigBasket,Groceries,2093.0,INR,SUCCESS,Netbanking
TXN2025005648,2025-10-13T03:50:03Z,DMart,Groceries,4069.94,INR,SUCCESS,Netbanking
TXN2025005649,2026-05-30T03:45:17+05:30,LIC Premium,Insurance,11807.0,INR,SUCCESS,Debit Card
TXN2025005650,2026-06-23T17:20:27+05:30,Rapido,Travel,5640.48,INR,SUCCESS,Netbanking
TXN2025005651,2026-02-22T01:44:42Z,Swiggy,Food & Dining,591.0,INR,SUCCESS,Credit Card
TXN2025005652,2025-10-20T23:31:40Z,Hotstar,Entertainment,1907.06,INR,SUCCESS,Credit Card
TXN2025005653,2025-07-02T10:38:38Z,Cult.fit,Health,2920.0,INR,SUCCESS,UPI
TXN2025005654,2025-12-22T21:22:53Z,MakeMyTrip,Travel,1676.9,INR,SUCCESS,Credit Card
TXN2025005655,2025-11-13T00:38:23+05:30,McDonald's,Food & Dining,668.2,INR,SUCCESS,Netbanking
TXN2025005656,2025-08-01T07:28:16Z,IndiGo,Travel,970.78,INR,FAILED,Netbanking
TXN2025005657,2025-08-06T12:25:57Z,Udemy,Education,18942.85,INR,SUCCESS,Debit Card
TXN2025005658,2025-10-20T20:38:14Z,MakeMyTrip,Travel,3686.25,INR,SUCCESS,UPI
TXN2025005659,2025-12-03T08:19:24+05:30,BigBasket,Groceries,2812.63,INR,SUCCESS,Debit Card
TXN2025005660,2026-02-12T18:08:21+05:30,BPCL,Fuel,2014.28,INR,SUCCESS,Debit Card
TXN2025005661,1751714780000,Indian Oil,Fuel,1509.0,INR,SUCCESS,Credit Card
TXN2025005662,2025-07-21T19:11:22+05:30,Hotstar,Entertainment,2048.0,INR,SUCCESS,Netbanking
TXN2025005663,2026-07-04,Swiggy,Food & Dining,707.72,INR,PENDING,Credit Card
TXN2025005664,1761708138000,Udemy,Education,26944.94,INR,PENDING,Credit Card
TXN2025005665,2025-12-20T11:47:21+05:30,Ola,Travel,7379.68,INR,SUCCESS,UPI
TXN2025005666,2025-08-11T09:44:35+05:30,Myntra,Shopping,16792.0,INR,SUCCESS,Netbanking
TXN2025005667,2025-07-09T22:42:38Z,Starbucks,Food & Dining,894.0,INR,SUCCESS,UPI
TXN2025005668,2026-07-13T03:45:43Z,BigBasket,Groceries,1933.0,INR,SUCCESS,Debit Card
TXN2025005669,2025-09-29T00:16:18Z,PharmEasy,Health,3046.0,INR,PENDING,Debit Card
TXN2025005670,2026-03-30T03:21:59Z,Coursera,Education,31490.37,INR,SUCCESS,Debit Card
TXN2025005671,2026-01-03,Croma,Shopping,4388.53,INR,SUCCESS,UPI
TXN2025005672,2026-06-17T23:09:18Z,IRCTC,Travel,6596.66,INR,SUCCESS,UPI
TXN2025005673,2026-02-12T10:06:42Z,Zepto,Groceries,3817.98,INR,SUCCESS,Netbanking
TXN2025005674,2026-04-06T03:14:36Z,Cult.fit,Health,2918.0,INR,SUCCESS,UPI
TXN2025005675,2025-12-25T00:06:08Z,HDFC Ergo,Insurance,25116.81,INR,SUCCESS,UPI
TXN2025005676,2025-10-26,Tata Power,Utilities,914.3,INR,SUCCESS,Netbanking
TXN2025005677,09/01/2026 08:37:23,upGrad,Education,50304.0,INR,SUCCESS,Credit Card
TXN2025005678,2026-05-16T06:27:48Z,Ola,Travel,7176.46,INR,SUCCESS,Netbanking
TXN2025005679,2026-02-27T05:28:55Z,JioMart,Groceries,5827.0,INR,SUCCESS,Netbanking
TXN2025005680,2026-03-15T13:23:28Z,Coursera,Education,44851.6,INR,SUCCESS,Debit Card
TXN2025005681,2025-10-02T12:45:13Z,upGrad,Education,5224.09,INR,SUCCESS,Credit Card
TXN2025005682,2026-02-22T06:24:01Z,Myntra,Shopping,16138.74,INR,FAILED,Netbanking
TXN2025005683,1770072343000,Domino's,Food & Dining,455.73,INR,SUCCESS,UPI
TXN2025005684,1766827377000,BSES,Utilities,3079.95,INR,SUCCESS,Credit Card
TXN2025005685,2025-08-22T16:25:07Z,Myntra,Shopping,15896.0,INR,SUCCESS,UPI
TXN2025005686,2026-02-23T14:04:02Z,Hotstar,Entertainment,1788.79,INR,SUCCESS,Debit Card
TXN2025005687,1758308524000,Policybazaar,Insurance,11624.0,INR,SUCCESS,Netbanking
TXN2025005688,1784096930000,Swiggy,Food & Dining,199.0,INR,SUCCESS,Debit Card
TXN2025005689,1759051774000,Spotify,Entertainment,1291.58,INR,SUCCESS,Credit Card
TXN2025005690,2026-05-22T23:11:46Z,Rapido,Travel,6020.43,INR,SUCCESS,Netbanking
TXN2025005691,2025-08-28T09:08:01Z,Hotstar,Entertainment,2391.3,INR,SUCCESS,Debit Card
TXN2025005692,2025-07-22T00:54:15Z,Ajio,Shopping,11016.54,INR,SUCCESS,UPI
TXN2025005693,2025-07-21T14:03:02Z,Practo,Health,6478.83,INR,SUCCESS,UPI
TXN2025005694,2026-05-14T20:17:20Z,Coursera,Education,5330.12,INR,SUCCESS,UPI
TXN2025005695,2025-12-09T01:10:22Z,Amazon,Shopping,14787.28,INR,PENDING,Netbanking
TXN2025005696,2026-07-11,Ola,Travel,5144.26,INR,SUCCESS,UPI
TXN2025005697,2025-07-01T05:45:11Z,Ajio,Shopping,17074.41,INR,SUCCESS,Credit Card
TXN2025005698,26/10/2025 15:44:53,Udemy,Education,42243.97,INR,SUCCESS,Netbanking
TXN2025005699,24/03/2026 15:33:41,Apollo Pharmacy,Health,4427.78,INR,SUCCESS,Netbanking
TXN2025005700,2025-09-23T10:53:07Z,BSES,Utilities,621.93,INR,SUCCESS,UPI
TXN2025005701,08/01/2026 18:27:30,Rapido,Travel,6054.73,INR,SUCCESS,Netbanking
TXN2025005702,2026-05-29T05:43:40Z,Cult.fit,Health,1828.33,INR,SUCCESS,Debit Card
TXN2025005703,2025-08-18T21:03:16Z,LIC Premium,Insurance,17631.15,INR,SUCCESS,Credit Card
TXN2025005704,2025-08-01T16:40:18+05:30,Ajio,Shopping,720.0,INR,PENDING,Netbanking
TXN2025005705,1772718444000,Blinkit,Groceries,992.92,INR,SUCCESS,Credit Card
TXN2025005706,2026-04-23T16:52:28Z,Zomato,Food & Dining,241.32,INR,SUCCESS,Netbanking
TXN2025005707,1761940396000,1mg,Health,1785.34,INR,SUCCESS,UPI
TXN2025005708,2025-07-06T13:50:56Z,YouTube Premium,Entertainment,2141.75,INR,SUCCESS,Credit Card
TXN2025005709,2026-04-03T21:48:01+05:30,MakeMyTrip,Travel,7077.66,INR,SUCCESS,Credit Card
TXN2025005710,2026-05-03T04:21:51+05:30,Coursera,Education,10702.0,INR,SUCCESS,Credit Card
TXN2025005711,2026-06-19T18:22:57Z,Cult.fit,Health,5664.53,INR,SUCCESS,Credit Card
TXN2025005712,2026-02-12T06:04:10Z,BookMyShow,Entertainment,2236.0,INR,SUCCESS,Debit Card
TXN2025005713,1781741984000,Croma,,16875.0,INR,SUCCESS,Netbanking
TXN2025005714,2026-01-18T19:27:08Z,Policybazaar,Insurance,11404.0,INR,SUCCESS,Credit Card
TXN2025005715,2026-04-10T08:47:37+05:30,HDFC Ergo,Insurance,25747.06,INR,FAILED,Netbanking
TXN2025005716,2025-08-14T21:03:59Z,Indian Oil,Fuel,951.86,INR,SUCCESS,Debit Card
TXN2025005717,1752123847000,MakeMyTrip,Travel,2142.92,INR,SUCCESS,UPI
TXN2025005718,2026-05-23T08:21:35Z,DMart,Groceries,3502.99,INR,SUCCESS,Debit Card
TXN2025005719,30/04/2026 14:18:00,upGrad,Education,19776.23,INR,SUCCESS,UPI
TXN2025005720,2025-09-03,Cult.fit,Health,6382.45,INR,SUCCESS,Netbanking
TXN2025005721,2025-09-05T11:08:37Z,HP Petrol,Fuel,2415.64,INR,SUCCESS,UPI
TXN2025005722,2025-10-12T05:57:45Z,upGrad,Education,9204.13,INR,SUCCESS,Credit Card
TXN2025005723,10/06/2026 05:08:34,Tata Power,Utilities,755.39,INR,PENDING,Netbanking
TXN2025005724,2025-09-12T15:52:06Z,Hotstar,Entertainment,1853.0,INR,SUCCESS,Debit Card
TXN2025005725,2026-02-27T12:30:56Z,McDonald's,Food & Dining,537.0,INR,SUCCESS,Debit Card
TXN2025005726,2026-01-07T04:23:22+05:30,Coursera,Education,34437.96,INR,SUCCESS,Credit Card
TXN2025005727,2026-02-07T14:56:15Z,LIC Premium,Insurance,19031.86,INR,SUCCESS,Debit Card
TXN2025005728,2025-11-12T05:50:47Z,ACT Fibernet,Utilities,3013.0,INR,SUCCESS,Credit Card
TXN2025005729,2025-08-02T21:54:41Z,Rapido,Travel,6534.0,INR,SUCCESS,UPI
TXN2025005730,2026-07-10T01:26:40+05:30,BSES,,2428.86,INR,SUCCESS,UPI
TXN2025005731,2026-07-09T02:28:20Z,IRCTC,Travel,6452.26,INR,SUCCESS,Netbanking
TXN2025005732,2025-08-09T22:21:06Z,Udemy,Education,26002.35,INR,SUCCESS,Debit Card
TXN2025005733,2025-09-18T11:54:25Z,BPCL,Fuel,1666.65,INR,SUCCESS,UPI
TXN2025005734,2026-07-07T03:18:32Z,Swiggy,Food & Dining,-543.57,INR,SUCCESS,UPI
TXN2025005735,2026-02-10T06:11:26Z,HDFC Ergo,Insurance,37987.72,INR,PENDING,Debit Card
TXN2025005736,2025-09-25T10:36:37Z,Cult.fit,Health,3976.54,INR,SUCCESS,UPI
TXN2025005737,2026-01-19T14:37:08+05:30,Domino's,Food & Dining,812.62,INR,SUCCESS,Credit Card
TXN2025005738,2026-04-04T22:36:42Z,Amazon,Shopping,3381.65,INR,SUCCESS,Debit Card
TXN2025005739,2025-08-27T18:30:16Z,Policybazaar,Insurance,36906.71,INR,SUCCESS,UPI
TXN2025005740,2025-12-22T05:14:45Z,BSES,Utilities,641.0,INR,SUCCESS,Debit Card
TXN2025005741,2026-03-19T07:12:37Z,Ajio,Shopping,9965.0,INR,SUCCESS,Netbanking
TXN2025005742,2026-03-29T03:34:30+05:30,Unacademy,Education,39689.09,INR,SUCCESS,Credit Card
TXN2025005743,2026-02-28,Cult.fit,Health,2859.0,INR,PENDING,Debit Card
TXN2025005744,2025-07-08T08:06:20Z,Netflix,,929.57,INR,SUCCESS,Debit Card
TXN2025005745,26/10/2025 21:31:12,Amazon,Shopping,921.0,INR,SUCCESS,Debit Card
TXN2025005746,2025-09-05T22:12:52Z,BYJU'S,Education,7959.62,INR,SUCCESS,UPI
TXN2025005747,2025-12-23T05:33:05Z,Swiggy,Food & Dining,283.0,INR,SUCCESS,Credit Card
TXN2025005748,2026-03-12T01:31:39+05:30,IndiGo,Travel,3035.0,INR,SUCCESS,Credit Card
TXN2025005749,14/10/2025 12:34:54,Swiggy,Food & Dining,670.0,INR,SUCCESS,Credit Card
TXN2025005750,2025-11-06T06:39:21Z,Cult.fit,Health,2031.41,INR,PENDING,UPI
TXN2025005751,2026-07-07T13:06:31+05:30,Jio,Utilities,2732.0,INR,PENDING,UPI
TXN2025005752,2025-12-01T17:10:18Z,1mg,Health,916.22,INR,FAILED,UPI
TXN2025005753,2026-02-23T12:46:10Z,Jio,Utilities,-2972.77,INR,SUCCESS,Netbanking
TXN2025005754,2025-09-18T21:44:25Z,LIC Premium,Insurance,27528.0,INR,SUCCESS,Debit Card
TXN2025005755,2026-07-01T22:39:39Z,Spotify,Entertainment,803.0,INR,SUCCESS,Netbanking
TXN2025004546,2025-12-28T02:09:43Z,Flipkart,Shopping,8043.0,INR,SUCCESS,UPI
TXN2025005757,2026-04-11T23:25:30Z,Unacademy,Education,30515.0,INR,SUCCESS,UPI
TXN2025005758,2026-01-06T23:46:49Z,Flipkart,Shopping,6160.34,INR,SUCCESS,Debit Card
TXN2025005759,2026-03-27T00:30:12Z,Nykaa,Shopping,10588.89,INR,SUCCESS,UPI
TXN2025005760,2025-11-17T01:29:53Z,PharmEasy,Health,1037.0,INR,SUCCESS,Debit Card
TXN2025005761,1764996577000,Zomato,Food & Dining,630.27,INR,SUCCESS,Netbanking
TXN2025005762,2025-08-17T05:11:52Z,Flipkart,Shopping,13248.76,INR,SUCCESS,Credit Card
TXN2025005763,03/10/2025 23:17:56,BYJU'S,,18895.0,INR,SUCCESS,Credit Card
TXN2025005764,2026-06-29T01:30:40Z,Ajio,Shopping,12010.63,INR,SUCCESS,Debit Card
TXN2025005765,1766609997000,Indian Oil,Fuel,3849.0,INR,SUCCESS,Netbanking
TXN2025005766,2025-10-14,Cult.fit,Health,2233.0,INR,SUCCESS,UPI
TXN2025005767,2025-12-04T21:34:11Z,upGrad,Education,46944.0,INR,SUCCESS,Debit Card
TXN2025005768,2025-11-19T04:27:36Z,HDFC Ergo,Insurance,35009.0,INR,SUCCESS,UPI
TXN2025005769,2025-08-31T13:57:14Z,Amazon,Shopping,2394.0,INR,SUCCESS,Debit Card
TXN2025005770,2025-12-27T19:32:11+05:30,Indian Oil,Fuel,3243.29,INR,SUCCESS,Credit Card
TXN2025005771,2025-12-20T15:31:33Z,Hotstar,Entertainment,243.0,INR,SUCCESS,UPI
TXN2025005772,2025-11-17T07:44:24+05:30,IndiGo,Travel,374.87,INR,SUCCESS,UPI
TXN2025005773,2026-05-21T23:15:43+05:30,BYJU'S,Education,41998.3,INR,SUCCESS,Netbanking
TXN2025005774,2025-10-28T23:13:58Z,McDonald's,Food & Dining,743.43,INR,SUCCESS,Credit Card
TXN2025005775,07/07/2026 18:28:50,1mg,Health,6942.0,INR,SUCCESS,Debit Card
TXN2025005776,1763537628000,upGrad,Education,42480.8,INR,PENDING,Credit Card
TXN2025005777,2026-02-04T14:59:18Z,Domino's,Food & Dining,374.27,INR,SUCCESS,Netbanking
TXN2025005778,2026-05-27T21:12:42Z,DMart,Groceries,2836.03,INR,SUCCESS,UPI
TXN2025005779,2026-02-16T01:42:02+05:30,Unacademy,Education,11171.0,INR,SUCCESS,Credit Card
TXN2025005780,2025-12-29T10:06:52Z,Zomato,Food & Dining,672.74,INR,SUCCESS,Credit Card
TXN2025005781,03/06/2026 02:10:45,Airtel,Utilities,3084.0,INR,PENDING,UPI
TXN2025005782,2026-02-07T03:09:52Z,Amazon,Shopping,17952.0,INR,SUCCESS,Netbanking
TXN2025005783,1763006299000,Domino's,Food & Dining,742.0,INR,SUCCESS,Credit Card
TXN2025005784,25/11/2025 03:45:00,Uber,Travel,1223.0,INR,SUCCESS,Netbanking
TXN2025005785,2025-10-14T17:58:10+05:30,Starbucks,Food & Dining,126.05,INR,SUCCESS,Netbanking
TXN2025005786,1768340003000,Unacademy,Education,41409.0,INR,SUCCESS,Credit Card
TXN2025005787,2025-10-17T19:24:12Z,Swiggy,Food & Dining,655.75,INR,PENDING,UPI
TXN2025005788,2026-05-22T02:21:06+05:30,HDFC Ergo,Insurance,5998.0,INR,SUCCESS,Netbanking
TXN2025005789,2025-08-19T04:25:28+05:30,Apollo Pharmacy,Health,6204.42,INR,SUCCESS,UPI
TXN2025005790,2025-11-30T18:21:17Z,Cult.fit,Health,6358.0,INR,SUCCESS,Credit Card
TXN2025005791,2026-01-27T02:30:53+05:30,IRCTC,Travel,4783.66,INR,SUCCESS,Debit Card
TXN2025005792,2026-07-10T02:00:22+05:30,Nykaa,,9410.87,INR,SUCCESS,Netbanking
TXN2025005793,2026-04-24T15:21:25Z,Indian Oil,Fuel,3107.84,INR,SUCCESS,Credit Card
TXN2025005794,20/07/2025 20:44:54,Apollo Pharmacy,Health,3351.77,INR,SUCCESS,UPI
TXN2025005795,2026-02-13T21:19:47Z,Udemy,Education,1218.0,INR,SUCCESS,Debit Card
TXN2025005796,1772869278000,BigBasket,Groceries,2082.01,INR,SUCCESS,Debit Card
TXN2025005797,2025-07-17T18:47:30+05:30,Zepto,Groceries,1879.49,INR,SUCCESS,Netbanking
TXN2025005798,2025-12-13T05:30:38Z,PharmEasy,Health,6353.0,INR,SUCCESS,Netbanking
TXN2025005799,2026-03-11T20:00:46Z,Cult.fit,Health,5432.0,INR,SUCCESS,Debit Card
TXN2025005800,12/08/2025 09:07:13,Airtel,Utilities,2940.14,INR,SUCCESS,Netbanking
TXN2025005801,2025-10-05T15:52:29Z,Zomato,,850.61,INR,SUCCESS,Credit Card
TXN2025005802,05/03/2026 07:41:22,Practo,Health,3682.71,INR,FAILED,UPI
TXN2025005803,2026-02-08T00:44:17Z,Tata Power,Utilities,2880.84,INR,SUCCESS,Debit Card
TXN2025005804,2026-04-20T11:59:12Z,Indian Oil,Fuel,3920.29,INR,FAILED,Netbanking
TXN2025005805,2026-01-31T05:02:29Z,JioMart,Groceries,2674.85,INR,SUCCESS,Netbanking
TXN2025005806,2025-09-23T11:09:39Z,BSES,Utilities,1936.62,INR,SUCCESS,UPI
TXN2025005807,2025-07-23T01:18:48+05:30,ACT Fibernet,Utilities,2975.33,INR,SUCCESS,UPI
TXN2025005808,2025-11-28T10:15:53Z,Unacademy,Education,46370.5,INR,SUCCESS,Credit Card
TXN2025005809,2025-07-02T00:21:52+05:30,DMart,Groceries,4048.26,INR,SUCCESS,Credit Card
TXN2025005810,15/09/2025 15:38:00,BookMyShow,Entertainment,1521.0,INR,FAILED,Debit Card
TXN2025005811,2025-12-06T18:17:39+05:30,Blinkit,Groceries,377.83,INR,SUCCESS,Debit Card
TXN2025005812,2026-04-24T04:31:48Z,Ajio,Shopping,17186.0,INR,SUCCESS,Credit Card
TXN2025005813,23/08/2025 16:31:59,MakeMyTrip,Travel,965.59,INR,FAILED,Netbanking
TXN2025005814,30/10/2025 18:36:33,DMart,Groceries,1414.73,INR,SUCCESS,Debit Card
TXN2025005815,1760115624000,Myntra,Shopping,5375.72,INR,SUCCESS,UPI
TXN2025005816,2025-10-13T00:26:02+05:30,Ola,Travel,1428.0,INR,SUCCESS,Netbanking
TXN2025005817,2025-11-05T19:53:32Z,McDonald's,Food & Dining,347.77,INR,SUCCESS,Credit Card
TXN2025005818,2026-03-27T20:34:16+05:30,BYJU'S,Education,20273.84,INR,FAILED,UPI
TXN2025005819,2025-12-30T09:40:24Z,Nykaa,Shopping,998.6,INR,SUCCESS,UPI
TXN2025005820,2026-06-29T16:08:20Z,Ola,Travel,3879.0,INR,SUCCESS,Debit Card
TXN2025005821,2025-08-31T22:54:09Z,BSES,Utilities,2837.0,INR,SUCCESS,Credit Card
TXN2025005822,2025-08-27T06:33:57+05:30,Coursera,Education,33241.13,INR,SUCCESS,UPI
TXN2025005823,2025-12-05T03:26:05Z,YouTube Premium,Entertainment,912.91,INR,SUCCESS,Credit Card
TXN2025005824,1769461831000,Croma,Shopping,15693.21,INR,SUCCESS,Credit Card
TXN2025005825,2025-11-27T18:10:32Z,Udemy,Education,39344.0,INR,SUCCESS,Debit Card
TXN2025005826,2026-03-18T10:30:23Z,YouTube Premium,Entertainment,1459.58,INR,SUCCESS,Debit Card
TXN2025005827,2025-11-10T02:02:56+05:30,Spotify,Entertainment,1018.2,INR,SUCCESS,Debit Card
TXN2025005828,2026-03-31T20:02:00Z,Starbucks,Food & Dining,218.33,INR,SUCCESS,Netbanking
TXN2025005829,1769391809000,Swiggy,Food & Dining,509.78,INR,SUCCESS,Debit Card
TXN2025005830,2025-12-06T23:26:28Z,IRCTC,Travel,2242.0,INR,SUCCESS,UPI
TXN2025005831,2025-07-12T08:27:35+05:30,Rapido,Travel,6169.69,INR,SUCCESS,Credit Card
TXN2025005832,2026-02-05T09:56:56Z,upGrad,Education,41058.0,INR,SUCCESS,Credit Card
TXN2025005833,10/09/2025 08:35:48,Jio,Utilities,3136.31,INR,SUCCESS,Credit Card
TXN2025005834,2026-07-04T06:51:58Z,Nykaa,Shopping,1445.52,INR,SUCCESS,UPI
TXN2025005835,2025-07-15T10:02:29+05:30,Hotstar,Entertainment,393.94,INR,SUCCESS,Netbanking
TXN2025005836,10/11/2025 08:06:58,Zomato,Food & Dining,835.0,INR,SUCCESS,UPI
TXN2025005837,2026-05-26T05:38:01Z,Uber,Travel,540.0,INR,SUCCESS,Debit Card
TXN2025005838,2026-02-18T16:19:14+05:30,Zepto,Groceries,3786.13,INR,SUCCESS,Credit Card
TXN2025005839,1769804510000,Myntra,Shopping,7099.23,INR,SUCCESS,Credit Card
TXN2025005840,1759066351000,Unacademy,Education,-13833.46,INR,SUCCESS,UPI
TXN2025005841,1763989240000,HDFC Ergo,Insurance,24456.35,INR,SUCCESS,Credit Card
TXN2025005842,2025-07-10T15:59:47+05:30,Myntra,Shopping,393.0,INR,SUCCESS,UPI
TXN2025005843,2026-06-02T01:11:56Z,Croma,Shopping,3409.39,INR,SUCCESS,Credit Card
TXN2025005844,2025-12-20,Nykaa,Shopping,9367.52,INR,FAILED,Debit Card
TXN2025005845,1760907180000,Uber,Travel,4195.0,INR,SUCCESS,Debit Card
TXN2025005846,2025-12-20T13:18:36Z,ACT Fibernet,Utilities,2626.62,INR,SUCCESS,Credit Card
TXN2025005847,1774560399000,Starbucks,Food & Dining,432.0,INR,FAILED,UPI
TXN2025005848,2026-07-15T01:21:14+05:30,Amazon,Shopping,17662.0,INR,SUCCESS,UPI
TXN2025005849,2025-11-20T00:20:11+05:30,Blinkit,Groceries,1774.51,INR,SUCCESS,Debit Card
TXN2025005850,2025-12-06T08:36:55Z,Ajio,Shopping,13422.0,INR,SUCCESS,Netbanking
TXN2025005851,2026-06-09T21:42:16Z,upGrad,Education,45383.26,INR,SUCCESS,Netbanking
TXN2025005852,2026-05-13T21:28:49Z,Nykaa,Shopping,12612.0,INR,SUCCESS,Credit Card
TXN2025005853,28/12/2025 21:21:02,Spotify,Entertainment,1232.89,INR,SUCCESS,Debit Card
TXN2025005854,2025-10-10T01:59:45Z,BSES,Utilities,1832.9,INR,SUCCESS,Netbanking
TXN2025005855,2025-10-14T15:10:21Z,Swiggy,Food & Dining,752.16,INR,SUCCESS,Debit Card
TXN2025005856,2025-07-21T12:40:11+05:30,BSES,Utilities,1744.74,INR,SUCCESS,UPI
TXN2025005857,2026-02-21T14:30:55+05:30,Nykaa,Shopping,16321.17,INR,SUCCESS,Credit Card
TXN2025005858,1753364976000,Shell,Fuel,1725.26,INR,SUCCESS,Credit Card
TXN2025005859,03/12/2025 18:05:29,Indian Oil,Fuel,3686.0,INR,SUCCESS,UPI
TXN2025005860,2025-08-16T10:03:59+05:30,BYJU'S,Education,35770.31,INR,SUCCESS,UPI
TXN2025005861,1753809072000,Swiggy,Food & Dining,386.45,INR,FAILED,Netbanking
TXN2025005862,2025-12-02T11:53:49+05:30,Domino's,Food & Dining,381.06,INR,SUCCESS,UPI
TXN2025005863,2026-03-06T19:30:28Z,Ola,Travel,853.58,INR,SUCCESS,Netbanking
TXN2025005864,2026-02-09T22:39:34Z,Zepto,Groceries,5996.9,INR,SUCCESS,UPI
TXN2025005865,2026-06-14T08:25:50Z,Nykaa,Shopping,8578.64,INR,PENDING,Credit Card
TXN2025005866,02/02/2026 04:18:06,Policybazaar,Insurance,30827.0,INR,SUCCESS,Debit Card
TXN2025005867,2025-10-13T15:36:47Z,IndiGo,Travel,8850.24,INR,SUCCESS,Netbanking
TXN2025005868,1784094373000,Zomato,Food & Dining,186.1,INR,SUCCESS,Debit Card
TXN2025005869,27/06/2026 13:11:41,BPCL,Fuel,578.88,INR,SUCCESS,UPI
TXN2025005870,08/04/2026 03:31:22,BSES,Utilities,203.88,INR,SUCCESS,Netbanking
TXN2025005871,2025-09-05T00:08:29Z,ACT Fibernet,Utilities,3078.0,INR,SUCCESS,Netbanking
TXN2025005872,2025-07-22T06:54:15+05:30,Tata Power,Utilities,2341.25,INR,SUCCESS,Debit Card
TXN2025005873,2026-07-14T16:02:57+05:30,Starbucks,Food & Dining,342.0,INR,SUCCESS,Debit Card
TXN2025005874,2026-03-29T09:16:04Z,LIC Premium,Insurance,18541.43,INR,SUCCESS,Debit Card
TXN2025005875,2026-07-14T04:59:27Z,YouTube Premium,Entertainment,344.0,INR,SUCCESS,UPI
TXN2025005876,2025-06-30T23:11:44Z,Domino's,Food & Dining,842.57,INR,SUCCESS,Netbanking
TXN2025005877,2026-04-12T22:59:30Z,Starbucks,Food & Dining,755.89,INR,SUCCESS,UPI
TXN2025005878,2025-08-27T11:31:36Z,LIC Premium,Insurance,-8299.51,INR,SUCCESS,Debit Card
TXN2025005879,1782523559000,Apollo Pharmacy,Health,3393.85,INR,SUCCESS,Credit Card
TXN2025005880,2025-08-01T13:56:29Z,BYJU'S,Education,37864.0,INR,PENDING,Credit Card
TXN2025005881,1781657081000,Practo,Health,6323.36,INR,SUCCESS,Netbanking
TXN2025005882,1773251214000,BigBasket,Groceries,-3996.01,INR,SUCCESS,Debit Card
TXN2025005883,1762088940000,Cult.fit,Health,1725.97,INR,PENDING,Netbanking
TXN2025005884,2025-09-03T15:02:12Z,HDFC Ergo,Insurance,13405.44,INR,SUCCESS,Credit Card
TXN2025005885,2026-04-23,BookMyShow,Entertainment,1707.96,INR,SUCCESS,Debit Card
TXN2025005886,2025-08-02T03:39:48Z,Coursera,Education,36015.0,INR,SUCCESS,Debit Card
TXN2025005887,2025-12-18T23:07:57Z,Myntra,Shopping,6513.77,INR,SUCCESS,UPI
TXN2025005888,2026-06-14T13:07:52Z,Unacademy,Education,46942.0,INR,SUCCESS,Credit Card
TXN2025005889,2026-04-24T18:43:25Z,Tata Power,Utilities,3293.53,INR,SUCCESS,Netbanking
TXN2025005890,2026-02-08,Jio,Utilities,2827.53,INR,SUCCESS,Netbanking
TXN2025005891,2026-06-15T11:51:28Z,BookMyShow,Entertainment,1403.43,INR,SUCCESS,UPI
TXN2025005892,2025-08-04T07:58:52+05:30,HP Petrol,Fuel,1780.92,INR,SUCCESS,Debit Card
TXN2025005893,2026-01-19T02:14:44Z,1mg,Health,4652.5,INR,SUCCESS,Netbanking
TXN2025005894,1771045949000,HP Petrol,Fuel,2536.0,INR,SUCCESS,UPI
TXN2025005895,2026-05-06T06:44:26Z,Indian Oil,Fuel,733.25,INR,SUCCESS,Netbanking
TXN2025005896,2025-11-16T01:21:29+05:30,Croma,Shopping,5349.0,INR,SUCCESS,Debit Card
TXN2025005897,2026-02-10T07:14:17+05:30,Rapido,Travel,-3110.17,INR,SUCCESS,Netbanking
TXN2025005898,2025-10-03T07:57:31Z,IRCTC,Travel,1807.38,INR,SUCCESS,Credit Card
TXN2025005899,2026-06-15T19:48:16Z,Airtel,Utilities,2630.0,INR,SUCCESS,UPI
TXN2025005900,2026-01-17T23:20:19Z,upGrad,Education,52991.05,INR,SUCCESS,UPI
TXN2025005901,2026-06-14T09:16:36+05:30,Shell,Fuel,1501.14,INR,FAILED,Debit Card
TXN2025005902,2025-10-03T01:12:50Z,1mg,Health,1673.0,INR,SUCCESS,Netbanking
TXN2025005903,1778780362000,Myntra,Shopping,9176.0,INR,SUCCESS,Netbanking
TXN2025005904,2026-03-27T04:54:20+05:30,LIC Premium,Insurance,28236.2,INR,SUCCESS,UPI
TXN2025005905,2026-03-12T18:50:16Z,Policybazaar,Insurance,3035.0,INR,PENDING,Debit Card
TXN2025005906,1767929055000,Nykaa,Shopping,6459.82,INR,SUCCESS,Credit Card
TXN2025005907,2026-01-29T01:38:14Z,Swiggy,Food & Dining,381.0,INR,SUCCESS,Netbanking
TXN2025005908,2025-08-24T11:50:31Z,BPCL,Fuel,3957.85,INR,SUCCESS,Debit Card
TXN2025005909,2026-04-10T01:19:03+05:30,BSES,Utilities,3406.0,INR,SUCCESS,Debit Card
TXN2025005910,2025-09-06T18:30:13+05:30,Airtel,Utilities,1206.0,INR,SUCCESS,Credit Card
TXN2025005911,2026-01-29T10:54:20Z,Tata Power,Utilities,3362.76,INR,SUCCESS,Netbanking
TXN2025005912,2025-12-25T15:28:25Z,Uber,Travel,909.32,INR,SUCCESS,Netbanking
TXN2025005913,2025-11-11T10:05:25Z,JioMart,Groceries,-3351.41,INR,SUCCESS,Credit Card
TXN2025005914,1765664715000,Jio,Utilities,1671.85,INR,SUCCESS,Netbanking
TXN2025005915,2026-07-01T08:02:12+05:30,PharmEasy,Health,6953.08,INR,SUCCESS,Debit Card
TXN2025005916,2026-06-09T02:36:30+05:30,Blinkit,Groceries,1889.05,INR,PENDING,Debit Card
TXN2025005917,1782113426000,McDonald's,Food & Dining,303.0,INR,SUCCESS,Credit Card
TXN2025005918,2025-09-21T12:04:19Z,LIC Premium,Insurance,37521.37,INR,SUCCESS,UPI
TXN2025005919,09/09/2025 16:19:00,upGrad,Education,18727.16,INR,PENDING,Netbanking
TXN2025005920,2026-03-29T04:34:24+05:30,JioMart,Groceries,4081.0,INR,SUCCESS,Credit Card
TXN2025005921,2026-02-19T21:06:07Z,Rapido,Travel,3516.0,INR,SUCCESS,UPI
TXN2025005922,2026-01-21T19:41:05Z,Nykaa,Shopping,15181.23,INR,SUCCESS,Debit Card
TXN2025005923,03/05/2026 03:42:36,BSES,Utilities,2193.34,INR,SUCCESS,Debit Card
TXN2025005924,2025-11-17T15:15:38Z,YouTube Premium,Entertainment,428.37,INR,SUCCESS,Netbanking
TXN2025005925,2025-10-01T23:23:28Z,Ajio,Shopping,12797.68,INR,SUCCESS,Netbanking
TXN2025005926,2025-10-06T23:49:21+05:30,Zomato,Food & Dining,632.0,INR,FAILED,UPI
TXN2025005927,2025-07-14T09:52:19Z,DMart,Groceries,5816.0,INR,SUCCESS,Credit Card
TXN2025005928,2025-10-05T02:44:02Z,Airtel,Utilities,2297.0,INR,PENDING,Credit Card
TXN2025005929,1781002259000,Airtel,Utilities,3368.0,INR,SUCCESS,Netbanking
TXN2025005930,2025-09-01T15:59:36Z,McDonald's,Food & Dining,538.78,INR,SUCCESS,Debit Card
TXN2025005931,2025-09-11T19:16:52Z,Tata Power,Utilities,3078.28,INR,SUCCESS,UPI
TXN2025005932,2026-03-29T01:15:27Z,Ajio,Shopping,11390.0,INR,SUCCESS,Netbanking
TXN2025005933,2026-01-06T15:00:23+05:30,Shell,Fuel,3889.74,INR,SUCCESS,UPI
TXN2025005934,2026-06-08T07:22:39Z,Hotstar,Entertainment,1127.0,INR,SUCCESS,Debit Card
TXN2025005935,2025-12-03T15:15:31Z,Practo,Health,6053.0,INR,SUCCESS,Credit Card
TXN2025005936,2025-10-23T21:37:51Z,Netflix,Entertainment,1167.0,INR,SUCCESS,UPI
TXN2025005937,2026-01-19T14:15:16Z,Croma,Shopping,11442.65,INR,SUCCESS,Debit Card
TXN2025005938,2026-03-15T09:29:10+05:30,Ajio,,1691.0,INR,SUCCESS,Netbanking
TXN2025005939,1761914716000,Jio,Utilities,2127.2,INR,PENDING,Debit Card
TXN2025005940,2026-01-21,BookMyShow,Entertainment,1534.52,INR,SUCCESS,Debit Card
TXN2025005941,2026-03-27T00:14:12+05:30,Uber,Travel,4924.34,INR,SUCCESS,Debit Card
TXN2025005942,2025-07-18T00:51:36Z,Airtel,Utilities,3115.0,INR,SUCCESS,UPI
TXN2025005943,1778637992000,Coursera,Education,12891.06,INR,FAILED,Netbanking
TXN2025005944,2025-09-03T20:31:27Z,Amazon,Shopping,14340.61,INR,SUCCESS,Credit Card
TXN2025005945,2025-11-26T05:05:55+05:30,Zomato,Food & Dining,282.23,INR,SUCCESS,Netbanking
TXN2025005946,2026-06-04,Blinkit,Groceries,1022.62,INR,SUCCESS,Netbanking
TXN2025005947,27/01/2026 07:52:40,Shell,Fuel,2056.8,INR,FAILED,Debit Card
TXN2025005948,2026-04-13T16:26:16Z,Uber,Travel,4346.54,INR,SUCCESS,UPI
TXN2025005949,2026-06-20T11:37:06+05:30,LIC Premium,Insurance,10863.0,INR,SUCCESS,Netbanking
TXN2025005950,2026-07-12T11:04:56Z,BPCL,Fuel,1405.0,INR,SUCCESS,UPI
TXN2025005951,2026-05-16T17:36:32Z,YouTube Premium,Entertainment,576.87,INR,SUCCESS,Debit Card
TXN2025005952,2026-04-19,Cult.fit,Health,4488.07,INR,SUCCESS,Debit Card
TXN2025005953,2025-09-06T03:29:25Z,BSES,Utilities,1000.97,INR,SUCCESS,Credit Card
TXN2025005954,2025-07-14T23:10:37Z,Airtel,Utilities,1849.03,INR,SUCCESS,Debit Card
TXN2025005955,2026-04-01T01:46:36+05:30,JioMart,Groceries,1513.9,INR,SUCCESS,Netbanking
TXN2025005956,2025-12-27T07:16:55Z,IRCTC,Travel,735.0,INR,SUCCESS,Credit Card
TXN2025005957,2026-05-11T14:44:25+05:30,Croma,Shopping,10070.75,INR,SUCCESS,UPI
TXN2025005958,2025-07-17,Zepto,Groceries,4342.36,INR,SUCCESS,Credit Card
TXN2025005959,2025-12-07T10:33:10+05:30,JioMart,Groceries,2250.0,INR,SUCCESS,Credit Card
TXN2025005960,1766681275000,PharmEasy,Health,5600.98,INR,SUCCESS,UPI
TXN2025005961,2026-07-13T02:59:27+05:30,Blinkit,Groceries,894.29,INR,SUCCESS,UPI
TXN2025005962,2026-05-01T09:05:54Z,Spotify,Entertainment,2003.27,INR,SUCCESS,Netbanking
TXN2025005963,2026-05-23T12:59:57Z,Udemy,Education,25852.14,INR,SUCCESS,Netbanking
TXN2025005964,2025-10-17T04:09:26+05:30,1mg,Health,219.59,INR,SUCCESS,Debit Card
TXN2025005965,2025-09-27T10:04:32Z,HDFC Ergo,Insurance,27338.47,INR,SUCCESS,Credit Card
TXN2025005966,10/07/2026 16:59:10,BYJU'S,Education,10628.23,INR,SUCCESS,Credit Card
TXN2025005967,2026-01-24T15:23:00+05:30,Blinkit,Groceries,3402.0,INR,SUCCESS,Netbanking
TXN2025005968,2026-06-11T20:47:04Z,Zomato,Food & Dining,128.24,INR,SUCCESS,Credit Card
TXN2025005969,1770859822000,Unacademy,Education,34207.46,INR,SUCCESS,Debit Card
TXN2025005970,2025-12-08T00:01:41Z,Croma,Shopping,7793.0,INR,SUCCESS,Debit Card
TXN2025005971,2026-04-05T18:34:26Z,IRCTC,Travel,720.0,INR,SUCCESS,Credit Card
TXN2025005972,2025-08-15T08:04:42Z,IndiGo,Travel,5268.0,INR,SUCCESS,Netbanking
TXN2025005973,2026-01-28T03:45:36Z,Amazon,Shopping,15655.11,INR,PENDING,Credit Card
TXN2025005974,2025-11-02T10:58:57+05:30,Netflix,Entertainment,1146.53,INR,SUCCESS,UPI
TXN2025005975,2025-08-15T04:43:14Z,Domino's,Food & Dining,541.0,INR,PENDING,Credit Card
TXN2025005976,2025-09-15T13:27:02Z,IRCTC,Travel,4221.9,INR,SUCCESS,Netbanking
TXN2025005977,2025-12-22T16:55:21+05:30,Tata Power,Utilities,269.88,INR,SUCCESS,Credit Card
TXN2025005978,2025-11-01T13:39:10Z,Indian Oil,Fuel,3567.0,INR,SUCCESS,Debit Card
TXN2025005979,27/12/2025 16:29:22,1mg,Health,3105.73,INR,SUCCESS,Debit Card
TXN2025005980,1762826084000,Netflix,Entertainment,2407.0,INR,SUCCESS,Debit Card
TXN2025005981,1781391457000,Spotify,Entertainment,208.0,INR,SUCCESS,Credit Card
TXN2025005982,1775134316000,upGrad,Education,34976.0,INR,SUCCESS,UPI
TXN2025005983,2026-06-05T17:10:58Z,Airtel,Utilities,578.62,INR,SUCCESS,UPI
TXN2025005984,01/09/2025 07:32:11,BPCL,Fuel,1397.0,INR,SUCCESS,Debit Card
TXN2025005985,2025-11-20T06:56:17Z,Ajio,Shopping,13394.56,INR,PENDING,UPI
TXN2025005986,2026-03-08T14:03:05+05:30,Tata Power,Utilities,3150.93,INR,SUCCESS,Credit Card
TXN2025005987,2025-08-07T03:54:03Z,Policybazaar,Insurance,4360.78,INR,SUCCESS,Credit Card
TXN2025005988,2026-01-07T14:55:21Z,Amazon,Shopping,5633.87,INR,SUCCESS,Debit Card
TXN2025005989,16/07/2025 16:11:03,DMart,Groceries,1148.95,INR,SUCCESS,Credit Card
TXN2025005990,2026-06-08T04:36:48Z,BSES,Utilities,2281.23,INR,SUCCESS,Netbanking
TXN2025005991,2026-01-29T04:12:45Z,Ola,Travel,426.34,INR,SUCCESS,Debit Card
TXN2025005992,2026-03-23T02:24:14Z,Starbucks,Food & Dining,267.07,INR,FAILED,Credit Card
TXN2025005993,2026-04-13T07:32:35Z,LIC Premium,Insurance,37581.9,INR,SUCCESS,Debit Card
TXN2025005994,2025-09-16,Swiggy,Food & Dining,694.0,INR,SUCCESS,Netbanking
TXN2025005995,2026-05-02T00:25:45Z,MakeMyTrip,Travel,2748.14,INR,SUCCESS,Debit Card
TXN2025005996,2026-05-16T12:29:56+05:30,Amazon,Shopping,3456.88,INR,SUCCESS,UPI
TXN2025005997,2025-11-15T07:37:20+05:30,Spotify,Entertainment,1838.03,INR,SUCCESS,Debit Card
TXN2025005998,2025-10-18T15:20:56+05:30,PharmEasy,Health,4042.05,INR,success,Debit Card
TXN2025005999,2025-09-30T16:23:40Z,Amazon,Shopping,2755.62,INR,SUCCESS,Debit Card
TXN2025006000,1781508678000,Zepto,Groceries,2617.0,INR,SUCCESS,UPI
TXN2025006001,2026-07-10,Myntra,Shopping,3949.0,INR,FAILED,Credit Card
TXN2025006002,2025-12-31T11:06:02Z,Rapido,Travel,7249.19,INR,SUCCESS,Credit Card
TXN2025006003,15/12/2025 22:18:35,IRCTC,Travel,5487.27,INR,SUCCESS,Credit Card
TXN2025006004,2025-09-11T02:17:07+05:30,Tata Power,Utilities,1610.81,INR,FAILED,Credit Card
TXN2025006005,2025-08-15T00:19:59Z,Blinkit,Groceries,4970.0,INR,SUCCESS,UPI
TXN2025006006,2026-04-01T15:12:10Z,Croma,Shopping,11279.69,INR,SUCCESS,UPI
TXN2025006007,2026-05-30T11:44:03Z,MakeMyTrip,Travel,547.0,INR,SUCCESS,UPI
TXN2025006008,2025-07-20T16:55:28+05:30,Croma,Shopping,11258.92,INR,PENDING,UPI
TXN2025006009,2026-05-11T04:14:04Z,PharmEasy,Health,2751.95,INR,SUCCESS,Credit Card
TXN2025006010,2026-03-20T13:42:44+05:30,Ola,Travel,1229.75,INR,SUCCESS,UPI
TXN2025006011,2025-09-13T09:52:16Z,Indian Oil,Fuel,1116.32,INR,SUCCESS,Netbanking
TXN2025006012,2025-08-06T13:04:38+05:30,BPCL,Fuel,3408.24,INR,SUCCESS,Credit Card
TXN2025006013,2026-02-28T21:34:19Z,MakeMyTrip,Travel,6891.3,INR,SUCCESS,Netbanking
TXN2025006014,03/04/2026 07:53:31,Starbucks,Food & Dining,893.53,INR,SUCCESS,UPI
TXN2025006015,23/09/2025 12:41:31,BSES,Utilities,480.75,INR,SUCCESS,UPI
TXN2025006016,2026-04-23T05:08:46+05:30,Practo,Health,938.79,INR,PENDING,Debit Card
TXN2025006017,2025-08-13T06:33:03Z,Domino's,Food & Dining,370.43,INR,SUCCESS,Credit Card
TXN2025000533,2025-10-05T11:29:30Z,Croma,Shopping,754.65,INR,SUCCESS,Debit Card
TXN2025006019,2026-01-08T06:27:26Z,PharmEasy,Health,2669.0,INR,SUCCESS,Debit Card
TXN2025006020,23/07/2025 12:53:29,HP Petrol,Fuel,2399.0,INR,SUCCESS,Netbanking
TXN2025006021,17/11/2025 01:47:22,Tata Power,Utilities,1344.28,INR,SUCCESS,Netbanking
TXN2025006022,2026-04-20,Nykaa,Shopping,4340.55,INR,SUCCESS,Credit Card
TXN2025006023,2026-03-15T03:33:51+05:30,Myntra,Shopping,7310.7,INR,SUCCESS,UPI
TXN2025006024,2026-04-16,Amazon,Shopping,11863.5,INR,SUCCESS,UPI
TXN2025006025,2025-12-18T10:51:57Z,DMart,Groceries,4692.1,INR,SUCCESS,Credit Card
TXN2025006026,2026-05-30,Policybazaar,Insurance,34490.63,INR,SUCCESS,Credit Card
TXN2025006027,2025-07-09T14:10:18Z,Starbucks,Food & Dining,451.13,INR,SUCCESS,Debit Card
TXN2025006028,2026-02-17T16:46:10Z,1mg,Health,4311.62,INR,SUCCESS,Netbanking
TXN2025006029,2025-08-23,Unacademy,Education,33647.79,INR,SUCCESS,Credit Card
TXN2025006030,2026-01-08T07:00:44Z,IRCTC,Travel,6272.0,INR,SUCCESS,Debit Card
TXN2025006031,2026-02-11T05:58:15+05:30,HP Petrol,Fuel,3775.17,INR,SUCCESS,UPI
TXN2025006032,2025-09-15T15:04:06Z,BigBasket,Groceries,4039.0,INR,PENDING,Credit Card
TXN2025006033,2026-05-07,IRCTC,Travel,2824.55,INR,SUCCESS,Netbanking
TXN2025006034,2025-10-22T14:52:48Z,JioMart,Groceries,5370.45,INR,FAILED,Credit Card
TXN2025006035,2025-12-29T13:41:50Z,Practo,Health,6145.0,INR,SUCCESS,UPI
TXN2025006036,2026-05-27T05:37:50Z,Apollo Pharmacy,Health,3526.0,INR,SUCCESS,Credit Card
TXN2025006037,2026-04-15T04:54:52Z,Unacademy,Education,21186.4,INR,SUCCESS,Debit Card
TXN2025006038,2026-02-26,DMart,Groceries,5993.0,INR,SUCCESS,UPI
TXN2025006039,2026-07-10T02:16:56Z,Apollo Pharmacy,Health,6690.49,INR,SUCCESS,Debit Card
TXN2025006040,2025-09-30T02:47:43Z,HP Petrol,Fuel,3947.73,INR,SUCCESS,Netbanking
TXN2025006041,2026-04-02T21:43:52+05:30,Shell,Fuel,2743.0,INR,SUCCESS,Credit Card
TXN2025006042,2025-09-13T12:48:34Z,Hotstar,Entertainment,2213.26,INR,SUCCESS,Credit Card
TXN2025006043,2025-09-30T04:27:12Z,Shell,Fuel,567.0,INR,SUCCESS,Debit Card
TXN2025006044,2025-12-11T07:21:30Z,Airtel,Utilities,1401.0,INR,SUCCESS,Netbanking
TXN2025006045,2025-08-07T22:23:43Z,HDFC Ergo,Insurance,19964.91,INR,SUCCESS,Credit Card
TXN2025006046,2025-12-03T05:47:49Z,ACT Fibernet,Utilities,2730.0,INR,SUCCESS,UPI
TXN2025006047,2026-02-09T08:12:11+05:30,Tata Power,Utilities,1298.62,INR,SUCCESS,Netbanking
TXN2025006048,2026-01-16T03:36:01Z,Hotstar,Entertainment,236.0,INR,SUCCESS,UPI
TXN2025006049,2025-10-13T09:04:05Z,Indian Oil,Fuel,913.75,INR,FAILED,UPI
TXN2025006050,2026-04-01T05:44:05Z,Spotify,Entertainment,1182.06,INR,PENDING,Credit Card
TXN2025006051,2025-12-08T19:25:28+05:30,upGrad,Education,21478.0,INR,SUCCESS,Netbanking
TXN2025006052,2025-07-12T19:53:07Z,Myntra,Shopping,2149.9,INR,SUCCESS,Netbanking
TXN2025006053,2025-12-03,McDonald's,Food & Dining,189.67,INR,FAILED,UPI
TXN2025006054,2025-10-13T11:28:43Z,JioMart,Groceries,2247.66,INR,SUCCESS,Debit Card
TXN2025006055,2026-07-12T09:28:24Z,Rapido,Travel,1743.96,INR,SUCCESS,Netbanking
TXN2025006056,2026-07-02,Indian Oil,Fuel,3512.24,INR,SUCCESS,Credit Card
TXN2025006057,2026-05-10T03:51:49Z,ACT Fibernet,Utilities,1691.85,INR,SUCCESS,Credit Card
TXN2025006058,03/03/2026 09:34:46,Blinkit,Groceries,5300.52,INR,SUCCESS,Debit Card
TXN2025006059,15/11/2025 13:07:30,BigBasket,Groceries,5953.72,INR,FAILED,Netbanking
TXN2025006060,2025-07-03T11:14:05Z,Jio,Utilities,294.0,INR,SUCCESS,UPI
TXN2025006061,2025-08-23T05:38:51Z,1mg,Health,6693.68,INR,SUCCESS,Netbanking
TXN2025006062,1763938331000,Nykaa,Shopping,17231.54,INR,SUCCESS,Netbanking
TXN2025006063,2026-03-11,BigBasket,Groceries,4215.84,INR,FAILED,Netbanking
TXN2025006064,2026-05-06T20:25:52+05:30,HDFC Ergo,Insurance,35083.0,INR,SUCCESS,Credit Card
TXN2025006065,2025-07-22T11:56:38+05:30,Shell,Fuel,1970.6,INR,SUCCESS,Debit Card
TXN2025006066,2026-05-03T19:16:21+05:30,Unacademy,Education,35072.0,INR,SUCCESS,Credit Card
TXN2025006067,2026-02-08T12:42:57Z,Rapido,Travel,458.51,INR,SUCCESS,Netbanking
TXN2025006068,2026-01-27T21:10:48Z,Unacademy,Education,50610.89,INR,SUCCESS,UPI
TXN2025006069,2025-10-09,Ola,Travel,3824.4,INR,SUCCESS,UPI
TXN2025006070,2025-10-06T19:40:09+05:30,IndiGo,Travel,2620.83,INR,SUCCESS,Debit Card
TXN2025006071,2026-05-12T17:15:42+05:30,Ola,Travel,7870.12,INR,SUCCESS,UPI
TXN2025006072,2026-01-06T03:18:04+05:30,Swiggy,Food & Dining,659.0,INR,SUCCESS,Debit Card
TXN2025006073,2026-04-02T10:32:25Z,BYJU'S,Education,36681.0,INR,SUCCESS,Debit Card
TXN2025006074,1760874025000,Uber,Travel,5426.48,INR,FAILED,Netbanking
TXN2025006075,2026-05-21T04:07:27Z,Jio,Utilities,2101.0,INR,SUCCESS,Netbanking
TXN2025006076,2025-12-16T18:08:32Z,upGrad,Education,38700.54,INR,FAILED,Netbanking
TXN2025006077,2025-07-05T10:10:10Z,JioMart,Groceries,1260.0,INR,SUCCESS,Netbanking
TXN2025006078,2026-04-05T18:56:18Z,HDFC Ergo,Insurance,35726.25,INR,SUCCESS,Netbanking
TXN2025006079,2026-03-14T23:14:52Z,IRCTC,Travel,2583.94,INR,SUCCESS,Debit Card
TXN2025006080,2025-08-15T10:04:49Z,PharmEasy,Health,1411.0,INR,SUCCESS,Credit Card
TXN2025006081,2025-10-17,BPCL,Fuel,1411.0,INR,SUCCESS,Netbanking
TXN2025006082,2026-05-27T17:58:28Z,BYJU'S,Education,5918.3,INR,FAILED,UPI
TXN2025006083,2026-07-10T21:51:36Z,Amazon,Shopping,8203.47,INR,SUCCESS,Credit Card
TXN2025006084,2026-03-12T13:55:04Z,Unacademy,Education,39453.0,INR,SUCCESS,Netbanking
TXN2025006085,2025-10-01T17:56:27Z,Hotstar,Entertainment,2387.24,INR,SUCCESS,Debit Card
TXN2025006086,2026-03-29T04:15:44Z,Apollo Pharmacy,Health,2216.0,INR,SUCCESS,Credit Card
TXN2025006087,2026-06-11T05:40:55Z,Cult.fit,Health,4983.46,INR,SUCCESS,Debit Card
TXN2025006088,2026-06-10T11:25:32+05:30,BYJU'S,Education,19932.0,INR,SUCCESS,Credit Card
TXN2025006089,2026-01-24T17:23:52+05:30,Cult.fit,Health,1610.0,INR,SUCCESS,Debit Card
TXN2025006090,2026-02-01T05:33:52Z,Hotstar,Entertainment,1696.98,INR,SUCCESS,Credit Card
TXN2025006091,2025-11-04T06:21:03Z,Starbucks,Food & Dining,836.28,INR,SUCCESS,Debit Card
TXN2025006092,2025-08-06T23:56:43Z,Cult.fit,Health,3275.96,INR,FAILED,Debit Card
TXN2025006093,2026-04-09T20:47:24Z,HP Petrol,Fuel,2741.47,INR,SUCCESS,Netbanking
TXN2025006094,2026-02-16T15:48:18Z,Domino's,Food & Dining,646.61,INR,SUCCESS,UPI
TXN2025006095,2026-02-09T19:12:13Z,LIC Premium,Insurance,37536.33,INR,FAILED,UPI
TXN2025006096,2025-12-03T15:09:18Z,YouTube Premium,Entertainment,429.0,INR,SUCCESS,Debit Card
TXN2025006097,2025-08-10T00:41:32+05:30,BookMyShow,Entertainment,1824.0,INR,SUCCESS,Credit Card
TXN2025006098,2026-05-07T13:19:06Z,Starbucks,Food & Dining,711.43,INR,SUCCESS,Credit Card
TXN2025006099,2026-01-06T20:42:59Z,LIC Premium,Insurance,31046.69,INR,FAILED,Debit Card
TXN2025006100,07/04/2026 05:54:41,BYJU'S,Education,10974.32,INR,SUCCESS,Netbanking
TXN2025006101,2026-04-09T17:32:08+05:30,Blinkit,Groceries,3489.54,INR,SUCCESS,Netbanking
TXN2025006102,2026-06-10T09:15:30Z,Swiggy,Food & Dining,164.07,INR,SUCCESS,Credit Card
TXN2025006103,2025-08-06T14:09:48Z,JioMart,Groceries,1680.0,INR,SUCCESS,UPI
TXN2025006104,2026-05-18T10:55:49Z,Policybazaar,Insurance,26517.35,INR,SUCCESS,Credit Card
TXN2025006105,2026-07-13T07:52:02+05:30,Policybazaar,Insurance,7890.89,INR,SUCCESS,UPI
TXN2025006106,2026-04-09T12:04:18Z,Practo,Health,2952.33,INR,SUCCESS,Credit Card
TXN2025006107,2026-05-24T09:18:22Z,Shell,Fuel,2221.51,INR,SUCCESS,Credit Card
TXN2025006108,2025-07-25T07:21:18Z,Apollo Pharmacy,Health,4579.12,INR,PENDING,Debit Card
TXN2025006109,2025-08-21T15:42:58Z,Hotstar,Entertainment,1931.01,INR,SUCCESS,UPI
TXN2025006110,2025-12-31T05:27:42Z,Swiggy,Food & Dining,267.35,INR,SUCCESS,UPI
TXN2025006111,2026-01-19,Airtel,Utilities,353.0,INR,success,UPI
TXN2025006112,09/12/2025 21:55:43,HP Petrol,Fuel,3026.05,INR,SUCCESS,Netbanking
TXN2025006113,2025-09-02T13:09:14Z,Policybazaar,Insurance,32591.95,INR,SUCCESS,Netbanking
TXN2025006114,2026-06-11T08:53:42+05:30,Policybazaar,Insurance,28692.59,INR,SUCCESS,Credit Card
TXN2025006115,19/03/2026 03:05:48,BigBasket,Groceries,3176.26,INR,PENDING,Netbanking
TXN2025006116,2026-06-01T19:02:43Z,ACT Fibernet,Utilities,2584.37,INR,FAILED,Credit Card
TXN2025006117,2026-01-01T03:41:42Z,Practo,Health,2957.0,INR,SUCCESS,Debit Card
TXN2025006118,2025-12-13T20:35:08+05:30,JioMart,Groceries,2551.32,INR,SUCCESS,Netbanking
TXN2025006119,2026-02-18T06:32:06+05:30,Spotify,Entertainment,1740.0,INR,SUCCESS,Credit Card
TXN2025006120,2025-10-14T10:03:45+05:30,Indian Oil,Fuel,911.85,INR,SUCCESS,Netbanking
TXN2025006121,2026-05-09T23:18:05Z,Apollo Pharmacy,Health,2547.67,INR,SUCCESS,Credit Card
TXN2025006122,2025-08-27T16:49:22Z,Zepto,Groceries,2202.0,INR,SUCCESS,Credit Card
TXN2025006123,2026-07-15T01:58:19Z,Jio,Utilities,3417.4,INR,SUCCESS,UPI
TXN2025006124,2026-03-15T08:55:27Z,IRCTC,Travel,1300.06,INR,SUCCESS,Debit Card
TXN2025006125,2025-12-19T22:22:07Z,Croma,Shopping,17170.99,INR,FAILED,Credit Card
TXN2025006126,2025-07-13T19:39:09+05:30,Swiggy,Food & Dining,597.19,INR,SUCCESS,Debit Card
TXN2025006127,2025-11-07T21:01:57Z,Policybazaar,Insurance,3010.06,INR,SUCCESS,Netbanking
TXN2025006128,2025-10-14T13:00:51+05:30,Indian Oil,Fuel,1871.32,INR,SUCCESS,Netbanking
TXN2025006129,11/11/2025 01:14:41,HDFC Ergo,Insurance,19927.0,INR,SUCCESS,Credit Card
TXN2025006130,2025-07-10T08:56:12Z,BSES,Utilities,2708.19,INR,FAILED,Debit Card
TXN2025006131,1765004939000,IRCTC,Travel,3715.08,INR,SUCCESS,Credit Card
TXN2025006132,2025-09-23T02:00:45Z,Ola,Travel,1396.83,INR,SUCCESS,Credit Card
TXN2025006133,2025-12-03T05:04:15Z,Nykaa,Shopping,9753.75,INR,SUCCESS,Credit Card
TXN2025006134,2026-05-28T18:23:11Z,Tata Power,Utilities,661.38,INR,SUCCESS,Netbanking
TXN2025006135,2026-02-10T21:58:33Z,Unacademy,Education,10541.0,INR,SUCCESS,UPI
TXN2025006136,2025-12-31,Domino's,Food & Dining,301.0,INR,SUCCESS,UPI
TXN2025006137,1756092220000,Swiggy,Food & Dining,543.71,INR,SUCCESS,Credit Card
TXN2025006138,2026-04-15T13:51:16+05:30,Rapido,Travel,8433.0,INR,PENDING,UPI
TXN2025006139,2026-04-22T13:42:58Z,BigBasket,Groceries,1425.0,INR,SUCCESS,UPI
TXN2025006140,2026-01-16T15:16:40Z,Cult.fit,Health,4443.2,INR,SUCCESS,Debit Card
TXN2025006141,2025-08-01T19:21:28Z,Spotify,Entertainment,1086.16,INR,FAILED,Debit Card
TXN2025006142,2026-06-23T19:25:19Z,Udemy,Education,27290.24,INR,SUCCESS,Debit Card
TXN2025006143,20/01/2026 09:50:30,Tata Power,Utilities,923.0,INR,SUCCESS,Debit Card
TXN2025006144,2026-01-02T05:17:42Z,Policybazaar,Insurance,37507.04,INR,SUCCESS,Netbanking
TXN2025006145,2026-03-01T14:19:59Z,Shell,Fuel,566.25,INR,SUCCESS,Debit Card
TXN2025006146,2025-10-26,Spotify,Entertainment,2133.6,INR,SUCCESS,Credit Card
TXN2025006147,2026-01-26T05:52:48Z,Flipkart,Shopping,6839.01,INR,PENDING,Netbanking
TXN2025006148,2025-07-12T11:12:53Z,Practo,Health,4730.71,INR,SUCCESS,Credit Card
TXN2025006149,1757959326000,BYJU'S,Education,8854.5,INR,SUCCESS,Netbanking
TXN2025006150,11/10/2025 04:01:37,HP Petrol,,2617.28,INR,SUCCESS,Credit Card
TXN2025006151,2026-05-08T18:32:04+05:30,HP Petrol,Fuel,4468.0,INR,SUCCESS,UPI
TXN2025006152,2026-02-21T19:24:35+05:30,MakeMyTrip,Travel,5508.43,INR,SUCCESS,Credit Card
TXN2025006153,2025-07-09T15:32:42Z,Unacademy,Education,12405.46,INR,SUCCESS,Credit Card
TXN2025006154,11/02/2026 21:24:34,Flipkart,Shopping,10831.68,INR,FAILED,Netbanking
TXN2025006155,22/03/2026 10:46:38,Netflix,Entertainment,2024.79,INR,SUCCESS,UPI
TXN2025006156,2025-12-16,Ajio,Shopping,6203.12,INR,SUCCESS,Netbanking
TXN2025006157,2026-03-08T23:19:19+05:30,Cult.fit,Health,4747.0,INR,SUCCESS,Credit Card
TXN2025006158,2026-06-03T23:14:50Z,Zepto,Groceries,3117.01,INR,SUCCESS,Netbanking
TXN2025006159,1775606944000,IndiGo,Travel,1452.47,INR,SUCCESS,UPI
TXN2025006160,2025-09-10T16:40:30Z,LIC Premium,Insurance,1537.33,INR,SUCCESS,Credit Card
TXN2025006161,2025-11-04T02:05:25Z,BSES,Utilities,1457.0,INR,SUCCESS,Netbanking
TXN2025006162,2025-09-18T23:06:38+05:30,IndiGo,Travel,8186.39,INR,SUCCESS,Netbanking
TXN2025006163,1762609899000,MakeMyTrip,Travel,5449.0,INR,SUCCESS,Debit Card
TXN2025006164,2025-11-02,Swiggy,Food & Dining,276.83,INR,SUCCESS,Debit Card
TXN2025006165,2026-03-11T08:08:19Z,YouTube Premium,Entertainment,1000.75,INR,SUCCESS,Credit Card
TXN2025006166,2025-09-23T02:57:17Z,McDonald's,Food & Dining,486.55,INR,SUCCESS,UPI
TXN2025006167,2026-03-14T22:31:34Z,Nykaa,Shopping,13381.0,INR,SUCCESS,Netbanking
TXN2025006168,2026-03-23,IRCTC,Travel,3545.49,INR,SUCCESS,Credit Card
TXN2025006169,2025-12-26T21:14:08Z,Netflix,Entertainment,-1878.94,INR,SUCCESS,Credit Card
TXN2025006170,2026-06-22T13:32:15+05:30,Croma,Shopping,17065.0,INR,SUCCESS,Netbanking
TXN2025006171,2025-07-26T03:15:02Z,BigBasket,Groceries,3516.4,INR,SUCCESS,Netbanking
TXN2025006172,1752428423000,Swiggy,Food & Dining,741.62,INR,SUCCESS,UPI
TXN2025006173,2026-04-06,Zepto,Groceries,3427.68,INR,SUCCESS,UPI
TXN2025006174,2026-04-16T10:38:58Z,HDFC Ergo,Insurance,18531.06,INR,SUCCESS,Netbanking
TXN2025006175,2026-04-27,Zepto,Groceries,-2033.98,INR,SUCCESS,Credit Card
TXN2025006176,1763490716000,Coursera,Education,26327.01,INR,SUCCESS,Debit Card
TXN2025006177,1753263739000,Amazon,Shopping,8898.67,INR,PENDING,UPI
TXN2025006178,2025-12-08T21:01:47Z,1mg,Health,1505.0,INR,SUCCESS,Debit Card
TXN2025006179,2025-10-19T16:09:02Z,Cult.fit,Health,6654.0,INR,FAILED,Netbanking
TXN2025006180,2026-07-09T08:34:52+05:30,IndiGo,Travel,6498.8,INR,SUCCESS,Debit Card
TXN2025006181,2026-03-25T05:20:01Z,Rapido,Travel,8244.67,INR,SUCCESS,Netbanking
TXN2025006182,02/05/2026 09:35:04,BPCL,Fuel,4028.73,INR,SUCCESS,Debit Card
TXN2025006183,2026-03-13T18:30:40Z,Ajio,Shopping,9195.71,INR,SUCCESS,Netbanking
TXN2025006184,2026-01-31T14:00:22Z,Jio,Utilities,1337.74,INR,FAILED,Netbanking
TXN2025006185,2025-12-22T12:20:17+05:30,Shell,Fuel,3695.0,INR,SUCCESS,UPI
TXN2025006186,2026-01-11T21:44:14Z,PharmEasy,Health,3771.36,INR,SUCCESS,Netbanking
TXN2025006187,1752764330000,BigBasket,Groceries,1699.0,INR,SUCCESS,Netbanking
TXN2025006188,2025-07-16T12:42:11Z,Indian Oil,Fuel,1775.0,INR,SUCCESS,Credit Card
TXN2025006189,2025-07-18T12:09:53+05:30,HDFC Ergo,Insurance,-13949.0,INR,SUCCESS,Netbanking
TXN2025006190,2026-03-06T05:40:57Z,BigBasket,Groceries,2541.7,INR,SUCCESS,Debit Card
TXN2025006191,2025-11-16T22:21:01Z,MakeMyTrip,Travel,2823.9,INR,SUCCESS,Netbanking
TXN2025006192,2025-09-11T06:20:27Z,1mg,Health,2410.34,INR,SUCCESS,Debit Card
TXN2025006193,2025-12-23T06:15:55Z,BookMyShow,Entertainment,224.0,INR,SUCCESS,UPI
TXN2025006194,2026-06-02T18:48:32Z,HP Petrol,Fuel,2683.0,INR,FAILED,Netbanking
TXN2025006195,2026-06-17T03:00:40Z,Practo,Health,2141.55,INR,SUCCESS,UPI
TXN2025006196,2025-10-16T06:24:50+05:30,IRCTC,Travel,4397.0,INR,SUCCESS,Netbanking
TXN2025006197,2026-04-14T19:26:09Z,HDFC Ergo,Insurance,36689.0,INR,SUCCESS,Netbanking
TXN2025006198,2025-11-09T01:09:38Z,Amazon,Shopping,3637.0,INR,SUCCESS,Credit Card
TXN2025006199,2026-03-29T03:20:44Z,LIC Premium,Insurance,23620.29,INR,SUCCESS,Debit Card
TXN2025006200,03/04/2026 02:35:59,BPCL,Fuel,3654.61,INR,SUCCESS,UPI
TXN2025006201,2025-07-17T05:44:40Z,Cult.fit,Health,4006.75,INR,SUCCESS,UPI
TXN2025006202,2025-09-22T22:03:27Z,DMart,Groceries,3270.0,INR,SUCCESS,Credit Card
TXN2025006203,2025-12-03T12:57:17Z,Shell,Fuel,2163.94,INR,PENDING,UPI
TXN2025006204,2025-07-01,MakeMyTrip,Travel,4737.0,INR,SUCCESS,UPI
TXN2025006205,2026-01-03T22:19:23Z,Croma,Shopping,10695.03,INR,SUCCESS,UPI
TXN2025006206,2025-07-27T09:42:40Z,Flipkart,Shopping,17850.3,INR,SUCCESS,Debit Card
TXN2025006207,2026-01-27T06:05:37Z,Netflix,Entertainment,2161.0,INR,SUCCESS,Debit Card
TXN2025006208,2026-03-11T18:55:35Z,BPCL,Fuel,719.2,INR,SUCCESS,Debit Card
TXN2025006209,2025-09-12T10:33:52Z,1mg,Health,4042.2,INR,SUCCESS,Debit Card
TXN2025006210,2026-02-09T07:21:28Z,Domino's,Food & Dining,804.0,INR,SUCCESS,Credit Card
TXN2025006211,2026-01-11T19:52:08+05:30,Apollo Pharmacy,Health,2970.72,INR,PENDING,Netbanking
TXN2025006212,2026-03-07T02:28:14Z,McDonald's,Food & Dining,496.76,INR,SUCCESS,Credit Card
TXN2025006213,2026-04-18T17:49:04+05:30,1mg,Health,5977.22,INR,SUCCESS,Debit Card
TXN2025006214,1754711061000,Zomato,Food & Dining,502.51,INR,SUCCESS,Netbanking
TXN2025006215,2025-09-19T08:52:22Z,Amazon,Shopping,3062.77,INR,SUCCESS,UPI
TXN2025006216,2025-09-02T03:34:21Z,Policybazaar,Insurance,8996.46,INR,SUCCESS,UPI
TXN2025006217,2026-05-10T17:02:30Z,Apollo Pharmacy,Health,6120.0,INR,SUCCESS,UPI
TXN2025006218,2025-09-21T19:08:37+05:30,Coursera,Education,3815.81,INR,SUCCESS,UPI
TXN2025006219,2025-11-13T05:08:48Z,BSES,Utilities,1836.89,INR,SUCCESS,Credit Card
TXN2025006220,2025-11-28T17:04:20Z,BYJU'S,Education,25243.6,INR,FAILED,UPI
TXN2025006221,2025-09-09T04:27:37Z,McDonald's,Food & Dining,658.59,INR,PENDING,Credit Card
TXN2025006222,2025-07-23T21:30:17Z,LIC Premium,Insurance,2763.0,INR,SUCCESS,Debit Card
TXN2025006223,2025-08-06T00:08:29Z,McDonald's,Food & Dining,454.87,INR,SUCCESS,UPI
TXN2025006224,2026-03-07T13:44:46Z,Myntra,Shopping,10134.0,INR,FAILED,UPI
TXN2025006225,17/03/2026 11:50:21,Myntra,Shopping,12126.0,INR,SUCCESS,Credit Card
TXN2025006226,2025-09-24T20:26:47Z,Unacademy,Education,34187.0,INR,SUCCESS,UPI
TXN2025006227,2026-04-16T12:56:10+05:30,Uber,Travel,3056.01,INR,SUCCESS,Netbanking
TXN2025006228,2025-12-14T10:51:01Z,PharmEasy,Health,5086.0,INR,FAILED,Credit Card
TXN2025006229,1762745014000,Myntra,Shopping,14306.08,INR,SUCCESS,Netbanking
TXN2025006230,2026-02-20T20:18:53Z,BPCL,Fuel,3132.42,INR,SUCCESS,UPI
TXN2025006231,2026-02-07,PharmEasy,Health,4971.67,INR,SUCCESS,Netbanking
TXN2025006232,2025-07-12T17:57:50Z,BPCL,Fuel,693.0,INR,SUCCESS,Credit Card
TXN2025006233,2026-05-23T23:37:13Z,Amazon,Shopping,1499.05,INR,SUCCESS,Netbanking
TXN2025006234,2025-10-15,Swiggy,Food & Dining,524.72,INR,SUCCESS,UPI
TXN2025006235,2025-10-07T02:14:22Z,upGrad,Education,49057.56,INR,SUCCESS,Netbanking
TXN2025006236,1774520885000,Domino's,Food & Dining,803.63,INR,SUCCESS,Netbanking
TXN2025006237,2026-01-31T01:44:59Z,Flipkart,Shopping,4879.95,INR,SUCCESS,Debit Card
TXN2025006238,2026-02-05T14:22:01Z,Jio,Utilities,2060.0,INR,FAILED,UPI
TXN2025006239,2026-05-26,Hotstar,Entertainment,176.17,INR,SUCCESS,Debit Card
TXN2025006240,2026-03-26T20:48:16+05:30,Indian Oil,Fuel,638.93,INR,success,Debit Card
TXN2025006241,24/09/2025 14:38:11,JioMart,Groceries,2570.74,INR,SUCCESS,Debit Card
TXN2025006242,1756061506000,Apollo Pharmacy,Health,4628.95,INR,SUCCESS,Debit Card
TXN2025006243,2026-03-13T06:48:28Z,Amazon,Shopping,5734.12,INR,SUCCESS,Debit Card
TXN2025006244,2026-03-10T15:29:42+05:30,Practo,Health,2609.74,INR,SUCCESS,Netbanking
TXN2025006245,1776846334000,Uber,Travel,2982.0,INR,SUCCESS,Debit Card
TXN2025006246,1754179630000,Tata Power,Utilities,1540.58,INR,SUCCESS,Debit Card
TXN2025006247,2026-05-29T11:20:29Z,Ola,Travel,595.09,INR,SUCCESS,Netbanking
TXN2025006248,2025-08-17T22:45:23+05:30,Ajio,Shopping,9606.3,INR,SUCCESS,Debit Card
TXN2025006249,2025-11-02T08:11:21+05:30,Unacademy,Education,39458.5,INR,SUCCESS,UPI
TXN2025006250,2025-11-28T05:31:15Z,Ajio,Shopping,17401.44,INR,SUCCESS,Netbanking
TXN2025006251,2025-11-28T01:06:01Z,BookMyShow,Entertainment,348.37,INR,SUCCESS,Netbanking
TXN2025006252,2026-02-17T18:14:40+05:30,Jio,Utilities,226.0,INR,SUCCESS,Credit Card
TXN2025006253,1769709169000,BigBasket,Groceries,4905.11,INR,SUCCESS,Netbanking
TXN2025006254,2025-11-21T07:12:51Z,BSES,Utilities,2346.0,INR,SUCCESS,Credit Card
TXN2025006255,2025-10-23T11:23:01Z,ACT Fibernet,Utilities,2661.84,INR,SUCCESS,Credit Card
TXN2025006256,2026-01-09T21:06:57Z,McDonald's,Food & Dining,819.54,INR,SUCCESS,Credit Card
TXN2025006257,2025-08-27T05:34:44Z,Amazon,Shopping,13001.0,INR,FAILED,Credit Card
TXN2025006258,2026-04-15T05:37:58Z,Ola,Travel,3193.0,INR,FAILED,UPI
TXN2025006259,1768839736000,Swiggy,,526.38,INR,SUCCESS,Debit Card
TXN2025006260,2025-09-08T13:55:03Z,1mg,Health,2824.0,INR,SUCCESS,Debit Card
TXN2025006261,2026-02-28T20:39:34Z,Starbucks,Food & Dining,384.0,INR,SUCCESS,Credit Card
TXN2025006262,2026-04-05T23:59:29Z,JioMart,Groceries,999999999.0,INR,SUCCESS,Debit Card
TXN2025006263,1771864301000,Spotify,Entertainment,2308.0,INR,SUCCESS,Credit Card
TXN2025006264,19/08/2025 06:33:51,Blinkit,Groceries,4084.0,INR,FAILED,UPI
TXN2025006265,2026-06-23T19:40:04+05:30,Swiggy,Food & Dining,591.53,INR,SUCCESS,Debit Card
TXN2025006266,2025-08-12T02:28:48Z,Rapido,Travel,8024.0,INR,FAILED,UPI
TXN2025006267,2026-01-26T00:50:21+05:30,BigBasket,Groceries,5214.08,INR,SUCCESS,Credit Card
TXN2025006268,15/09/2025 10:37:49,Rapido,Travel,6313.07,INR,SUCCESS,Netbanking
TXN2025006269,2026-03-25T10:04:25Z,BSES,Utilities,2152.74,INR,PENDING,UPI
TXN2025006270,2025-12-13T20:42:44+05:30,Policybazaar,Insurance,7220.62,INR,SUCCESS,Credit Card
TXN2025006271,2026-07-01T04:26:23+05:30,MakeMyTrip,Travel,1016.02,INR,SUCCESS,UPI
TXN2025006272,17/07/2025 13:23:01,Indian Oil,Fuel,936.0,INR,PENDING,Netbanking
TXN2025006273,2025-12-06T09:03:46Z,Nykaa,Shopping,15555.0,INR,SUCCESS,Netbanking
TXN2025006274,2025-12-16T19:02:13Z,HP Petrol,Fuel,3589.43,INR,SUCCESS,Debit Card
TXN2025006275,2025-10-18,Spotify,Entertainment,1333.75,INR,SUCCESS,Debit Card
TXN2025006276,2025-10-25T16:56:04+05:30,Ajio,Shopping,7710.25,INR,SUCCESS,Credit Card
TXN2025006277,1778955877000,Ola,Travel,6791.07,INR,SUCCESS,Credit Card
TXN2025006278,1755611942000,DMart,Groceries,2071.65,INR,SUCCESS,Debit Card
TXN2025006279,2025-12-28T22:53:08+05:30,Ola,Travel,3077.0,INR,SUCCESS,Credit Card
TXN2025006280,2025-10-05T16:16:10Z,BPCL,Fuel,600.0,INR,SUCCESS,Debit Card
TXN2025006281,2025-09-11T12:03:26+05:30,Spotify,Entertainment,690.67,INR,SUCCESS,Netbanking
TXN2025006282,2025-12-02T01:36:22+05:30,Croma,Shopping,475.0,INR,SUCCESS,Netbanking
TXN2025006283,2026-01-23T11:40:49Z,BookMyShow,Entertainment,2300.36,INR,FAILED,Netbanking
TXN2025006284,2026-01-11T09:30:03+05:30,Zepto,Groceries,2129.43,INR,SUCCESS,UPI
TXN2025006285,2025-12-31T07:48:20Z,LIC Premium,Insurance,27107.0,INR,SUCCESS,Credit Card
TXN2025006286,2026-04-05T03:23:56Z,McDonald's,Food & Dining,653.53,INR,SUCCESS,Debit Card
TXN2025006287,18/04/2026 07:06:58,1mg,Health,1448.64,INR,SUCCESS,Credit Card
TXN2025006288,2025-07-14T09:15:07+05:30,Hotstar,Entertainment,450.86,INR,SUCCESS,Debit Card
TXN2025006289,2026-05-03T17:07:01Z,BYJU'S,Education,49517.0,INR,SUCCESS,Credit Card
TXN2025006290,2026-05-09T12:09:17Z,Swiggy,Food & Dining,615.0,INR,SUCCESS,UPI
TXN2025006291,1771134877000,BigBasket,Groceries,5555.26,INR,SUCCESS,Netbanking
TXN2025006292,2025-10-14T02:27:44Z,Zepto,Groceries,2309.41,INR,SUCCESS,Credit Card
TXN2025006293,2026-01-02T17:28:17Z,McDonald's,Food & Dining,584.22,INR,SUCCESS,UPI
TXN2025006294,2026-05-14T17:13:25Z,Unacademy,Education,46969.0,INR,SUCCESS,Debit Card
TXN2025006295,1765808279000,PharmEasy,Health,6539.0,INR,SUCCESS,Netbanking
TXN2025006296,2026-04-16T14:37:45Z,Zomato,Food & Dining,191.94,INR,SUCCESS,Debit Card
TXN2025006297,2026-01-09T12:40:19Z,MakeMyTrip,Travel,2791.54,INR,FAILED,Debit Card
TXN2025006298,2026-04-11T22:13:22+05:30,BPCL,Fuel,3367.76,INR,SUCCESS,UPI
TXN2025006299,2026-04-02T17:20:59Z,BSES,Utilities,1888.0,INR,SUCCESS,UPI
TXN2025006300,2026-02-21T12:11:29Z,Spotify,Entertainment,-1495.0,INR,SUCCESS,Credit Card
TXN2025006301,2026-01-16T18:21:34Z,Tata Power,Utilities,1642.45,INR,SUCCESS,Netbanking
TXN2025006302,2026-06-22T23:53:27Z,Blinkit,Groceries,3625.0,INR,SUCCESS,Credit Card
TXN2025006303,1780532221000,Myntra,Shopping,3177.0,INR,SUCCESS,Debit Card
TXN2025006304,2025-12-18T06:00:53Z,Rapido,Travel,5099.38,INR,SUCCESS,Debit Card
TXN2025006305,2025-10-30,Airtel,Utilities,882.0,INR,SUCCESS,Credit Card
TXN2025006306,31/12/2025 03:37:04,Hotstar,Entertainment,1455.0,INR,SUCCESS,Netbanking
TXN2025006307,2025-12-04T03:50:11Z,Rapido,Travel,256.0,INR,FAILED,Netbanking
TXN2025006308,2026-03-19T01:27:11+05:30,Policybazaar,Insurance,15100.0,INR,SUCCESS,Netbanking
TXN2025006309,2026-01-30T05:22:10Z,BYJU'S,Education,8518.63,INR,SUCCESS,UPI
TXN2025006310,2025-08-19T02:46:35Z,Uber,Travel,7129.5,INR,SUCCESS,Credit Card
TXN2025006311,2025-09-03T02:13:09+05:30,Indian Oil,Fuel,2161.35,INR,SUCCESS,Debit Card
TXN2025006312,2026-04-01T20:28:24Z,Policybazaar,Insurance,18454.01,INR,SUCCESS,Credit Card
TXN2025006313,2026-04-07,Ola,Travel,7684.29,INR,SUCCESS,Debit Card
TXN2025006314,2026-02-07T02:32:29Z,Udemy,Education,32655.98,INR,SUCCESS,UPI
TXN2025006315,2025-07-13T09:03:48Z,Hotstar,Entertainment,1091.48,INR,SUCCESS,Debit Card
TXN2025006316,2026-03-11T12:55:33Z,MakeMyTrip,Travel,-1031.0,INR,SUCCESS,Credit Card
TXN2025006317,2026-02-10T13:56:31+05:30,JioMart,Groceries,3269.99,INR,SUCCESS,UPI
TXN2025006318,2026-05-31T01:46:18+05:30,Myntra,Shopping,17410.25,INR,SUCCESS,Debit Card
TXN2025006319,2025-08-15T17:37:04Z,Flipkart,Shopping,3068.0,INR,SUCCESS,Netbanking
TXN2025006320,2025-08-04T07:27:55+05:30,HDFC Ergo,Insurance,10549.0,INR,SUCCESS,UPI
TXN2025006321,2025-09-26T08:32:34Z,Zepto,Groceries,3486.93,INR,SUCCESS,Debit Card
TXN2025006322,2026-03-25T11:13:03Z,Cult.fit,Health,6655.0,INR,SUCCESS,Debit Card
TXN2025006323,2026-05-15T13:26:58+05:30,PharmEasy,Health,2544.85,INR,SUCCESS,Debit Card
TXN2025006324,2026-02-27T14:09:25Z,Apollo Pharmacy,Health,6534.0,INR,SUCCESS,Netbanking
TXN2025006325,2025-09-20,Apollo Pharmacy,Health,5319.73,INR,PENDING,Netbanking
TXN2025006326,2026-02-09T18:34:42+05:30,Ola,Travel,8204.39,INR,SUCCESS,Credit Card
TXN2025006327,2026-01-08T05:13:45+05:30,ACT Fibernet,Utilities,1519.17,INR,SUCCESS,Netbanking
TXN2025006328,2026-02-02T20:45:07Z,Spotify,Entertainment,1484.26,INR,SUCCESS,UPI
TXN2025006329,2026-01-05T07:55:58Z,IRCTC,Travel,7534.0,INR,FAILED,UPI
TXN2025006330,2026-02-01T11:10:59Z,PharmEasy,Health,2520.42,INR,SUCCESS,Debit Card
TXN2025006331,2025-08-20T08:46:20Z,Uber,Travel,4004.71,INR,FAILED,Credit Card
TXN2025006332,2026-01-07T01:42:37Z,1mg,Health,4307.48,INR,SUCCESS,UPI
TXN2025006333,2025-07-29T21:30:44Z,Spotify,Entertainment,2184.0,INR,SUCCESS,Credit Card
TXN2025006334,2026-07-11T07:45:18Z,Practo,Health,877.0,INR,SUCCESS,Debit Card
TXN2025006335,2026-07-13T04:31:11Z,Blinkit,Groceries,1345.0,INR,SUCCESS,Netbanking
TXN2025006336,1770938417000,Practo,Health,1220.0,INR,SUCCESS,UPI
TXN2025006337,2026-07-05T00:14:04Z,Amazon,Shopping,394.76,INR,SUCCESS,UPI
TXN2025006338,2025-10-06T03:00:03+05:30,BookMyShow,Entertainment,1976.52,INR,SUCCESS,UPI
TXN2025006339,1773409622000,Zepto,Groceries,5083.7,INR,SUCCESS,UPI
TXN2025006340,1769102637000,JioMart,Groceries,5893.07,INR,SUCCESS,UPI
TXN2025006341,2025-11-25T22:09:09+05:30,BookMyShow,Entertainment,1216.8,INR,SUCCESS,Credit Card
TXN2025006342,12/02/2026 19:35:06,BookMyShow,Entertainment,1211.87,INR,SUCCESS,Netbanking
TXN2025006343,2025-09-14T05:08:59+05:30,Myntra,Shopping,1145.0,INR,SUCCESS,Credit Card
TXN2025006344,2025-07-22T23:02:07Z,Jio,Utilities,1208.32,INR,SUCCESS,Netbanking
TXN2025006345,2026-06-13T16:00:32Z,Apollo Pharmacy,Health,4026.44,INR,SUCCESS,Debit Card
TXN2025006346,2026-05-24,Practo,Health,6891.0,INR,SUCCESS,Debit Card
TXN2025006347,2025-09-14T16:24:19Z,Spotify,Entertainment,2300.18,INR,FAILED,Netbanking
TXN2025006348,2025-11-08T02:55:04Z,Tata Power,Utilities,223.0,INR,SUCCESS,UPI
TXN2025006349,2026-05-10T17:05:46Z,Tata Power,Utilities,2430.0,INR,SUCCESS,Netbanking
TXN2025006350,2026-01-14T01:11:00Z,Swiggy,Food & Dining,757.38,INR,SUCCESS,Netbanking
TXN2025006351,06/03/2026 21:09:49,Indian Oil,Fuel,2707.3,INR,SUCCESS,Netbanking
TXN2025006352,2026-01-20T04:09:42Z,Policybazaar,Insurance,3919.21,INR,SUCCESS,Netbanking
TXN2025006353,2026-07-12T00:31:31+05:30,Ola,Travel,8487.52,INR,SUCCESS,Debit Card
TXN2025006354,2026-05-28T23:20:53Z,IRCTC,Travel,8550.26,INR,SUCCESS,Debit Card
TXN2025006355,2025-11-26T09:19:30Z,BigBasket,Groceries,5337.0,INR,SUCCESS,Credit Card
TXN2025006356,2025-12-12,ACT Fibernet,Utilities,1505.52,INR,SUCCESS,Debit Card
TXN2025006357,2025-10-11,1mg,Health,2846.9,INR,SUCCESS,Debit Card
TXN2025006358,1764227021000,HP Petrol,Fuel,2277.8,INR,SUCCESS,Debit Card
TXN2025006359,2026-04-15T22:30:11Z,PharmEasy,Health,4486.14,INR,SUCCESS,Debit Card
TXN2025006360,2025-10-01T10:32:17Z,Netflix,Entertainment,2128.45,INR,SUCCESS,Netbanking
TXN2025006361,1775363409000,Rapido,Travel,7799.1,INR,SUCCESS,Credit Card
TXN2025006362,2025-12-19T22:06:34+05:30,Rapido,Travel,406.96,INR,SUCCESS,Credit Card
TXN2025006363,14/10/2025 23:33:11,1mg,Health,4585.06,INR,SUCCESS,Netbanking
TXN2025006364,2025-10-09T05:44:33Z,DMart,Groceries,5307.42,INR,SUCCESS,UPI
TXN2025006365,2025-10-17T14:35:55+05:30,IndiGo,Travel,4080.15,INR,SUCCESS,UPI
TXN2025006366,2026-01-23T09:59:30Z,BSES,Utilities,1932.42,INR,SUCCESS,Credit Card
TXN2025006367,2026-02-11T03:42:56Z,LIC Premium,Insurance,22046.6,INR,PENDING,Credit Card
TXN2025006368,2026-02-19T02:41:37Z,LIC Premium,Insurance,24875.0,INR,SUCCESS,Debit Card
TXN2025006369,2025-10-16,HDFC Ergo,Insurance,21707.17,INR,SUCCESS,UPI
TXN2025006370,2026-07-11T13:05:43Z,BSES,Utilities,930.0,INR,SUCCESS,UPI
TXN2025006371,2025-09-23T14:21:13Z,Netflix,Entertainment,152.08,INR,SUCCESS,Debit Card
TXN2025006372,2026-04-13T10:02:22Z,Zomato,Food & Dining,365.0,INR,SUCCESS,Netbanking
TXN2025006373,1766473314000,Spotify,Entertainment,1363.35,INR,SUCCESS,Netbanking
TXN2025006374,2025-12-01T05:38:31+05:30,IRCTC,Travel,1978.0,INR,FAILED,Debit Card
TXN2025006375,2026-05-03T01:33:17Z,Udemy,Education,24059.65,INR,FAILED,Netbanking
TXN2025006376,2026-05-29T15:21:36Z,HDFC Ergo,Insurance,2937.0,INR,SUCCESS,Netbanking
TXN2025006377,2026-01-01T01:30:20Z,Ola,Travel,-7435.68,INR,SUCCESS,UPI
TXN2025006378,2026-04-02,JioMart,Groceries,3689.42,INR,PENDING,Debit Card
TXN2025006379,1757315760000,McDonald's,Food & Dining,-161.0,INR,SUCCESS,Netbanking
TXN2025006380,12/08/2025 18:54:19,Jio,Utilities,348.24,INR,SUCCESS,Debit Card
TXN2025006381,1760111903000,Myntra,Shopping,7264.21,INR,SUCCESS,Netbanking
TXN2025006382,2026-01-18T02:03:18Z,BSES,Utilities,2067.08,INR,SUCCESS,Credit Card
TXN2025006383,2025-09-22T06:05:56Z,Zomato,Food & Dining,453.0,INR,SUCCESS,Netbanking
TXN2025006384,2025-12-31T17:13:26+05:30,Udemy,Education,21044.43,INR,SUCCESS,Credit Card
TXN2025006385,11/11/2025 13:44:15,JioMart,Groceries,430.68,INR,SUCCESS,Credit Card
TXN2025006386,12/07/2025 06:14:14,YouTube Premium,Entertainment,223.54,INR,SUCCESS,Netbanking
TXN2025006387,2025-12-30T11:22:04Z,HP Petrol,Fuel,2381.48,INR,SUCCESS,Netbanking
TXN2025006388,27/01/2026 09:29:24,Amazon,Shopping,11584.38,INR,FAILED,UPI
TXN2025006389,2026-04-05T22:00:36Z,Croma,Shopping,10934.0,INR,SUCCESS,UPI
TXN2025006390,2026-01-08T01:37:32+05:30,IRCTC,Travel,5215.0,INR,SUCCESS,Debit Card
TXN2025006391,2026-07-10T16:36:39Z,Spotify,Entertainment,1555.42,INR,SUCCESS,UPI
TXN2025006392,2026-06-20T11:46:36Z,upGrad,Education,40766.0,INR,SUCCESS,Netbanking
TXN2025006393,07/11/2025 21:27:00,YouTube Premium,Entertainment,2347.59,INR,PENDING,UPI
TXN2025006394,2026-03-01,ACT Fibernet,Utilities,2109.97,INR,SUCCESS,Netbanking
TXN2025006395,2026-05-14T17:03:22Z,Udemy,Education,20621.08,INR,SUCCESS,Debit Card
TXN2025006396,2026-01-21T17:06:59Z,Domino's,Food & Dining,506.85,INR,SUCCESS,Debit Card
TXN2025006397,2026-07-12T02:05:49Z,Airtel,Utilities,1952.0,INR,SUCCESS,UPI
TXN2025006398,2025-11-14T10:03:58+05:30,MakeMyTrip,Travel,2437.89,INR,SUCCESS,Credit Card
TXN2025006399,19/10/2025 14:02:46,Jio,Utilities,-3268.0,INR,SUCCESS,UPI
TXN2025006400,2026-01-02T21:03:01Z,Blinkit,Groceries,5302.55,INR,SUCCESS,UPI
TXN2025006401,2025-12-23T10:01:15+05:30,Practo,Health,217.0,INR,SUCCESS,Credit Card
TXN2025006402,2025-10-08T07:39:28Z,Coursera,Education,43437.04,INR,SUCCESS,UPI
TXN2025006403,1776343585000,Jio,,1825.08,INR,SUCCESS,Debit Card
TXN2025006404,2026-01-30T22:04:09+05:30,Rapido,Travel,8945.86,INR,SUCCESS,Debit Card
TXN2025006405,1757555711000,HDFC Ergo,Insurance,24123.0,INR,FAILED,UPI
TXN2025006406,02/07/2025 23:20:18,Tata Power,Utilities,2266.9,INR,SUCCESS,Debit Card
TXN2025006407,2025-07-21T18:36:33Z,Nykaa,Shopping,7821.7,INR,SUCCESS,Debit Card
TXN2025006408,2025-07-15T10:29:14Z,Croma,Shopping,3998.65,INR,SUCCESS,Netbanking
TXN2025006409,2026-02-18T22:36:27Z,BookMyShow,Entertainment,609.0,INR,SUCCESS,Credit Card
TXN2025006410,2025-10-11T14:01:46Z,Netflix,Entertainment,2146.61,INR,PENDING,Credit Card
TXN2025006411,2025-08-15T08:10:58Z,Zomato,Food & Dining,463.33,INR,SUCCESS,Debit Card
TXN2025006412,2025-09-19T17:40:40Z,Starbucks,Food & Dining,747.36,INR,SUCCESS,UPI
TXN2025006413,2026-02-22T09:11:44Z,Myntra,Shopping,2926.36,INR,SUCCESS,Credit Card
TXN2025006414,2025-07-02T11:19:00Z,Amazon,Shopping,10206.22,INR,SUCCESS,Debit Card
TXN2025006415,2026-01-23T06:18:13Z,Ajio,Shopping,3888.44,INR,SUCCESS,UPI
TXN2025006416,2026-06-28T10:48:11+05:30,Policybazaar,Insurance,39873.35,INR,SUCCESS,Credit Card
TXN2025006417,30/04/2026 14:33:05,Starbucks,Food & Dining,354.75,INR,SUCCESS,UPI
TXN2025006418,2026-06-19T00:03:33Z,Apollo Pharmacy,Health,1776.97,INR,SUCCESS,Debit Card
TXN2025006419,2026-06-21T10:28:36+05:30,HP Petrol,Fuel,1651.54,INR,FAILED,Debit Card
TXN2025006420,2025-12-21T09:30:09Z,Airtel,Utilities,2696.41,INR,SUCCESS,Credit Card
TXN2025006421,2026-03-21T19:42:44Z,BigBasket,Groceries,5036.0,INR,SUCCESS,Credit Card
TXN2025006422,2025-08-02T20:57:18+05:30,HP Petrol,Fuel,3819.47,INR,SUCCESS,Credit Card
TXN2025006423,2026-04-23T23:24:56+05:30,ACT Fibernet,Utilities,679.62,INR,SUCCESS,Credit Card
TXN2025006424,2026-02-13T16:37:56Z,Jio,Utilities,3274.93,INR,SUCCESS,UPI
TXN2025006425,1763559919000,Indian Oil,Fuel,1873.18,INR,SUCCESS,Netbanking
TXN2025006426,1768956104000,Unacademy,Education,23614.77,INR,SUCCESS,UPI
TXN2025006427,2025-10-03T09:44:49Z,JioMart,Groceries,5460.0,INR,SUCCESS,UPI
TXN2025006428,1779177472000,Apollo Pharmacy,Health,3049.07,INR,PENDING,Debit Card
TXN2025006429,2025-11-28T07:56:42Z,Zepto,Groceries,1792.27,INR,SUCCESS,Debit Card
TXN2025006430,2026-01-16T00:50:04+05:30,Swiggy,Food & Dining,763.15,INR,SUCCESS,Debit Card
TXN2025006431,2026-05-25T01:19:47Z,PharmEasy,Health,5215.24,INR,SUCCESS,UPI
TXN2025006432,2025-10-20T15:51:01Z,Indian Oil,Fuel,2788.43,INR,SUCCESS,Debit Card
TXN2025006433,2025-12-20T01:20:07Z,Domino's,Food & Dining,305.0,INR,SUCCESS,Debit Card
TXN2025006434,2026-05-07,Netflix,Entertainment,1991.84,INR,SUCCESS,Credit Card
TXN2025006435,2025-07-30T23:40:35Z,Spotify,Entertainment,2173.08,INR,SUCCESS,Credit Card
TXN2025006436,2025-11-05T19:51:23Z,Coursera,Education,9236.5,INR,FAILED,Netbanking
TXN2025006437,2025-10-14T05:09:03Z,Airtel,Utilities,2271.03,INR,SUCCESS,Credit Card
TXN2025006438,2025-08-18T18:41:08Z,Spotify,,816.38,INR,SUCCESS,Netbanking
TXN2025006439,2026-05-12T05:04:07Z,Nykaa,Shopping,15379.43,INR,FAILED,Netbanking
TXN2025006440,2026-01-08T09:52:43Z,1mg,Health,3369.0,INR,SUCCESS,Debit Card
TXN2025006441,2025-10-19T09:00:54+05:30,JioMart,Groceries,5388.43,INR,SUCCESS,Debit Card
TXN2025006442,2026-06-13T21:26:36Z,Apollo Pharmacy,Health,4862.72,INR,SUCCESS,UPI
TXN2025006443,2026-02-04T16:00:15Z,Jio,Utilities,-1607.0,INR,SUCCESS,Netbanking
TXN2025006444,2025-11-05T21:19:02Z,Coursera,Education,46654.0,INR,SUCCESS,Credit Card
TXN2025006445,2026-04-28T13:43:16+05:30,JioMart,Groceries,5439.34,INR,SUCCESS,Netbanking
TXN2025006446,2025-07-08T20:34:16Z,Airtel,Utilities,1069.57,INR,SUCCESS,Debit Card
TXN2025006447,2025-08-29T10:28:07+05:30,Myntra,Shopping,14156.51,INR,SUCCESS,Credit Card
TXN2025006448,2026-05-09T12:09:13Z,Unacademy,Education,27063.96,INR,SUCCESS,Debit Card
TXN2025006449,2025-09-17T04:53:14Z,Spotify,Entertainment,2378.77,INR,SUCCESS,UPI
TXN2025006450,2025-07-19T23:10:38Z,ACT Fibernet,Utilities,3191.13,INR,SUCCESS,Debit Card
TXN2025006451,2025-10-02T05:36:37Z,Blinkit,Groceries,5774.0,INR,PENDING,Debit Card
TXN2025006452,2026-05-19T09:55:35Z,Netflix,Entertainment,1612.0,INR,SUCCESS,Netbanking
TXN2025006453,1770039746000,Uber,Travel,8632.33,INR,SUCCESS,Credit Card
TXN2025006454,2026-03-13T13:15:26+05:30,IRCTC,Travel,3482.5,INR,SUCCESS,Netbanking
TXN2025006455,1777558476000,YouTube Premium,Entertainment,1345.6,INR,SUCCESS,Debit Card
TXN2025006456,2026-04-15T20:53:13+05:30,Policybazaar,Insurance,1799.47,INR,SUCCESS,UPI
TXN2025006457,2025-07-20T12:07:52Z,Zomato,Food & Dining,512.14,INR,PENDING,Credit Card
TXN2025006458,06/11/2025 00:21:52,Amazon,Shopping,8709.91,INR,SUCCESS,Netbanking
TXN2025006459,01/03/2026 00:23:12,BPCL,Fuel,1784.0,INR,SUCCESS,Netbanking
TXN2025006460,2025-11-26T18:59:16Z,PharmEasy,Health,1735.87,INR,SUCCESS,Credit Card
TXN2025006461,2026-01-20T07:29:13+05:30,McDonald's,Food & Dining,641.22,INR,SUCCESS,Debit Card
TXN2025006462,2025-07-13T17:55:18Z,Udemy,Education,37677.38,INR,SUCCESS,Debit Card
TXN2025006463,2025-08-05T19:46:53Z,Policybazaar,Insurance,22746.92,INR,SUCCESS,Debit Card
TXN2025006464,2025-10-19T11:13:23Z,IRCTC,Travel,1724.0,INR,SUCCESS,UPI
TXN2025006465,2026-04-11T15:50:48Z,Practo,Health,5000.91,INR,SUCCESS,Credit Card
TXN2025006466,2025-07-17T07:14:01Z,Apollo Pharmacy,Health,-3118.99,INR,SUCCESS,UPI
TXN2025006467,1770116005000,Coursera,Education,37131.0,INR,SUCCESS,Netbanking
TXN2025006468,2026-07-05T12:20:56Z,HP Petrol,Fuel,1178.24,INR,SUCCESS,Credit Card
TXN2025006469,2025-12-22T16:23:25+05:30,HP Petrol,Fuel,1688.62,INR,SUCCESS,UPI
TXN2025006470,2025-12-15T15:36:46Z,Policybazaar,Insurance,30602.96,INR,SUCCESS,Credit Card
TXN2025006471,2026-05-09T03:54:33Z,HDFC Ergo,Insurance,35455.85,INR,SUCCESS,UPI
TXN2025006472,2025-08-05T18:34:25Z,Shell,Fuel,1430.34,INR,SUCCESS,Debit Card
TXN2025006473,2025-10-22T10:35:17+05:30,Uber,Travel,6737.15,INR,SUCCESS,Debit Card
TXN2025006474,2025-10-15T11:57:04Z,Nykaa,Shopping,13197.98,INR,SUCCESS,Debit Card
TXN2025006475,2026-03-23,Tata Power,Utilities,2339.0,INR,SUCCESS,Credit Card
TXN2025006476,2025-12-05T15:01:44Z,Policybazaar,Insurance,20553.83,INR,SUCCESS,Netbanking
TXN2025006477,06/08/2025 02:07:04,1mg,Health,5526.0,INR,SUCCESS,Netbanking
TXN2025006478,2026-02-22T15:52:11+05:30,Airtel,Utilities,2921.0,INR,SUCCESS,Credit Card
TXN2025006479,2025-08-04T01:37:42Z,Zepto,Groceries,2512.57,INR,SUCCESS,Debit Card
TXN2025006480,2026-05-05T00:52:33+05:30,BookMyShow,Entertainment,2066.0,INR,SUCCESS,Debit Card
TXN2025006481,2026-05-10T19:54:34+05:30,IndiGo,Travel,1008.0,INR,FAILED,Netbanking
TXN2025006482,2025-10-17T04:21:17Z,Zepto,Groceries,4025.0,INR,FAILED,Credit Card
TXN2025006483,2026-04-21T12:56:01Z,Cult.fit,Health,2745.15,INR,SUCCESS,Netbanking
TXN2025006484,2025-11-29T09:58:15Z,BigBasket,Groceries,4664.33,INR,SUCCESS,UPI
TXN2025006485,2026-05-22T21:50:14Z,Myntra,Shopping,12021.74,INR,SUCCESS,Credit Card
TXN2025006486,1784016166000,IndiGo,Travel,6051.9,INR,SUCCESS,Credit Card
TXN2025006487,2025-09-10T21:42:40Z,BigBasket,Groceries,2487.14,INR,SUCCESS,Credit Card
TXN2025006488,2026-02-02,Tata Power,Utilities,885.7,INR,SUCCESS,Debit Card
TXN2025006489,2025-07-25T18:01:22Z,Starbucks,Food & Dining,885.37,INR,FAILED,Netbanking
TXN2025006490,2026-01-19T00:57:20Z,ACT Fibernet,Utilities,3235.73,INR,SUCCESS,Netbanking
TXN2025006491,2026-05-02T11:57:20Z,Indian Oil,Fuel,1478.43,INR,SUCCESS,Debit Card
TXN2025006492,2026-06-11T04:59:30Z,PharmEasy,Health,2787.54,INR,SUCCESS,Netbanking
TXN2025006493,2026-06-21T12:45:17Z,Coursera,Education,22566.7,INR,SUCCESS,Netbanking
TXN2025006494,2025-07-21T18:51:28Z,Indian Oil,Fuel,2041.49,INR,SUCCESS,Debit Card
TXN2025006495,1764582301000,McDonald's,Food & Dining,782.0,INR,SUCCESS,Netbanking
TXN2025006496,1782870812000,Udemy,Education,23914.27,INR,SUCCESS,Debit Card
TXN2025006497,2025-09-03T07:35:09+05:30,IRCTC,Travel,8719.41,INR,SUCCESS,UPI
TXN2025006498,2025-12-16T11:20:12Z,Spotify,Entertainment,1115.0,INR,SUCCESS,Credit Card
TXN2025006499,2025-07-24T15:16:18Z,Rapido,Travel,7236.0,INR,SUCCESS,Credit Card
TXN2025006500,2025-12-19T20:16:30Z,Amazon,Shopping,17659.1,INR,SUCCESS,Netbanking
TXN2025006501,2025-07-20T11:08:37Z,BYJU'S,Education,6385.71,INR,SUCCESS,Debit Card
TXN2025006502,2026-07-13T02:28:54+05:30,Amazon,Shopping,11497.0,INR,SUCCESS,Debit Card
TXN2025006503,2025-11-09T22:37:07Z,Coursera,Education,51978.0,INR,SUCCESS,Debit Card
TXN2025006504,2026-06-07T10:01:48+05:30,Cult.fit,Health,843.0,INR,PENDING,Debit Card
TXN2025006505,2025-09-11T14:28:16Z,Starbucks,Food & Dining,543.87,INR,SUCCESS,Credit Card
TXN2025006506,2026-01-01T13:12:53Z,BYJU'S,Education,31382.91,INR,SUCCESS,Netbanking
TXN2025006507,07/01/2026 06:50:14,BYJU'S,Education,54735.0,INR,SUCCESS,UPI
TXN2025006508,2025-08-06T23:18:50Z,BigBasket,Groceries,1034.0,INR,FAILED,Netbanking
TXN2025006509,1768266837000,Domino's,Food & Dining,837.67,INR,SUCCESS,UPI
TXN2025006510,2025-11-18T23:46:51Z,HDFC Ergo,Insurance,33203.0,INR,SUCCESS,Credit Card
TXN2025006511,1766713981000,1mg,Health,708.0,INR,SUCCESS,Debit Card
TXN2025006512,1772049354000,PharmEasy,Health,5848.4,INR,SUCCESS,UPI
TXN2025006513,2026-03-30T21:38:32Z,JioMart,Groceries,5129.29,INR,SUCCESS,Debit Card
TXN2025006514,2025-08-13T16:20:06Z,Practo,Health,4399.0,INR,SUCCESS,Credit Card
TXN2025006515,2025-09-14T00:17:34Z,DMart,Groceries,5450.33,INR,FAILED,Debit Card
TXN2025006516,2026-06-14,Swiggy,Food & Dining,609.46,INR,SUCCESS,Debit Card
TXN2025006517,1751671913000,Myntra,Shopping,4247.57,INR,FAILED,Credit Card
TXN2025006518,2025-12-24T18:37:30Z,Ajio,Shopping,2269.17,INR,SUCCESS,Debit Card
TXN2025006519,2025-12-21T08:56:51Z,Ola,Travel,7443.0,INR,SUCCESS,Credit Card
TXN2025006520,2025-08-19T00:49:07+05:30,Domino's,Food & Dining,341.0,INR,SUCCESS,Debit Card
TXN2025006521,2025-12-12T19:38:52Z,IndiGo,Travel,7238.0,INR,SUCCESS,Debit Card
TXN2025006522,2025-09-16T22:15:05Z,Hotstar,Entertainment,2161.0,INR,SUCCESS,UPI
TXN2025006523,2025-07-09T09:08:43Z,YouTube Premium,Entertainment,2424.0,INR,SUCCESS,Credit Card
TXN2025006524,2025-08-27T22:39:16Z,Rapido,Travel,4192.0,INR,PENDING,Netbanking
TXN2025006525,1764903868000,Ajio,Shopping,16133.47,INR,FAILED,Netbanking
TXN2025006526,2025-10-30T17:59:19Z,HDFC Ergo,Insurance,3711.56,INR,SUCCESS,UPI
TXN2025006527,17/04/2026 14:54:24,Swiggy,Food & Dining,813.62,INR,FAILED,Netbanking
TXN2025006528,2025-07-01T20:02:31Z,BPCL,Fuel,2449.71,INR,SUCCESS,Netbanking
TXN2025006529,02/08/2025 07:45:04,McDonald's,Food & Dining,722.63,INR,SUCCESS,UPI
TXN2025006530,2025-09-17T10:57:24Z,BookMyShow,Entertainment,1215.51,INR,SUCCESS,Credit Card
TXN2025006531,2026-05-08T19:18:59Z,Spotify,Entertainment,2028.0,INR,SUCCESS,Credit Card
TXN2025006532,2026-01-22T11:53:46Z,Zomato,Food & Dining,611.12,INR,SUCCESS,Debit Card
TXN2025006533,2025-12-31T11:55:42Z,Amazon,Shopping,15720.91,INR,SUCCESS,Netbanking
TXN2025006534,12/08/2025 01:10:38,PharmEasy,Health,2183.0,INR,SUCCESS,Credit Card
TXN2025006535,2026-03-23T04:17:17Z,Domino's,Food & Dining,235.0,INR,SUCCESS,Netbanking
TXN2025006536,26/06/2026 17:32:15,HDFC Ergo,Insurance,21840.0,INR,SUCCESS,Debit Card
TXN2025006537,2026-04-06T16:19:20Z,HDFC Ergo,Insurance,5749.0,INR,SUCCESS,Debit Card
TXN2025006538,2025-07-25T22:25:00Z,McDonald's,Food & Dining,787.83,INR,SUCCESS,Debit Card
TXN2025006539,2025-08-08T00:49:52Z,Shell,Fuel,2517.7,INR,SUCCESS,Credit Card
TXN2025006540,2026-04-07T17:07:23Z,Ola,Travel,2703.01,INR,FAILED,Credit Card
TXN2025006541,2025-10-31T14:37:23+05:30,YouTube Premium,Entertainment,626.0,INR,SUCCESS,Debit Card
TXN2025006542,2026-06-03T20:14:38Z,upGrad,Education,17342.67,INR,SUCCESS,UPI
TXN2025006543,2025-08-16T04:29:18Z,Apollo Pharmacy,Health,-5764.48,INR,SUCCESS,Debit Card
TXN2025006544,1772775906000,MakeMyTrip,Travel,4167.37,INR,FAILED,Credit Card
TXN2025006545,2026-07-11,Flipkart,,14228.0,INR,SUCCESS,Debit Card
TXN2025006546,10/11/2025 10:26:04,Airtel,Utilities,402.91,INR,SUCCESS,Credit Card
TXN2025006547,2025-09-25T18:05:46Z,BPCL,Fuel,4094.09,INR,SUCCESS,Netbanking
TXN2025006548,2026-01-26T03:03:37Z,Amazon,Shopping,8276.28,INR,FAILED,Netbanking
TXN2025006549,2025-12-20T09:04:21Z,HP Petrol,Fuel,933.76,INR,SUCCESS,UPI
TXN2025006550,2026-04-13T23:06:32Z,Netflix,Entertainment,1569.72,INR,SUCCESS,Credit Card
TXN2025006551,23/07/2025 05:11:30,Zomato,Food & Dining,715.0,INR,SUCCESS,Debit Card
TXN2025006552,2025-08-02,LIC Premium,Insurance,15478.72,INR,SUCCESS,Netbanking
TXN2025006553,1775382647000,1mg,Health,5418.0,INR,SUCCESS,UPI
TXN2025006554,2025-11-23T17:08:37Z,ACT Fibernet,Utilities,2143.23,INR,SUCCESS,Netbanking
TXN2025006555,09/10/2025 01:56:17,Zomato,Food & Dining,524.92,INR,SUCCESS,Debit Card
TXN2025006556,1778199841000,Domino's,Food & Dining,420.85,INR,SUCCESS,Debit Card
TXN2025006557,2025-11-07T17:33:42+05:30,Netflix,Entertainment,2095.71,INR,SUCCESS,Credit Card
TXN2025006558,2026-05-27T20:18:01Z,Spotify,,1247.12,INR,SUCCESS,Debit Card
TXN2025006559,2026-06-03T09:24:54Z,Swiggy,Food & Dining,569.71,INR,SUCCESS,Netbanking
TXN2025006560,1756247577000,Shell,Fuel,4022.0,INR,SUCCESS,Credit Card
TXN2025006561,2025-08-31T22:52:54Z,Airtel,Utilities,565.18,INR,SUCCESS,UPI
TXN2025006562,1772500506000,Policybazaar,Insurance,6453.81,INR,SUCCESS,Netbanking
TXN2025006563,2026-02-03T21:57:08+05:30,HDFC Ergo,Insurance,33034.0,INR,SUCCESS,UPI
TXN2025006564,2026-06-09T22:01:38Z,HDFC Ergo,Insurance,6025.29,INR,SUCCESS,Netbanking
TXN2025006565,2025-10-17T02:17:58+05:30,Swiggy,Food & Dining,578.0,INR,SUCCESS,UPI
TXN2025006566,2025-07-19T19:06:43Z,BPCL,Fuel,768.97,INR,SUCCESS,Credit Card
TXN2025006567,2026-01-21T14:03:12Z,ACT Fibernet,Utilities,2477.97,INR,FAILED,Debit Card
TXN2025006568,2025-12-28T13:32:48+05:30,Coursera,Education,37016.5,INR,SUCCESS,Netbanking
TXN2025006569,2025-12-28T00:39:11Z,Starbucks,Food & Dining,186.01,INR,SUCCESS,Netbanking
TXN2025007791,2025-08-10T20:21:36+05:30,Indian Oil,Fuel,1017.77,INR,SUCCESS,Debit Card
TXN2025006571,2026-02-18T17:57:16Z,Jio,Utilities,2336.68,INR,SUCCESS,Debit Card
TXN2025006572,1758095602000,Jio,Utilities,292.97,INR,SUCCESS,Debit Card
TXN2025006573,04/02/2026 14:53:41,1mg,Health,2629.82,INR,SUCCESS,UPI
TXN2025006574,2025-11-15T06:57:43Z,PharmEasy,Health,5749.0,INR,SUCCESS,Credit Card
TXN2025006575,2026-04-10T05:52:31+05:30,Spotify,Entertainment,1092.38,INR,SUCCESS,Netbanking
TXN2025006576,2026-02-22T14:21:16Z,Blinkit,Groceries,4464.46,INR,FAILED,Debit Card
TXN2025006577,2025-12-12T19:50:28+05:30,Domino's,Food & Dining,157.99,INR,SUCCESS,Debit Card
TXN2025006578,2025-09-12T05:22:55Z,LIC Premium,Insurance,21710.24,INR,SUCCESS,UPI
TXN2025006579,2026-04-09T07:33:22+05:30,BPCL,Fuel,1022.0,INR,SUCCESS,Debit Card
TXN2025006580,2026-01-10T20:11:32+05:30,Indian Oil,Fuel,2297.1,INR,SUCCESS,Credit Card
TXN2025006581,27/02/2026 22:19:41,Spotify,Entertainment,2178.66,INR,SUCCESS,Debit Card
TXN2025006582,2025-09-30T02:41:27Z,Udemy,Education,30703.0,INR,SUCCESS,Netbanking
TXN2025006583,2025-08-18T00:05:17Z,1mg,Health,4114.02,INR,SUCCESS,Debit Card
TXN2025006584,2026-02-23T07:20:33Z,Nykaa,Shopping,13993.83,INR,SUCCESS,UPI
TXN2025006585,2026-03-06T17:04:21+05:30,upGrad,Education,21517.0,INR,SUCCESS,UPI
TXN2025006586,2026-02-09T23:36:42Z,Nykaa,Shopping,7083.89,INR,SUCCESS,Netbanking
TXN2025006587,01/10/2025 19:24:46,PharmEasy,Health,4090.0,INR,SUCCESS,UPI
TXN2025006588,2026-02-01T14:01:43+05:30,IRCTC,Travel,5718.0,INR,SUCCESS,Credit Card
TXN2025006589,2025-08-21T11:57:54+05:30,Domino's,Food & Dining,370.33,INR,SUCCESS,Netbanking
TXN2025006590,2025-11-06T12:08:37Z,Spotify,Entertainment,694.0,INR,SUCCESS,Netbanking
TXN2025006591,2026-03-20T02:57:33Z,upGrad,Education,10269.0,INR,SUCCESS,Netbanking
TXN2025006592,2025-09-11T08:24:35+05:30,Rapido,Travel,4424.0,INR,SUCCESS,Credit Card
TXN2025006593,2025-09-15T06:22:24Z,Hotstar,Entertainment,1538.18,INR,FAILED,Debit Card
TXN2025006594,2025-09-02T22:17:50Z,Myntra,Shopping,8328.82,INR,SUCCESS,Credit Card
TXN2025006595,2025-12-26T16:21:00+05:30,PharmEasy,Health,1664.04,INR,SUCCESS,Netbanking
TXN2025006596,2025-10-03T20:59:42+05:30,JioMart,Groceries,5462.0,INR,SUCCESS,Debit Card
TXN2025006597,2025-11-23,Unacademy,Education,39945.66,INR,SUCCESS,UPI
TXN2025006598,2026-03-14T09:11:59+05:30,DMart,Groceries,2156.24,INR,SUCCESS,Netbanking
TXN2025006599,2025-07-29T13:45:34Z,Apollo Pharmacy,Health,690.0,INR,SUCCESS,Debit Card
TXN2025006600,2025-11-13T14:19:59Z,IRCTC,Travel,2855.0,INR,SUCCESS,UPI
TXN2025006601,1752370452000,McDonald's,Food & Dining,658.15,INR,SUCCESS,Credit Card
TXN2025006602,2026-01-16T23:57:12Z,Tata Power,Utilities,721.14,INR,SUCCESS,Credit Card
TXN2025006603,1766431428000,BookMyShow,Entertainment,1539.67,INR,SUCCESS,Debit Card
TXN2025006604,2025-09-15T07:24:38Z,YouTube Premium,Entertainment,587.35,INR,SUCCESS,UPI
TXN2025006605,2026-05-04T04:34:31+05:30,YouTube Premium,,1408.76,INR,SUCCESS,UPI
TXN2025006606,2025-12-03T05:48:25+05:30,HP Petrol,Fuel,2648.0,INR,SUCCESS,Debit Card
TXN2025006607,2026-06-21T11:01:24Z,MakeMyTrip,Travel,7011.29,INR,SUCCESS,Debit Card
TXN2025006608,2025-07-06T20:17:21Z,Flipkart,Shopping,1416.82,INR,SUCCESS,Credit Card
TXN2025006609,1760047201000,ACT Fibernet,Utilities,2772.42,INR,SUCCESS,Credit Card
TXN2025006610,2025-08-14T07:52:50Z,Netflix,Entertainment,803.53,INR,SUCCESS,UPI
TXN2025006611,1780745212000,HP Petrol,Fuel,3698.79,INR,SUCCESS,Netbanking
TXN2025006612,2025-08-13T21:33:19Z,Practo,Health,6271.51,INR,SUCCESS,Credit Card
TXN2025006613,2025-10-04T01:58:46Z,Policybazaar,Insurance,34129.62,INR,PENDING,Netbanking
TXN2025006614,1768179272000,DMart,Groceries,1497.0,INR,SUCCESS,UPI
TXN2025006615,2025-07-15T08:48:20Z,Flipkart,Shopping,1923.54,INR,SUCCESS,Debit Card
TXN2025006616,2025-08-05T16:44:32Z,Tata Power,Utilities,1419.0,INR,SUCCESS,Debit Card
TXN2025006617,2026-05-19T22:53:03Z,Unacademy,Education,9713.0,INR,SUCCESS,Debit Card
TXN2025006618,2026-06-19T23:15:36Z,Blinkit,Groceries,2672.0,INR,SUCCESS,UPI
TXN2025006619,1764373832000,MakeMyTrip,Travel,3206.0,INR,SUCCESS,Credit Card
TXN2025006620,2025-07-02T12:57:57+05:30,Nykaa,Shopping,12062.74,INR,SUCCESS,UPI
TXN2025006621,2025-09-27T17:37:24Z,Policybazaar,Insurance,18625.71,INR,SUCCESS,Netbanking
TXN2025006622,1778200005000,BookMyShow,Entertainment,2295.63,INR,SUCCESS,Debit Card
TXN2025006623,2026-03-14T20:42:16Z,Rapido,Travel,4356.0,INR,FAILED,Netbanking
TXN2025006624,2026-02-07T15:07:38+05:30,Starbucks,Food & Dining,740.0,INR,SUCCESS,UPI
TXN2025006625,2025-11-16T14:21:55Z,Starbucks,Food & Dining,464.37,INR,SUCCESS,Netbanking
TXN2025006626,2026-03-03,Ola,Travel,3168.0,INR,SUCCESS,UPI
TXN2025006627,2025-09-03T00:40:44Z,HDFC Ergo,Insurance,8326.87,INR,FAILED,UPI
TXN2025006628,2026-01-16T14:52:34Z,ACT Fibernet,Utilities,1315.0,INR,SUCCESS,Debit Card
TXN2025006629,2026-01-22,Jio,Utilities,1035.21,INR,SUCCESS,Debit Card
TXN2025006630,2025-09-15T12:43:17+05:30,BigBasket,Groceries,994.0,INR,SUCCESS,Netbanking
TXN2025006631,2026-01-17T21:34:17Z,Spotify,Entertainment,1867.0,INR,SUCCESS,UPI
TXN2025006632,2026-06-07T05:52:34Z,JioMart,Groceries,5457.31,INR,SUCCESS,UPI
TXN2025006633,2025-11-22,Airtel,Utilities,2334.0,INR,SUCCESS,Netbanking
TXN2025006634,2025-11-05T14:48:15Z,BPCL,Fuel,1181.0,INR,SUCCESS,Debit Card
TXN2025006635,2026-02-12T22:07:44Z,PharmEasy,Health,1371.0,INR,SUCCESS,UPI
TXN2025006636,1781859122000,Udemy,Education,16288.86,INR,SUCCESS,Debit Card
TXN2025006637,2025-07-03,Indian Oil,Fuel,951.0,INR,SUCCESS,UPI
TXN2025006638,27/03/2026 06:39:09,IRCTC,Travel,7376.99,INR,SUCCESS,Netbanking
TXN2025006639,2025-10-19T06:19:23Z,Apollo Pharmacy,Health,4130.4,INR,FAILED,Netbanking
TXN2025006640,2026-05-18T15:55:43Z,DMart,Groceries,-1176.87,INR,SUCCESS,UPI
TXN2025006641,2025-08-28T20:36:39Z,Flipkart,Shopping,8296.46,INR,SUCCESS,Debit Card
TXN2025006642,2026-01-12T10:07:50+05:30,upGrad,Education,17589.39,INR,SUCCESS,Netbanking
TXN2025006643,29/07/2025 18:41:19,Hotstar,Entertainment,1004.0,INR,SUCCESS,Credit Card
TXN2025006644,2025-08-18T04:04:56Z,Tata Power,Utilities,815.84,INR,FAILED,Netbanking
TXN2025006645,2026-02-21T09:05:00Z,Tata Power,Utilities,3126.0,INR,FAILED,Netbanking
TXN2025006646,2026-02-09T17:51:54Z,Zepto,Groceries,5752.57,INR,FAILED,Debit Card
TXN2025006647,1770090174000,Ola,Travel,7203.89,INR,PENDING,UPI
TXN2025004974,2025-10-30T23:12:27Z,Flipkart,Shopping,2086.0,INR,SUCCESS,Credit Card
TXN2025006649,2026-01-24,Flipkart,Shopping,6691.71,INR,SUCCESS,Credit Card
TXN2025006650,28/06/2026 18:18:50,IndiGo,Travel,2750.41,INR,SUCCESS,UPI
TXN2025006651,2026-06-06,LIC Premium,Insurance,6327.29,INR,SUCCESS,Debit Card
TXN2025006652,2026-05-20T12:30:08Z,Hotstar,Entertainment,558.44,INR,SUCCESS,Credit Card
TXN2025006653,2025-10-04,Croma,Shopping,526.0,INR,SUCCESS,Debit Card
TXN2025006654,2026-05-07T09:33:48Z,Croma,Shopping,4616.74,INR,SUCCESS,Netbanking
TXN2025006655,1755825148000,BSES,Utilities,1470.0,INR,SUCCESS,Credit Card
TXN2025006656,1773476841000,Udemy,Education,54614.18,INR,SUCCESS,Netbanking
TXN2025006657,2026-04-01T20:35:53Z,Cult.fit,Health,4986.64,INR,SUCCESS,Netbanking
TXN2025006658,2026-06-06T09:41:30+05:30,Zepto,Groceries,595.31,INR,SUCCESS,Netbanking
TXN2025006659,2025-11-09T01:16:24Z,Ajio,Shopping,1674.43,INR,SUCCESS,Debit Card
TXN2025006660,23/09/2025 22:05:10,upGrad,,3794.0,INR,SUCCESS,UPI
TXN2025006661,2026-03-19,Spotify,Entertainment,2157.0,INR,PENDING,Netbanking
TXN2025006662,2026-07-14T06:40:18Z,Nykaa,Shopping,5356.55,INR,SUCCESS,Debit Card
TXN2025006663,2026-06-09T14:40:43Z,BigBasket,Groceries,1342.0,INR,FAILED,Netbanking
TXN2025006664,16/02/2026 03:31:55,HDFC Ergo,Insurance,32716.68,INR,PENDING,Credit Card
TXN2025006665,2025-12-16,PharmEasy,Health,1368.49,INR,SUCCESS,Credit Card
TXN2025006666,2025-09-24T06:10:19+05:30,PharmEasy,Health,3923.72,INR,SUCCESS,UPI
TXN2025006667,2026-02-09T16:24:42Z,BPCL,,1177.04,INR,SUCCESS,Netbanking
TXN2025006668,2025-09-03,Udemy,Education,11351.2,INR,SUCCESS,Netbanking
TXN2025006669,2026-01-02,BPCL,Fuel,3103.64,INR,SUCCESS,UPI
TXN2025006109,2025-11-14T19:30:14+05:30,BigBasket,Groceries,1329.68,INR,SUCCESS,Credit Card
TXN2025006671,2026-02-10T13:25:50Z,Amazon,Shopping,9546.79,INR,FAILED,UPI
TXN2025006672,2026-02-16T03:15:09Z,Amazon,Shopping,-13154.5,INR,SUCCESS,UPI
TXN2025006673,2026-04-01T14:43:57+05:30,Udemy,Education,11322.0,INR,SUCCESS,UPI
TXN2025006674,1779986293000,Netflix,Entertainment,165.07,INR,SUCCESS,UPI
TXN2025006675,2026-02-02T22:26:03+05:30,ACT Fibernet,Utilities,1782.0,INR,SUCCESS,Debit Card
TXN2025006676,2026-02-23T10:20:34Z,Apollo Pharmacy,Health,2085.49,INR,SUCCESS,Credit Card
TXN2025006677,2026-03-31T07:30:43Z,Netflix,Entertainment,1221.22,INR,FAILED,Credit Card
TXN2025006678,2026-05-12T01:38:43Z,McDonald's,Food & Dining,305.39,INR,SUCCESS,Debit Card
TXN2025006679,2026-01-31T07:39:36Z,McDonald's,Food & Dining,596.49,INR,SUCCESS,Debit Card
TXN2025006680,2025-11-21T23:59:17+05:30,BigBasket,Groceries,4565.0,INR,SUCCESS,Debit Card
TXN2025006681,2026-05-16T23:05:46Z,JioMart,Groceries,874.68,INR,SUCCESS,UPI
TXN2025006682,2025-10-23T00:07:57Z,HDFC Ergo,Insurance,14105.0,INR,SUCCESS,Netbanking
TXN2025006683,2026-06-23,IRCTC,Travel,6003.14,INR,SUCCESS,UPI
TXN2025006684,2025-11-10T19:59:43Z,Zomato,Food & Dining,585.39,INR,SUCCESS,Credit Card
TXN2025006685,1775941670000,Jio,Utilities,956.95,INR,SUCCESS,UPI
TXN2025006686,2026-01-07T13:09:15Z,JioMart,Groceries,4483.0,INR,SUCCESS,Netbanking
TXN2025006687,11/12/2025 00:54:17,Nykaa,Shopping,2832.0,INR,SUCCESS,Netbanking
TXN2025006688,2026-07-08T19:23:07Z,Indian Oil,Fuel,3647.38,INR,SUCCESS,Credit Card
TXN2025006689,2026-01-28T10:11:54Z,Unacademy,Education,10313.59,INR,SUCCESS,Credit Card
TXN2025006690,2026-05-04T18:11:13+05:30,HP Petrol,Fuel,820.0,INR,SUCCESS,Credit Card
TXN2025006691,2025-12-20,Netflix,Entertainment,2369.0,INR,SUCCESS,Debit Card
TXN2025006692,2026-06-16T12:32:31Z,Ajio,Shopping,17191.0,INR,SUCCESS,Netbanking
TXN2025006693,2025-10-03,HDFC Ergo,Insurance,13711.19,INR,SUCCESS,Netbanking
TXN2025006694,2026-05-23T11:38:11Z,IRCTC,Travel,818.0,INR,SUCCESS,Credit Card
TXN2025006695,2026-01-12T10:53:44Z,Flipkart,Shopping,16193.8,INR,SUCCESS,Credit Card
TXN2025006696,2026-04-24T14:02:36Z,IndiGo,Travel,673.78,INR,SUCCESS,Debit Card
TXN2025006697,2026-05-13T03:23:36+05:30,Unacademy,Education,45848.0,INR,FAILED,UPI
TXN2025006698,2025-12-09T21:42:42Z,Indian Oil,Fuel,3704.0,INR,SUCCESS,Debit Card
TXN2025006699,2025-07-18T01:34:19Z,BYJU'S,Education,6003.0,INR,SUCCESS,UPI
TXN2025006700,2025-10-06T23:01:09Z,Indian Oil,Fuel,1112.0,INR,success,UPI
TXN2025006701,2026-07-13T10:59:50Z,Airtel,Utilities,350.29,INR,SUCCESS,UPI
TXN2025006702,1766260561000,Jio,Utilities,2293.54,INR,SUCCESS,Credit Card
TXN2025006703,2026-02-21T13:45:26+05:30,Uber,Travel,6883.0,INR,SUCCESS,Netbanking
TXN2025006704,2025-07-08T18:30:16Z,Swiggy,Food & Dining,283.0,INR,SUCCESS,Credit Card
TXN2025006705,21/09/2025 17:43:29,Udemy,Education,17814.25,INR,SUCCESS,Credit Card
TXN2025006706,2025-12-07T12:38:19Z,Zepto,Groceries,2040.0,INR,SUCCESS,UPI
TXN2025006707,2025-12-01T05:04:58Z,Domino's,Food & Dining,747.0,INR,SUCCESS,UPI
TXN2025006708,2025-08-17T03:14:15Z,Swiggy,Food & Dining,610.0,INR,SUCCESS,Debit Card
TXN2025006709,2026-02-07T14:42:00Z,Spotify,Entertainment,934.14,INR,SUCCESS,Credit Card
TXN2025006710,26/08/2025 23:43:37,Starbucks,Food & Dining,682.19,INR,SUCCESS,Credit Card
TXN2025006711,2025-12-12,Unacademy,Education,13528.39,INR,SUCCESS,Netbanking
TXN2025006712,2026-05-05,Ajio,Shopping,11944.93,INR,SUCCESS,UPI
TXN2025006713,2026-06-12,BYJU'S,Education,29227.19,INR,SUCCESS,Netbanking
TXN2025006714,2025-12-24T07:10:10+05:30,BYJU'S,Education,30900.75,INR,SUCCESS,Netbanking
TXN2025006715,2026-06-01T14:43:26Z,BSES,Utilities,2627.31,INR,SUCCESS,Credit Card
TXN2025006716,2025-08-19T18:56:05Z,Indian Oil,Fuel,2421.53,INR,SUCCESS,UPI
TXN2025006717,1766624843000,Shell,Fuel,4383.0,INR,PENDING,Credit Card
TXN2025006718,2025-07-15T20:28:01Z,Domino's,Food & Dining,336.63,INR,SUCCESS,Debit Card
TXN2025006719,2026-04-14T02:26:19+05:30,Myntra,Shopping,10709.0,INR,PENDING,Netbanking
TXN2025006720,2026-04-13T01:05:33+05:30,Indian Oil,Fuel,3733.0,INR,SUCCESS,Credit Card
TXN2025006721,2026-03-24T00:40:16Z,BigBasket,Groceries,946.77,INR,SUCCESS,Netbanking
TXN2025006722,09/04/2026 16:39:11,PharmEasy,Health,4652.65,INR,SUCCESS,UPI
TXN2025006723,2025-11-13T02:03:58+05:30,IndiGo,Travel,5712.13,INR,FAILED,Debit Card
TXN2025006724,2026-02-06T15:25:41Z,Indian Oil,Fuel,1825.0,INR,SUCCESS,Debit Card
TXN2025006725,2025-07-13T13:47:08Z,IndiGo,Travel,6022.74,INR,SUCCESS,Debit Card
TXN2025006726,2026-02-12T09:23:11Z,Zepto,Groceries,3725.42,INR,SUCCESS,Netbanking
TXN2025006727,2025-07-12T20:20:33Z,Amazon,Shopping,12250.0,INR,SUCCESS,Credit Card
TXN2025006728,2025-12-24T21:32:07Z,HP Petrol,Fuel,1756.05,INR,SUCCESS,Credit Card
TXN2025006729,2025-07-30,Starbucks,Food & Dining,696.33,INR,SUCCESS,Debit Card
TXN2025006730,2025-09-10T23:19:11Z,Ola,Travel,4236.0,INR,SUCCESS,Debit Card
TXN2025006731,2025-11-08,Netflix,Entertainment,1753.0,INR,SUCCESS,Credit Card
TXN2025006732,2026-04-21T15:53:08Z,Unacademy,Education,18258.0,INR,SUCCESS,Netbanking
TXN2025006733,16/02/2026 11:38:53,Policybazaar,Insurance,37653.99,INR,FAILED,Netbanking
TXN2025006734,2026-06-05T15:11:07+05:30,Tata Power,Utilities,1744.35,INR,SUCCESS,Credit Card
TXN2025006735,2026-07-14T09:44:06Z,Udemy,Education,39653.31,INR,SUCCESS,UPI
TXN2025006736,21/03/2026 18:00:33,HDFC Ergo,Insurance,2989.92,INR,SUCCESS,UPI
TXN2025006737,2025-10-29T12:43:28+05:30,BigBasket,Groceries,-423.49,INR,SUCCESS,UPI
TXN2025006738,11/08/2025 00:43:46,Myntra,Shopping,14157.0,INR,SUCCESS,Netbanking
TXN2025006739,2025-07-06T20:07:38Z,Spotify,Entertainment,1721.03,INR,SUCCESS,UPI
TXN2025006740,2026-01-31T03:03:48Z,Zomato,Food & Dining,863.0,INR,PENDING,Netbanking
TXN2025006741,2026-07-05T02:47:57Z,BSES,Utilities,470.0,INR,SUCCESS,Credit Card
TXN2025006742,2026-05-16T21:40:45+05:30,Jio,Utilities,616.0,INR,SUCCESS,UPI
TXN2025006743,2025-12-30T07:23:39Z,upGrad,Education,14972.36,INR,SUCCESS,UPI
TXN2025006744,2025-12-29,Zomato,Food & Dining,884.14,INR,SUCCESS,UPI
TXN2025006745,2026-04-28T08:32:45Z,MakeMyTrip,Travel,2331.0,INR,SUCCESS,Debit Card
TXN2025006746,2025-07-12T07:40:52+05:30,Coursera,Education,16862.21,INR,SUCCESS,Credit Card
TXN2025006747,2025-12-12,Ajio,Shopping,5785.45,INR,SUCCESS,Netbanking
TXN2025006748,11/05/2026 21:54:02,Coursera,Education,49175.57,INR,SUCCESS,UPI
TXN2025006749,2025-10-10T01:09:54Z,Policybazaar,Insurance,9730.9,INR,SUCCESS,UPI
TXN2025006750,2026-04-14T15:41:46+05:30,Tata Power,Utilities,1659.62,INR,SUCCESS,Credit Card
TXN2025006751,2025-10-19T03:37:16+05:30,Rapido,Travel,3754.7,INR,PENDING,UPI
TXN2025006752,26/06/2026 19:45:29,Blinkit,Groceries,5173.0,INR,SUCCESS,Credit Card
TXN2025006753,2026-07-15T10:21:43Z,Starbucks,Food & Dining,192.73,INR,SUCCESS,Credit Card
TXN2025006754,2026-06-23T23:12:32Z,Ajio,Shopping,4717.68,INR,SUCCESS,Netbanking
TXN2025006755,2025-09-03T11:42:30+05:30,Spotify,Entertainment,376.81,INR,SUCCESS,Debit Card
TXN2025006756,2025-07-22T20:33:43Z,1mg,Health,702.62,INR,SUCCESS,Credit Card
TXN2025006757,2025-10-13T22:38:57Z,BigBasket,Groceries,1679.59,INR,SUCCESS,Credit Card
TXN2025006758,2025-12-29T21:51:39Z,Netflix,Entertainment,2237.39,INR,FAILED,UPI
TXN2025006759,2025-10-31T04:23:58Z,upGrad,Education,18851.93,INR,FAILED,Credit Card
TXN2025006760,2025-10-08T21:41:29Z,IRCTC,Travel,1286.56,INR,SUCCESS,UPI
TXN2025006761,1752214807000,Myntra,Shopping,10796.55,INR,SUCCESS,Credit Card
TXN2025006762,2025-10-05,Zomato,Food & Dining,415.76,INR,SUCCESS,Netbanking
TXN2025006763,2025-07-13T14:32:06Z,Udemy,Education,32484.0,INR,SUCCESS,Credit Card
TXN2025006764,2025-10-11T14:24:47Z,Uber,Travel,863.41,INR,SUCCESS,Netbanking
TXN2025006765,2026-04-17,Airtel,Utilities,2358.15,INR,SUCCESS,Debit Card
TXN2025006766,2025-10-31,Ola,Travel,5132.74,INR,SUCCESS,Netbanking
TXN2025006767,10/07/2026 02:47:57,Myntra,Shopping,2533.19,INR,SUCCESS,Debit Card
TXN2025006768,2026-02-23T02:27:17Z,Coursera,Education,42279.93,INR,SUCCESS,Debit Card
TXN2025006769,2025-08-03T02:47:04+05:30,HDFC Ergo,Insurance,6954.26,INR,SUCCESS,Debit Card
TXN2025006770,2026-04-27T08:30:25Z,JioMart,Groceries,2093.13,INR,SUCCESS,Credit Card
TXN2025006771,2026-02-28T10:40:24Z,Hotstar,Entertainment,1394.95,INR,SUCCESS,UPI
TXN2025006772,1770787537000,Shell,Fuel,925.87,INR,FAILED,Debit Card
TXN2025006773,2025-09-14T10:40:02Z,Domino's,Food & Dining,262.0,INR,SUCCESS,Debit Card
TXN2025006774,22/07/2025 17:37:02,PharmEasy,Health,1725.0,INR,SUCCESS,Credit Card
TXN2025006775,1780698364000,Coursera,Education,40787.46,INR,SUCCESS,Credit Card
TXN2025006776,2026-06-25T15:28:46+05:30,Indian Oil,Fuel,2571.0,INR,SUCCESS,Debit Card
TXN2025006777,2026-01-14T05:52:46Z,Domino's,Food & Dining,-800.83,INR,SUCCESS,Netbanking
TXN2025006778,2026-05-16T04:14:05Z,IRCTC,Travel,3374.27,INR,SUCCESS,Credit Card
TXN2025006779,2025-12-31T20:02:40+05:30,Netflix,Entertainment,574.14,INR,SUCCESS,Netbanking
TXN2025006780,2025-10-15T04:57:01+05:30,BSES,Utilities,1035.27,INR,SUCCESS,Netbanking
TXN2025006781,2025-10-27T15:44:13Z,Rapido,Travel,7190.0,INR,SUCCESS,Debit Card
TXN2025006782,2026-02-06T16:56:25+05:30,Starbucks,,158.0,INR,SUCCESS,Credit Card
TXN2025006783,2026-07-08,BookMyShow,Entertainment,848.78,INR,SUCCESS,Netbanking
TXN2025006784,2026-01-09T22:52:33+05:30,Spotify,Entertainment,2044.44,INR,SUCCESS,Credit Card
TXN2025006785,1761047491000,BPCL,Fuel,1906.54,INR,FAILED,Netbanking
TXN2025006786,2025-07-09T08:51:11Z,Zomato,Food & Dining,574.0,INR,SUCCESS,UPI
TXN2025006787,2026-05-11T06:37:37Z,Tata Power,Utilities,718.63,INR,SUCCESS,Credit Card
TXN2025006788,2025-12-16T08:58:48Z,1mg,Health,3130.0,INR,SUCCESS,Credit Card
TXN2025006789,2025-12-29T19:25:27Z,Nykaa,Shopping,15218.49,INR,SUCCESS,Netbanking
TXN2025006790,18/11/2025 00:44:45,Apollo Pharmacy,Health,1131.77,INR,SUCCESS,UPI
TXN2025006791,2026-03-24T01:06:22Z,BYJU'S,Education,26753.0,INR,SUCCESS,UPI
TXN2025006792,2026-05-17T06:13:08Z,IRCTC,Travel,1358.0,INR,SUCCESS,Debit Card
TXN2025006793,2026-06-28T21:26:39+05:30,IndiGo,Travel,6131.08,INR,SUCCESS,Debit Card
TXN2025006794,2026-02-08T09:10:44Z,BigBasket,Groceries,5645.64,INR,SUCCESS,Credit Card
TXN2025006795,2026-05-02T09:23:21+05:30,Unacademy,Education,50930.87,INR,SUCCESS,Debit Card
TXN2025006796,2026-06-25T13:41:46Z,Apollo Pharmacy,Health,2986.0,INR,SUCCESS,Debit Card
TXN2025006797,2026-04-11T16:29:01+05:30,BYJU'S,Education,34651.3,INR,SUCCESS,UPI
TXN2025006798,2025-08-12T09:46:03+05:30,Uber,Travel,4147.0,INR,SUCCESS,Debit Card
TXN2025006799,2025-08-25T19:38:12+05:30,Unacademy,Education,40305.26,INR,SUCCESS,UPI
TXN2025006800,27/06/2026 20:46:26,HP Petrol,Fuel,1414.33,INR,FAILED,Debit Card
TXN2025006801,2025-09-19T19:25:54Z,Zomato,Food & Dining,245.89,INR,PENDING,Credit Card
TXN2025006802,2026-06-22T08:01:01Z,BSES,Utilities,1478.63,INR,SUCCESS,UPI
TXN2025006803,2026-04-09T15:41:19Z,Coursera,Education,15945.0,INR,SUCCESS,Debit Card
TXN2025006804,2026-01-31T07:32:03Z,Coursera,Education,20794.0,INR,SUCCESS,Credit Card
TXN2025006805,2025-07-06T22:46:31Z,Indian Oil,Fuel,817.0,INR,SUCCESS,UPI
TXN2025006806,23/01/2026 13:38:21,Ajio,Shopping,12834.72,INR,SUCCESS,Credit Card
TXN2025006807,1774097395000,Domino's,Food & Dining,491.93,INR,FAILED,Debit Card
TXN2025006808,2026-06-27T23:25:45+05:30,PharmEasy,Health,2592.07,INR,SUCCESS,Credit Card
TXN2025006809,2026-01-07T10:33:44+05:30,Airtel,Utilities,2773.48,INR,FAILED,Debit Card
TXN2025006810,2026-03-29T07:37:38Z,Uber,Travel,2015.0,INR,SUCCESS,Credit Card
TXN2025006811,2026-06-07T20:28:50+05:30,Policybazaar,Insurance,10325.62,INR,SUCCESS,Credit Card
TXN2025006812,2026-01-18T17:31:38Z,LIC Premium,Insurance,31820.17,INR,SUCCESS,Netbanking
TXN2025006813,2026-07-08T00:31:28Z,HDFC Ergo,Insurance,23771.0,INR,SUCCESS,UPI
TXN2025006814,2026-01-07T04:29:39+05:30,Domino's,Food & Dining,129.3,INR,SUCCESS,Credit Card
TXN2025006815,2026-03-01T03:12:41Z,McDonald's,Food & Dining,320.82,INR,SUCCESS,Netbanking
TXN2025006816,2026-05-03T14:31:17Z,Apollo Pharmacy,Health,4715.41,INR,SUCCESS,Credit Card
TXN2025006817,2026-01-01T18:53:40Z,ACT Fibernet,Utilities,425.33,INR,SUCCESS,UPI
TXN2025006818,2026-02-06T12:13:51+05:30,Zomato,Food & Dining,397.0,INR,SUCCESS,Credit Card
TXN2025006819,2026-03-16T08:43:31+05:30,McDonald's,Food & Dining,553.0,INR,SUCCESS,Debit Card
TXN2025006820,2025-09-29T11:08:49+05:30,Starbucks,,491.0,INR,SUCCESS,Netbanking
TXN2025006821,2026-01-01T18:15:24Z,MakeMyTrip,Travel,1127.0,INR,SUCCESS,Debit Card
TXN2025006822,2025-07-21,Amazon,Shopping,13447.66,INR,SUCCESS,Credit Card
TXN2025006823,1763827972000,Unacademy,Education,38277.45,INR,SUCCESS,UPI
TXN2025006824,2025-07-07T23:16:49Z,HP Petrol,Fuel,1097.51,INR,SUCCESS,UPI
TXN2025006825,1773293362000,BSES,Utilities,697.0,INR,SUCCESS,Netbanking
TXN2025006826,2025-08-17T02:01:33+05:30,Amazon,Shopping,15730.4,INR,SUCCESS,Debit Card
TXN2025006827,07/03/2026 18:52:35,Netflix,Entertainment,572.15,INR,SUCCESS,Debit Card
TXN2025006828,2025-09-29T20:55:05Z,Apollo Pharmacy,Health,2982.0,INR,SUCCESS,UPI
TXN2025006829,1781294792000,DMart,Groceries,4920.94,INR,SUCCESS,Netbanking
TXN2025006830,1777801432000,Netflix,Entertainment,419.34,INR,SUCCESS,UPI
TXN2025006831,2026-06-29T11:39:18+05:30,Ola,Travel,1672.0,INR,SUCCESS,UPI
TXN2025006832,2025-10-18T16:20:19Z,Jio,Utilities,3050.29,INR,SUCCESS,Netbanking
TXN2025006833,2026-04-11T22:09:38Z,JioMart,Groceries,367.19,INR,SUCCESS,UPI
TXN2025006834,1768529571000,MakeMyTrip,Travel,8408.0,INR,SUCCESS,Netbanking
TXN2025006835,2026-04-30T10:53:48+05:30,ACT Fibernet,Utilities,2343.77,INR,SUCCESS,Debit Card
TXN2025006836,1751472147000,JioMart,Groceries,4191.0,INR,SUCCESS,Debit Card
TXN2025006837,2025-07-17T12:09:59Z,Apollo Pharmacy,Health,5308.0,INR,FAILED,Netbanking
TXN2025006838,2026-02-27T08:11:20Z,Uber,Travel,8131.06,INR,SUCCESS,Netbanking
TXN2025006839,2026-07-06T19:47:58Z,Ajio,Shopping,8209.77,INR,PENDING,UPI
TXN2025006840,2026-03-25T15:53:23Z,Shell,Fuel,4145.0,INR,SUCCESS,UPI
TXN2025006841,2026-03-10T22:33:54+05:30,Zepto,Groceries,4821.41,INR,SUCCESS,Debit Card
TXN2025006842,22/03/2026 20:30:18,Policybazaar,Insurance,26992.0,INR,SUCCESS,Debit Card
TXN2025006843,2025-11-27T16:53:47Z,Hotstar,Entertainment,492.8,INR,SUCCESS,Credit Card
TXN2025006844,2026-02-08T16:30:52Z,Blinkit,Groceries,3747.0,INR,SUCCESS,UPI
TXN2025006845,2026-04-04,Jio,Utilities,2787.57,INR,SUCCESS,Netbanking
TXN2025006846,01/02/2026 21:28:57,Airtel,,1046.0,INR,SUCCESS,Netbanking
TXN2025006847,29/06/2026 12:09:35,Apollo Pharmacy,Health,3648.59,INR,SUCCESS,Debit Card
TXN2025006848,2025-07-30,Shell,Fuel,1758.0,INR,SUCCESS,UPI
TXN2025006849,2025-12-17T14:50:43+05:30,Starbucks,Food & Dining,428.33,INR,SUCCESS,Credit Card
TXN2025006850,1766327138000,Jio,Utilities,1156.0,INR,FAILED,Credit Card
TXN2025006851,2026-06-12T11:41:48Z,Udemy,Education,32269.02,INR,SUCCESS,Credit Card
TXN2025006852,2025-08-31T22:48:41Z,Tata Power,Utilities,1759.0,INR,SUCCESS,Credit Card
TXN2025006853,20/03/2026 10:48:22,Myntra,Shopping,7959.0,INR,SUCCESS,Credit Card
TXN2025006854,2025-12-18T07:29:13+05:30,Rapido,Travel,8843.15,INR,SUCCESS,UPI
TXN2025006855,1767497302000,BigBasket,Groceries,2810.0,INR,SUCCESS,Credit Card
TXN2025006856,2026-05-22T10:45:08+05:30,BookMyShow,Entertainment,959.06,INR,SUCCESS,Debit Card
TXN2025006857,15/12/2025 19:33:08,Hotstar,Entertainment,1997.0,INR,SUCCESS,Credit Card
TXN2025006858,2026-04-28T16:42:42Z,Policybazaar,Insurance,-3431.71,INR,SUCCESS,Credit Card
TXN2025006859,2026-04-28T11:46:30+05:30,BSES,Utilities,3344.34,INR,SUCCESS,UPI
TXN2025006860,2025-09-10T11:00:55Z,Nykaa,Shopping,6778.23,INR,SUCCESS,Credit Card
TXN2025006861,2025-11-10T14:12:15+05:30,IndiGo,Travel,242.77,INR,SUCCESS,Debit Card
TXN2025006862,2026-03-31T19:32:06Z,PharmEasy,Health,938.0,INR,SUCCESS,Credit Card
TXN2025006863,2025-07-03T16:22:47+05:30,JioMart,Groceries,4720.88,INR,PENDING,UPI
TXN2025006864,2025-09-21T10:28:29Z,JioMart,Groceries,5526.18,INR,SUCCESS,UPI
TXN2025006865,2026-06-16T00:34:34Z,upGrad,Education,52501.0,INR,SUCCESS,UPI
TXN2025006866,2026-03-11T20:25:15Z,IndiGo,Travel,7431.97,INR,SUCCESS,Credit Card
TXN2025006867,2026-06-29T14:07:13+05:30,PharmEasy,Health,3681.74,INR,SUCCESS,Debit Card
TXN2025006868,2026-05-30T15:32:09+05:30,Practo,,6246.67,INR,SUCCESS,Netbanking
TXN2025006869,2025-12-13T06:52:50Z,Zomato,Food & Dining,694.37,INR,SUCCESS,UPI
TXN2025006870,2026-05-19T17:15:02Z,ACT Fibernet,Utilities,1098.77,INR,SUCCESS,Credit Card
TXN2025006871,2025-07-20T12:45:07Z,IndiGo,Travel,7872.0,INR,SUCCESS,UPI
TXN2025006872,2025-10-28T17:23:49Z,LIC Premium,Insurance,34905.86,INR,SUCCESS,Credit Card
TXN2025006873,1775742832000,BookMyShow,Entertainment,1465.0,INR,SUCCESS,Netbanking
TXN2025006874,2025-12-17T08:29:37Z,IndiGo,Travel,4632.86,INR,SUCCESS,UPI
TXN2025006875,2026-05-07T10:57:14Z,Netflix,Entertainment,2246.17,INR,FAILED,UPI
TXN2025006876,2026-05-20T15:17:32+05:30,HDFC Ergo,Insurance,14013.83,INR,SUCCESS,Netbanking
TXN2025006877,2026-04-22T06:37:48+05:30,Jio,Utilities,602.0,INR,SUCCESS,Netbanking
TXN2025006878,2026-01-13T05:52:18Z,Zepto,Groceries,682.0,INR,FAILED,Credit Card
TXN2025006879,1775937594000,Cult.fit,Health,585.0,INR,SUCCESS,Netbanking
TXN2025006880,2026-03-24T10:26:37+05:30,Uber,Travel,3880.73,INR,SUCCESS,Credit Card
TXN2025006881,2026-04-03T23:11:54Z,Amazon,Shopping,11522.0,INR,SUCCESS,Credit Card
TXN2025006882,2025-07-06T13:16:18+05:30,Myntra,Shopping,5892.86,INR,SUCCESS,UPI
TXN2025006883,2026-03-28T02:03:50Z,IRCTC,Travel,7778.0,INR,SUCCESS,Debit Card
TXN2025006884,2026-06-24,BYJU'S,Education,15746.91,INR,FAILED,Debit Card
TXN2025006885,2025-07-28T08:55:53Z,YouTube Premium,Entertainment,1214.89,INR,SUCCESS,Debit Card
TXN2025006886,2026-03-27T23:10:25Z,Myntra,Shopping,13306.66,INR,SUCCESS,Netbanking
TXN2025006887,2026-02-14T13:16:38Z,Swiggy,Food & Dining,351.43,INR,SUCCESS,UPI
TXN2025006888,2025-10-29T04:59:49Z,Flipkart,Shopping,7442.99,INR,SUCCESS,Netbanking
TXN2025006889,15/05/2026 03:50:56,Udemy,Education,22635.67,INR,SUCCESS,Netbanking
TXN2025006890,2026-05-14T01:36:02+05:30,Policybazaar,Insurance,32861.67,INR,SUCCESS,Netbanking
TXN2025006891,2026-07-13T12:23:29Z,BookMyShow,Entertainment,1091.0,INR,SUCCESS,UPI
TXN2025006892,2026-03-18,BPCL,Fuel,1911.0,INR,SUCCESS,Debit Card
TXN2025006893,2025-11-05T17:57:48Z,Udemy,Education,8541.77,INR,PENDING,Credit Card
TXN2025006894,1770542483000,McDonald's,Food & Dining,502.0,INR,SUCCESS,Netbanking
TXN2025006895,2026-01-06T03:43:57Z,HP Petrol,Fuel,1037.44,INR,SUCCESS,Netbanking
TXN2025006896,2025-09-03T11:25:46Z,Spotify,Entertainment,852.0,INR,SUCCESS,Netbanking
TXN2025000336,2026-03-26T15:35:30Z,McDonald's,Food & Dining,655.81,INR,SUCCESS,Netbanking
TXN2025006898,29/12/2025 12:36:24,1mg,Health,1315.65,INR,SUCCESS,Credit Card
TXN2025006899,2025-10-15T19:33:03Z,Udemy,Education,29413.6,INR,SUCCESS,UPI
TXN2025006900,2025-12-09T03:00:49+05:30,BookMyShow,Entertainment,2030.0,INR,SUCCESS,Credit Card
TXN2025006901,2026-06-02T08:55:19Z,PharmEasy,Health,406.0,INR,SUCCESS,Debit Card
TXN2025006902,2026-03-28T04:27:53Z,IndiGo,Travel,689.0,INR,SUCCESS,Credit Card
TXN2025006903,2025-08-11T21:44:21Z,IndiGo,Travel,7423.02,INR,SUCCESS,Debit Card
TXN2025006904,2026-01-11T20:48:42+05:30,Coursera,Education,2157.44,INR,SUCCESS,Debit Card
TXN2025006905,21/08/2025 19:39:18,JioMart,Groceries,3281.0,INR,SUCCESS,Debit Card
TXN2025006906,2025-11-11T05:06:37Z,Netflix,Entertainment,509.83,INR,SUCCESS,Debit Card
TXN2025006907,2025-10-07T00:10:46Z,Ola,Travel,3826.2,INR,FAILED,Netbanking
TXN2025006908,2025-07-29T07:05:07+05:30,BYJU'S,Education,52499.0,INR,SUCCESS,Credit Card
TXN2025006909,1754294285000,Udemy,Education,28089.74,INR,SUCCESS,Credit Card
TXN2025006910,1765542458000,JioMart,Groceries,2289.86,INR,SUCCESS,Netbanking
TXN2025006911,2026-05-23T14:25:26+05:30,IndiGo,Travel,5982.0,INR,SUCCESS,Debit Card
TXN2025006912,2026-03-15T18:10:25Z,BYJU'S,Education,48802.07,INR,SUCCESS,UPI
TXN2025006913,05/11/2025 00:03:15,Tata Power,Utilities,2355.98,INR,SUCCESS,Netbanking
TXN2025006914,2026-04-18T06:14:49+05:30,Domino's,Food & Dining,660.15,INR,SUCCESS,UPI
TXN2025006915,1765554345000,HDFC Ergo,Insurance,18138.0,INR,SUCCESS,Debit Card
TXN2025006916,1756949393000,Cult.fit,Health,3373.11,INR,SUCCESS,Credit Card
TXN2025006917,2026-01-25T04:43:20Z,Hotstar,Entertainment,2033.81,INR,SUCCESS,Credit Card
TXN2025006918,2025-08-15T09:47:52+05:30,Jio,Utilities,1933.2,INR,SUCCESS,Netbanking
TXN2025006919,1779442157000,Ola,Travel,4020.14,INR,SUCCESS,UPI
TXN2025006920,2026-03-12T08:50:46+05:30,Amazon,Shopping,14693.0,INR,SUCCESS,UPI
TXN2025006921,2026-02-26T14:43:25Z,1mg,Health,5349.16,INR,SUCCESS,Credit Card
TXN2025006922,2025-12-24T03:55:07Z,Swiggy,Food & Dining,266.54,INR,SUCCESS,UPI
TXN2025006923,1763566657000,Ajio,Shopping,2542.13,INR,SUCCESS,UPI
TXN2025006924,2025-11-14,Apollo Pharmacy,Health,434.0,INR,SUCCESS,Netbanking
TXN2025006925,2026-04-07T14:31:32Z,Croma,Shopping,14933.49,INR,SUCCESS,Netbanking
TXN2025006926,2025-11-29T11:57:29Z,upGrad,Education,10874.0,INR,SUCCESS,Netbanking
TXN2025006927,2026-02-19T10:03:24Z,YouTube Premium,Entertainment,659.32,INR,SUCCESS,Debit Card
TXN2025006928,2026-04-10T23:18:25Z,Domino's,Food & Dining,527.0,INR,SUCCESS,Netbanking
TXN2025006929,2025-08-05T05:53:04Z,Ajio,Shopping,6051.53,INR,SUCCESS,UPI
TXN2025006930,1761823126000,IndiGo,Travel,672.16,INR,SUCCESS,Debit Card
TXN2025006931,2025-07-24T13:44:54Z,McDonald's,Food & Dining,-644.6,INR,SUCCESS,Debit Card
TXN2025006932,2025-11-12T08:20:55Z,HP Petrol,Fuel,1690.1,INR,SUCCESS,Netbanking
TXN2025006933,1776327384000,BigBasket,Groceries,2403.71,INR,SUCCESS,Credit Card
TXN2025006934,2026-01-16T23:13:40Z,HDFC Ergo,Insurance,34884.1,INR,SUCCESS,Netbanking
TXN2025006935,2025-10-26T03:57:10Z,Zomato,Food & Dining,228.0,INR,SUCCESS,UPI
TXN2025006936,2026-01-04T19:43:28Z,Zomato,Food & Dining,827.0,INR,SUCCESS,Credit Card
TXN2025006937,2025-10-02T13:41:12Z,IndiGo,Travel,6163.57,INR,SUCCESS,Netbanking
TXN2025006938,2025-12-17T03:51:14Z,BSES,Utilities,2277.0,INR,SUCCESS,Debit Card
TXN2025006939,2025-08-19T10:16:39+05:30,Rapido,Travel,4079.0,INR,SUCCESS,Debit Card
TXN2025006940,2025-10-29T09:15:58+05:30,BSES,Utilities,3325.0,INR,SUCCESS,UPI
TXN2025006941,2026-06-18T20:16:29Z,Blinkit,Groceries,2968.0,INR,SUCCESS,Netbanking
TXN2025006942,2025-10-04T22:47:43+05:30,Jio,Utilities,548.98,INR,SUCCESS,Credit Card
TXN2025006943,2025-10-12T04:11:07Z,Apollo Pharmacy,Health,5253.0,INR,success,Netbanking
TXN2025006944,2025-07-27T13:23:07Z,BYJU'S,Education,3753.0,INR,SUCCESS,UPI
TXN2025006945,2026-05-19T07:22:54Z,Udemy,Education,6303.08,INR,SUCCESS,Credit Card
TXN2025006946,2026-02-26,Apollo Pharmacy,Health,496.0,INR,SUCCESS,Debit Card
TXN2025006947,2025-12-21T09:20:16+05:30,Indian Oil,Fuel,1223.0,INR,SUCCESS,Credit Card
TXN2025006948,2025-07-27T21:44:33Z,IRCTC,Travel,6402.73,INR,SUCCESS,UPI
TXN2025006949,2026-02-18T23:41:52Z,MakeMyTrip,Travel,4159.0,INR,SUCCESS,Credit Card
TXN2025006950,2026-03-28T09:18:36Z,Airtel,Utilities,1343.0,INR,SUCCESS,Debit Card
TXN2025006951,2025-10-20T13:12:30Z,Tata Power,Utilities,2404.0,INR,SUCCESS,UPI
TXN2025006952,2025-09-11T09:12:55Z,HDFC Ergo,Insurance,4948.53,INR,SUCCESS,UPI
TXN2025006953,2026-03-19T03:04:40Z,BYJU'S,Education,22145.59,INR,SUCCESS,UPI
TXN2025006954,2025-10-06T09:59:12Z,Domino's,Food & Dining,123.0,INR,SUCCESS,Netbanking
TXN2025006955,2025-10-21T10:26:27Z,Rapido,Travel,7913.66,INR,SUCCESS,Credit Card
TXN2025006956,2026-05-05T06:40:40Z,Croma,Shopping,13565.41,INR,SUCCESS,UPI
TXN2025006957,24/06/2026 13:31:23,Rapido,Travel,1496.72,INR,SUCCESS,UPI
TXN2025006958,2025-09-03T03:18:34+05:30,Cult.fit,Health,536.16,INR,SUCCESS,Netbanking
TXN2025006959,2025-12-27T08:25:59+05:30,BYJU'S,Education,28011.0,INR,SUCCESS,UPI
TXN2025006960,2025-12-21T05:22:10+05:30,Cult.fit,Health,3624.81,INR,SUCCESS,Debit Card
TXN2025006961,2026-06-21T12:15:19Z,Coursera,Education,27049.0,INR,FAILED,Credit Card
TXN2025006962,2025-07-06T07:27:25Z,Shell,Fuel,3502.0,INR,SUCCESS,UPI
TXN2025006963,2026-07-14T14:32:08Z,Starbucks,Food & Dining,639.0,INR,SUCCESS,Debit Card
TXN2025006964,2026-07-07T19:03:23+05:30,Indian Oil,Fuel,3423.54,INR,SUCCESS,Netbanking
TXN2025006965,2025-12-08T05:41:24Z,JioMart,Groceries,1917.01,INR,SUCCESS,Netbanking
TXN2025006966,1766827833000,Croma,Shopping,10105.0,INR,SUCCESS,UPI
TXN2025006967,2026-03-05T10:30:11Z,IndiGo,Travel,2745.8,INR,SUCCESS,Credit Card
TXN2025006968,1763176639000,Uber,Travel,6463.29,INR,SUCCESS,Netbanking
TXN2025006969,2025-07-26T00:53:02Z,HP Petrol,Fuel,1640.18,INR,SUCCESS,Debit Card
TXN2025006970,2025-08-17T00:37:00+05:30,HDFC Ergo,Insurance,17316.0,INR,SUCCESS,Debit Card
TXN2025006971,2026-04-20T11:42:14Z,ACT Fibernet,Utilities,873.24,INR,SUCCESS,Debit Card
TXN2025006972,2026-01-10T20:01:06Z,Flipkart,Shopping,14251.28,INR,SUCCESS,Netbanking
TXN2025006973,2026-06-20T14:53:13+05:30,Netflix,Entertainment,1803.25,INR,SUCCESS,Netbanking
TXN2025006974,1777669939000,DMart,,4797.0,INR,SUCCESS,Credit Card
TXN2025006975,2025-08-29T08:43:20Z,BYJU'S,Education,12821.33,INR,SUCCESS,Netbanking
TXN2025006976,2025-08-24T00:20:06Z,HDFC Ergo,Insurance,-11973.0,INR,SUCCESS,UPI
TXN2025006977,2025-08-19T10:26:48Z,Apollo Pharmacy,Health,1244.33,INR,SUCCESS,UPI
TXN2025006978,1782104761000,LIC Premium,Insurance,11724.26,INR,SUCCESS,Debit Card
TXN2025006979,2025-09-28T06:22:39+05:30,LIC Premium,Insurance,9121.46,INR,FAILED,Netbanking
TXN2025006980,2025-08-25T15:56:54Z,YouTube Premium,Entertainment,254.0,INR,SUCCESS,Debit Card
TXN2025006981,2025-12-31T00:35:30Z,IRCTC,Travel,705.28,INR,SUCCESS,UPI
TXN2025006982,2026-02-15T06:20:38+05:30,MakeMyTrip,Travel,7152.0,INR,FAILED,Credit Card
TXN2025003957,1763444960000,Myntra,Shopping,634.89,INR,SUCCESS,Credit Card
TXN2025006984,2026-02-21T03:51:44Z,Zepto,Groceries,5387.2,INR,SUCCESS,Credit Card
TXN2025006985,05/04/2026 04:23:31,1mg,Health,4520.0,INR,SUCCESS,Debit Card
TXN2025006986,2025-10-09T20:40:14Z,Apollo Pharmacy,Health,2849.0,INR,SUCCESS,Netbanking
TXN2025006987,2026-05-11T08:08:43Z,Jio,Utilities,2433.67,INR,SUCCESS,Credit Card
TXN2025006988,2026-01-25T21:39:20Z,1mg,Health,522.88,INR,SUCCESS,Debit Card
TXN2025006989,2026-02-27T23:49:36Z,Policybazaar,Insurance,20704.85,INR,SUCCESS,UPI
TXN2025006990,2025-12-03T01:10:24+05:30,Airtel,Utilities,1869.0,INR,PENDING,Netbanking
TXN2025006991,2025-09-25T05:00:47+05:30,BookMyShow,Entertainment,1577.39,INR,SUCCESS,UPI
TXN2025006992,2025-09-20T16:42:44+05:30,Unacademy,Education,53258.74,INR,SUCCESS,Netbanking
TXN2025006993,2025-11-16,Indian Oil,Fuel,1135.08,INR,SUCCESS,UPI
TXN2025006994,1762522019000,HP Petrol,Fuel,1807.92,INR,SUCCESS,Netbanking
TXN2025006995,2025-11-24T04:25:41Z,Croma,Shopping,10425.75,INR,SUCCESS,Credit Card
TXN2025006996,2025-11-05T03:32:13+05:30,IRCTC,Travel,7303.31,INR,SUCCESS,Credit Card
TXN2025006997,2026-04-05T13:15:15Z,ACT Fibernet,Utilities,1008.66,INR,SUCCESS,Credit Card
TXN2025006998,2025-10-14T01:04:27+05:30,BSES,Utilities,3371.11,INR,FAILED,Credit Card
TXN2025006999,1759808051000,Ola,Travel,7072.42,INR,FAILED,Debit Card
TXN2025007000,2025-11-15T00:46:52Z,Jio,Utilities,1573.0,INR,SUCCESS,Debit Card
TXN2025007001,2026-01-29T03:28:36Z,1mg,Health,5142.74,INR,SUCCESS,Netbanking
TXN2025007002,2026-01-29T22:35:43Z,Indian Oil,Fuel,2083.42,INR,SUCCESS,Netbanking
TXN2025007003,1759716274000,Practo,Health,6773.0,INR,SUCCESS,Debit Card
TXN2025007004,2026-05-06,Zomato,Food & Dining,708.05,INR,SUCCESS,Debit Card
TXN2025007005,2026-04-01T10:47:37Z,Amazon,Shopping,9530.5,INR,SUCCESS,Netbanking
TXN2025007006,2025-07-19T06:32:15+05:30,Amazon,Shopping,4401.0,INR,SUCCESS,Credit Card
TXN2025007007,2026-01-28T05:15:57Z,upGrad,Education,36411.45,INR,SUCCESS,UPI
TXN2025007008,2025-10-13T00:35:28+05:30,Myntra,Shopping,7322.49,INR,SUCCESS,Netbanking
TXN2025007009,2026-05-20T02:41:50Z,PharmEasy,Health,616.0,INR,SUCCESS,Netbanking
TXN2025007010,1772502446000,ACT Fibernet,Utilities,2188.14,INR,SUCCESS,UPI
TXN2025007011,2025-08-31T21:16:35Z,Amazon,Shopping,14044.56,INR,SUCCESS,UPI
TXN2025007012,2025-11-20T07:46:49Z,BookMyShow,Entertainment,654.61,INR,SUCCESS,UPI
TXN2025007013,2025-08-08T09:01:57Z,Swiggy,Food & Dining,609.0,INR,SUCCESS,Credit Card
TXN2025007014,2026-05-12T18:37:41Z,IRCTC,Travel,844.0,INR,SUCCESS,Credit Card
TXN2025007015,2026-02-16T13:11:30+05:30,Unacademy,Education,4593.74,INR,SUCCESS,Credit Card
TXN2025007016,2025-10-03T16:31:53Z,Amazon,Shopping,3314.0,INR,SUCCESS,Netbanking
TXN2025007017,1757446394000,BSES,Utilities,818.08,INR,SUCCESS,Debit Card
TXN2025007018,2025-10-03T20:59:33Z,1mg,Health,274.45,INR,SUCCESS,Netbanking
TXN2025007019,09/02/2026 10:08:20,ACT Fibernet,Utilities,2297.49,INR,SUCCESS,UPI
TXN2025007020,2026-03-12T19:50:19+05:30,Swiggy,Food & Dining,665.34,INR,SUCCESS,UPI
TXN2025007021,2026-07-08T09:32:41Z,Tata Power,Utilities,1441.0,INR,SUCCESS,Credit Card
TXN2025007022,2025-10-08T15:34:43Z,Blinkit,Groceries,5144.64,INR,SUCCESS,Netbanking
TXN2025007023,19/10/2025 13:23:35,Myntra,Shopping,6928.0,INR,SUCCESS,Netbanking
TXN2025007024,1766917591000,Zepto,Groceries,2781.0,INR,SUCCESS,UPI
TXN2025007025,2025-08-21T19:08:20+05:30,BYJU'S,Education,38257.01,INR,SUCCESS,Credit Card
TXN2025007026,2026-05-24T10:58:12Z,Shell,Fuel,4369.45,INR,SUCCESS,UPI
TXN2025007027,11/04/2026 13:58:03,Domino's,Food & Dining,606.13,INR,SUCCESS,UPI
TXN2025007028,01/03/2026 12:59:26,Shell,Fuel,4232.0,INR,PENDING,UPI
TXN2025007029,25/11/2025 17:57:12,Uber,Travel,7568.0,INR,SUCCESS,UPI
TXN2025007030,2026-04-02T13:56:21Z,Zomato,Food & Dining,412.23,INR,SUCCESS,Credit Card
TXN2025007031,23/08/2025 22:00:40,Rapido,Travel,6341.47,INR,SUCCESS,Debit Card
TXN2025007032,2025-11-17T22:45:36Z,Uber,Travel,6460.31,INR,SUCCESS,UPI
TXN2025007033,2025-12-17T13:54:02+05:30,Croma,Shopping,1907.0,INR,SUCCESS,Debit Card
TXN2025007034,2026-06-17,LIC Premium,Insurance,12670.14,INR,SUCCESS,Credit Card
TXN2025007035,2025-07-11T02:10:19Z,Croma,Shopping,16067.98,INR,SUCCESS,UPI
TXN2025007036,2026-05-08T22:24:38+05:30,Hotstar,Entertainment,1197.0,INR,SUCCESS,Netbanking
TXN2025007037,1783288424000,HDFC Ergo,Insurance,22175.18,INR,SUCCESS,UPI
TXN2025007038,2026-01-13T17:57:21Z,Uber,Travel,3014.0,INR,SUCCESS,Debit Card
TXN2025007039,2026-04-29T13:57:28Z,Policybazaar,Insurance,8017.47,INR,SUCCESS,Credit Card
TXN2025007040,2025-08-02T11:51:17+05:30,Croma,,1070.05,INR,SUCCESS,Debit Card
TXN2025007041,03/07/2026 03:59:19,IRCTC,Travel,5838.0,INR,SUCCESS,UPI
TXN2025007042,2026-01-19T11:00:55Z,Spotify,Entertainment,2010.0,INR,SUCCESS,UPI
TXN2025007043,2025-11-02T23:02:15Z,Starbucks,Food & Dining,638.0,INR,PENDING,UPI
TXN2025007044,2026-01-29T11:53:10Z,HP Petrol,Fuel,1537.0,INR,PENDING,Netbanking
TXN2025007045,2026-01-09T20:23:56+05:30,ACT Fibernet,Utilities,1673.0,INR,SUCCESS,Debit Card
TXN2025007046,2026-04-11T18:21:08Z,Jio,Utilities,1691.88,INR,FAILED,Credit Card
TXN2025007047,2026-03-14T01:01:17Z,Zomato,Food & Dining,627.32,INR,SUCCESS,UPI
TXN2025007048,05/11/2025 06:08:04,JioMart,Groceries,5622.0,INR,SUCCESS,UPI
TXN2025007049,2025-09-03T20:32:00+05:30,Amazon,Shopping,9131.0,INR,SUCCESS,Netbanking
TXN2025007050,2025-09-11T18:40:41+05:30,IndiGo,Travel,8382.0,INR,SUCCESS,UPI
TXN2025007051,2025-09-30T12:35:07Z,Myntra,Shopping,15295.15,INR,SUCCESS,UPI
TXN2025007052,2025-07-25T07:40:06Z,Spotify,Entertainment,402.77,INR,SUCCESS,Debit Card
TXN2025007053,2025-11-26T21:05:48+05:30,Zomato,Food & Dining,453.0,INR,SUCCESS,UPI
TXN2025007054,2025-11-19T02:04:37Z,McDonald's,Food & Dining,810.92,INR,SUCCESS,Credit Card
TXN2025007055,26/07/2025 16:29:59,Zepto,Groceries,536.0,INR,SUCCESS,Netbanking
TXN2025007056,2026-07-05T07:37:23+05:30,Cult.fit,Health,5035.0,INR,SUCCESS,UPI
TXN2025007057,2025-11-30T08:22:44Z,LIC Premium,Insurance,4915.0,INR,SUCCESS,Debit Card
TXN2025007058,2026-02-01T18:11:59Z,Airtel,Utilities,2070.24,INR,PENDING,Credit Card
TXN2025007059,2026-07-06T18:47:20Z,Cult.fit,Health,4652.0,INR,SUCCESS,UPI
TXN2025007060,1761639796000,Airtel,Utilities,2636.31,INR,SUCCESS,Debit Card
TXN2025007061,1769508416000,Shell,Fuel,3238.96,INR,SUCCESS,UPI
TXN2025007062,2026-04-19T05:33:41Z,Apollo Pharmacy,Health,577.0,INR,SUCCESS,Debit Card
TXN2025007063,2025-12-04T04:00:11+05:30,upGrad,Education,22970.62,INR,FAILED,Netbanking
TXN2025007064,2025-11-09T03:56:43Z,YouTube Premium,Entertainment,2269.88,INR,SUCCESS,Debit Card
TXN2025007065,2026-01-04T17:08:26Z,Apollo Pharmacy,Health,2883.0,INR,SUCCESS,Credit Card
TXN2025007066,2025-07-30T03:59:45+05:30,Flipkart,Shopping,-8289.0,INR,SUCCESS,Netbanking
TXN2025007067,29/08/2025 06:03:33,Policybazaar,Insurance,32243.0,INR,SUCCESS,Credit Card
TXN2025007068,2025-11-13T16:47:58Z,BPCL,Fuel,516.79,INR,SUCCESS,Debit Card
TXN2025007069,1766758298000,Airtel,Utilities,1865.0,INR,SUCCESS,Credit Card
TXN2025007070,1753298605000,DMart,Groceries,5213.62,INR,FAILED,Debit Card
TXN2025007071,2026-01-23T10:10:28Z,Cult.fit,Health,4178.18,INR,SUCCESS,Netbanking
TXN2025007072,2025-09-06T19:52:16+05:30,IndiGo,Travel,3374.7,INR,PENDING,Credit Card
TXN2025007073,1758521071000,Practo,Health,4312.63,INR,SUCCESS,Debit Card
TXN2025007074,2025-07-06T22:39:50Z,upGrad,Education,26519.75,INR,SUCCESS,Debit Card
TXN2025007075,2026-02-09T10:25:44+05:30,Zomato,Food & Dining,817.54,INR,SUCCESS,Netbanking
TXN2025007076,2026-05-07T15:42:08+05:30,Coursera,Education,23878.58,INR,SUCCESS,Debit Card
TXN2025007077,22/08/2025 13:13:43,BookMyShow,Entertainment,821.0,INR,SUCCESS,Netbanking
TXN2025007078,2026-04-07,IndiGo,Travel,5352.0,INR,SUCCESS,Netbanking
TXN2025007079,2026-02-19T21:06:04Z,Unacademy,Education,19726.73,INR,SUCCESS,Netbanking
TXN2025007080,2026-07-12T22:52:48Z,Coursera,Education,25514.0,INR,SUCCESS,Netbanking
TXN2025007081,2025-09-26T10:37:15Z,IndiGo,Travel,3134.71,INR,SUCCESS,Debit Card
TXN2025007082,2025-07-22T17:18:46Z,Swiggy,Food & Dining,852.48,INR,SUCCESS,Netbanking
TXN2025007083,2025-07-23T17:21:28Z,Jio,Utilities,841.0,INR,SUCCESS,Debit Card
TXN2025007084,02/12/2025 16:57:42,upGrad,Education,48386.0,INR,FAILED,Credit Card
TXN2025007085,2025-09-07T12:45:01Z,Rapido,Travel,7963.7,INR,SUCCESS,Credit Card
TXN2025007086,2026-02-01T22:25:56Z,Hotstar,Entertainment,551.79,INR,SUCCESS,Credit Card
TXN2025007087,2025-10-18T19:09:45Z,IRCTC,Travel,1915.63,INR,SUCCESS,Debit Card
TXN2025007088,1776145073000,Spotify,Entertainment,1002.58,INR,SUCCESS,Debit Card
TXN2025007089,2025-08-26T23:25:06Z,IRCTC,Travel,2583.0,INR,SUCCESS,UPI
TXN2025007090,2026-02-09T09:56:15Z,Flipkart,Shopping,8595.0,INR,SUCCESS,Debit Card
TXN2025007091,2025-09-03,Apollo Pharmacy,Health,2427.28,INR,SUCCESS,UPI
TXN2025007092,1757335643000,Cult.fit,Health,3946.36,INR,PENDING,Debit Card
TXN2025007093,2025-11-20T08:00:12Z,BookMyShow,Entertainment,707.0,INR,SUCCESS,Credit Card
TXN2025007094,2025-12-06T04:07:40Z,Practo,Health,912.02,INR,SUCCESS,Netbanking
TXN2025007095,2026-03-14T07:59:41Z,Udemy,Education,33963.95,INR,SUCCESS,Debit Card
TXN2025007096,2025-12-19T11:43:29Z,Uber,Travel,5362.4,INR,SUCCESS,Debit Card
TXN2025007097,1773179453000,Airtel,Utilities,2603.0,INR,SUCCESS,Netbanking
TXN2025007098,2025-08-15T16:43:04Z,Spotify,Entertainment,1946.75,INR,SUCCESS,Credit Card
TXN2025007099,2025-08-16T01:47:53Z,Swiggy,Food & Dining,167.0,INR,SUCCESS,Debit Card
TXN2025007100,2026-05-29T10:53:24Z,Udemy,Education,5064.97,INR,SUCCESS,Netbanking
TXN2025007101,2025-09-29T21:12:28Z,Apollo Pharmacy,Health,1365.34,INR,FAILED,Debit Card
TXN2025007102,2025-10-09T18:34:42Z,Tata Power,Utilities,2882.13,INR,SUCCESS,Credit Card
TXN2025007103,2025-08-24T06:19:17Z,McDonald's,Food & Dining,140.05,INR,SUCCESS,Netbanking
TXN2025007104,2026-01-02T19:01:08+05:30,Zepto,Groceries,5453.00,INR,SUCCESS,Netbanking
TXN2025007105,1778754720000,Croma,Shopping,5795.7,INR,SUCCESS,UPI
TXN2025007106,2025-12-11,BigBasket,Groceries,3901.0,INR,SUCCESS,Netbanking
TXN2025007107,1780330061000,Myntra,Shopping,13153.2,INR,SUCCESS,Netbanking
TXN2025007108,2026-02-21T13:25:01Z,IndiGo,Travel,6799.57,INR,SUCCESS,Credit Card
TXN2025007109,07/07/2026 04:15:20,McDonald's,Food & Dining,524.72,INR,SUCCESS,UPI
TXN2025007110,2026-05-26,BookMyShow,Entertainment,944.03,INR,SUCCESS,Debit Card
TXN2025007111,2025-08-09T12:42:23Z,Airtel,Utilities,475.63,INR,SUCCESS,Credit Card
TXN2025007112,2025-09-12T22:50:59Z,DMart,Groceries,312.69,INR,SUCCESS,Netbanking
TXN2025007113,2025-07-21T05:43:46Z,Domino's,Food & Dining,121.0,INR,SUCCESS,Netbanking
TXN2025007114,2026-01-26T22:13:48Z,Croma,Shopping,10197.32,INR,SUCCESS,Credit Card
TXN2025007115,2025-07-24T07:58:00+05:30,Cult.fit,Health,1065.6,INR,SUCCESS,Netbanking
TXN2025007116,2026-01-29T14:11:32Z,Amazon,Shopping,5014.43,INR,SUCCESS,Credit Card
TXN2025007117,2025-12-01,Spotify,Entertainment,235.25,INR,SUCCESS,Netbanking
TXN2025007118,2026-07-10T17:30:03+05:30,Practo,Health,4290.9,INR,SUCCESS,Debit Card
TXN2025007119,2025-07-26T23:10:07Z,Croma,Shopping,922.0,INR,SUCCESS,UPI
TXN2025007120,2025-11-30T02:35:47Z,BigBasket,Groceries,5077.0,INR,PENDING,Netbanking
TXN2025007121,2026-04-01T00:15:50+05:30,MakeMyTrip,Travel,7611.0,INR,SUCCESS,Netbanking
TXN2025007122,2025-11-20T18:30:13Z,McDonald's,Food & Dining,680.35,INR,SUCCESS,Debit Card
TXN2025007123,2025-10-15T02:58:22+05:30,HDFC Ergo,Insurance,24560.51,INR,SUCCESS,Debit Card
TXN2025007124,2026-06-13,Coursera,Education,26408.52,INR,SUCCESS,Netbanking
TXN2025007125,2026-02-16T01:58:18Z,upGrad,Education,42303.68,INR,SUCCESS,UPI
TXN2025007126,1767052908000,JioMart,Groceries,2092.03,INR,SUCCESS,Credit Card
TXN2025007127,30/10/2025 02:57:35,BookMyShow,Entertainment,1191.0,INR,SUCCESS,UPI
TXN2025007128,2025-10-14,Domino's,Food & Dining,407.0,INR,SUCCESS,UPI
TXN2025007129,2026-05-25T16:52:58Z,DMart,Groceries,325.0,INR,SUCCESS,UPI
TXN2025007130,2026-04-14T23:08:12Z,IndiGo,Travel,3200.8,INR,SUCCESS,Credit Card
TXN2025007131,1765059304000,HP Petrol,Fuel,1922.26,INR,SUCCESS,Netbanking
TXN2025007132,2025-12-10T13:12:11Z,Jio,Utilities,2565.07,INR,SUCCESS,Debit Card
TXN2025007133,2025-11-30T07:37:20Z,Zepto,Groceries,4156.13,INR,SUCCESS,Netbanking
TXN2025007134,2025-08-03T14:04:30Z,DMart,Groceries,5117.98,INR,FAILED,UPI
TXN2025007135,2026-03-15T08:46:12Z,Indian Oil,Fuel,1663.85,INR,SUCCESS,Netbanking
TXN2025007136,2025-08-10T07:19:42+05:30,Zepto,Groceries,5079.0,INR,SUCCESS,UPI
TXN2025007137,2025-10-22T17:08:06Z,Ajio,Shopping,15433.0,INR,SUCCESS,Debit Card
TXN2025007138,2025-11-22T19:46:54Z,1mg,Health,4487.0,INR,SUCCESS,Debit Card
TXN2025007139,2025-12-30,Croma,Shopping,14489.47,INR,SUCCESS,Netbanking
TXN2025007140,2025-07-15T18:48:48+05:30,Policybazaar,,29601.0,INR,SUCCESS,Netbanking
TXN2025007141,2025-11-03T08:11:25+05:30,Unacademy,Education,51032.88,INR,SUCCESS,Credit Card
TXN2025007142,2026-05-12,ACT Fibernet,Utilities,3089.0,INR,SUCCESS,Debit Card
TXN2025007143,2025-07-30T07:19:25Z,LIC Premium,Insurance,36938.0,INR,success,Credit Card
TXN2025007144,2026-05-18T21:31:55Z,JioMart,Groceries,5647.8,INR,SUCCESS,Netbanking
TXN2025007145,2025-07-20T17:22:55Z,Tata Power,Utilities,2817.26,INR,SUCCESS,Netbanking
TXN2025007146,2026-05-27T20:27:02+05:30,DMart,Groceries,4705.29,INR,SUCCESS,Credit Card
TXN2025007147,2026-05-25T21:49:19Z,Practo,Health,2025.19,INR,SUCCESS,Debit Card
TXN2025007148,2026-01-09T12:49:36Z,Croma,Shopping,4039.3,INR,SUCCESS,UPI
TXN2025007149,2026-01-17T13:21:15Z,Nykaa,Shopping,1412.0,INR,SUCCESS,Debit Card
TXN2025007150,2025-10-10,Domino's,Food & Dining,461.0,INR,SUCCESS,UPI
TXN2025007151,2025-08-19T19:57:41Z,JioMart,Groceries,3551.0,INR,FAILED,Credit Card
TXN2025003330,2026-06-11T00:02:38Z,YouTube Premium,Entertainment,1475.0,INR,SUCCESS,Credit Card
TXN2025007153,17/09/2025 08:07:57,upGrad,Education,30340.0,INR,SUCCESS,Netbanking
TXN2025007154,2026-02-24T14:58:02Z,BookMyShow,Entertainment,1807.0,INR,SUCCESS,Netbanking
TXN2025007155,2026-04-17T04:50:48Z,McDonald's,Food & Dining,363.59,INR,SUCCESS,UPI
TXN2025007156,2025-07-09T11:29:17Z,BigBasket,Groceries,639.44,INR,SUCCESS,Credit Card
TXN2025007157,2025-07-27T18:38:25+05:30,IRCTC,Travel,2518.46,INR,SUCCESS,Netbanking
TXN2025007158,2026-01-19T05:10:34Z,HP Petrol,Fuel,2484.11,INR,SUCCESS,Netbanking
TXN2025007159,1757636359000,Netflix,Entertainment,2492.01,INR,PENDING,Credit Card
TXN2025007160,1775195546000,upGrad,Education,28409.0,INR,SUCCESS,UPI
TXN2025007161,2025-11-27T03:09:24Z,BSES,Utilities,480.6,INR,SUCCESS,Credit Card
TXN2025007162,2026-03-20T20:05:26Z,Ola,Travel,8871.66,INR,SUCCESS,UPI
TXN2025007163,2025-08-03T17:22:53+05:30,Indian Oil,,3760.0,INR,SUCCESS,Debit Card
TXN2025007164,2025-12-14T17:19:16Z,IndiGo,Travel,3892.83,INR,SUCCESS,Credit Card
TXN2025007165,2025-09-16T03:19:57Z,Unacademy,Education,1857.24,INR,SUCCESS,Credit Card
TXN2025007166,2026-04-10T17:25:00Z,BSES,Utilities,3204.96,INR,SUCCESS,UPI
TXN2025007167,05/01/2026 13:24:04,Domino's,Food & Dining,572.67,INR,SUCCESS,Netbanking
TXN2025007168,2025-12-24T10:39:22Z,ACT Fibernet,Utilities,3300.49,INR,SUCCESS,Netbanking
TXN2025007169,2025-10-29T14:38:45Z,JioMart,Groceries,4661.89,INR,SUCCESS,Debit Card
TXN2025007170,2025-09-19T13:27:18Z,Zepto,Groceries,2185.7,INR,PENDING,UPI
TXN2025007171,2025-10-05T21:46:16Z,Practo,Health,2416.14,INR,SUCCESS,Debit Card
TXN2025007172,2025-07-20T09:23:53Z,HDFC Ergo,Insurance,29293.0,INR,SUCCESS,Netbanking
TXN2025007173,2025-09-18T13:11:10Z,Practo,Health,1549.0,INR,SUCCESS,UPI
TXN2025007174,13/09/2025 14:52:51,Shell,Fuel,2973.08,INR,SUCCESS,Credit Card
TXN2025007175,2025-09-18T16:27:43Z,Ola,Travel,5944.65,INR,SUCCESS,UPI
TXN2025007176,2025-11-08,Zepto,Groceries,5850.69,INR,SUCCESS,UPI
TXN2025007177,2025-07-07T17:50:37+05:30,Tata Power,Utilities,275.37,INR,SUCCESS,Credit Card
TXN2025007178,2026-04-05T08:13:59Z,Jio,Utilities,246.88,INR,SUCCESS,Debit Card
TXN2025007179,2025-10-24T02:18:33Z,Cult.fit,Health,6993.66,INR,SUCCESS,Netbanking
TXN2025007180,2026-06-17T00:45:51Z,Jio,Utilities,718.72,INR,SUCCESS,Debit Card
TXN2025007181,1759863758000,BPCL,Fuel,4436.28,INR,SUCCESS,Credit Card
TXN2025007182,2026-02-10T19:43:43+05:30,Tata Power,Utilities,2500.97,INR,SUCCESS,Credit Card
TXN2025007183,2025-12-17T15:06:20+05:30,Starbucks,Food & Dining,-255.0,INR,SUCCESS,Debit Card
TXN2025007184,2026-03-16T16:33:35Z,BSES,Utilities,3230.0,INR,SUCCESS,Credit Card
TXN2025007185,2025-11-18T06:51:21+05:30,MakeMyTrip,Travel,6716.64,INR,SUCCESS,Credit Card
TXN2025007186,2025-11-23T08:09:52+05:30,Tata Power,,1724.0,INR,SUCCESS,Credit Card
TXN2025007187,1770076513000,Shell,Fuel,1557.87,INR,SUCCESS,UPI
TXN2025007188,2026-02-14T16:44:49Z,PharmEasy,Health,4738.79,INR,SUCCESS,Debit Card
TXN2025007189,2026-02-28T16:52:11+05:30,Amazon,Shopping,7129.24,INR,PENDING,UPI
TXN2025007190,2025-10-30T13:09:32Z,HDFC Ergo,Insurance,28714.46,INR,PENDING,Debit Card
TXN2025007191,2025-08-25T20:12:56Z,Zepto,Groceries,2765.59,INR,SUCCESS,UPI
TXN2025007192,2025-09-04T17:50:59Z,Zomato,Food & Dining,321.11,INR,SUCCESS,Credit Card
TXN2025007193,2025-11-19T17:00:14Z,HDFC Ergo,Insurance,21763.28,INR,SUCCESS,Debit Card
TXN2025007194,1768156097000,ACT Fibernet,Utilities,3138.91,INR,SUCCESS,Netbanking
TXN2025007195,2026-04-23T16:08:35Z,Policybazaar,Insurance,20290.61,INR,SUCCESS,UPI
TXN2025007196,2025-07-17,Unacademy,Education,17267.4,INR,SUCCESS,Credit Card
TXN2025007197,2026-07-05T21:37:08Z,Jio,Utilities,1817.31,INR,SUCCESS,UPI
TXN2025007198,2025-07-11T14:09:48Z,HDFC Ergo,Insurance,6434.73,INR,FAILED,Debit Card
TXN2025007199,2026-04-02T22:17:46Z,Coursera,Education,5141.84,INR,SUCCESS,Netbanking
TXN2025007200,17/07/2025 15:47:27,IndiGo,Travel,2574.68,INR,FAILED,Credit Card
TXN2025007201,2025-10-24T12:44:20Z,Flipkart,Shopping,7650.0,INR,SUCCESS,Netbanking
TXN2025007202,2026-04-16T09:26:56Z,PharmEasy,Health,4383.87,INR,SUCCESS,Netbanking
TXN2025007203,2025-09-07T22:17:53+05:30,BigBasket,Groceries,2295.0,INR,PENDING,Debit Card
TXN2025007204,03/04/2026 08:52:38,Blinkit,Groceries,3991.3,INR,SUCCESS,Credit Card
TXN2025007205,07/01/2026 06:04:02,Ajio,Shopping,13768.95,INR,SUCCESS,Debit Card
TXN2025007206,2025-12-12T00:15:35Z,Amazon,Shopping,17284.68,INR,SUCCESS,UPI
TXN2025007207,2026-03-26T17:42:28Z,Netflix,Entertainment,992.01,INR,SUCCESS,Debit Card
TXN2025007208,2025-12-11T09:56:03Z,YouTube Premium,Entertainment,1741.0,INR,SUCCESS,Debit Card
TXN2025007209,2026-04-16T14:13:49Z,Domino's,,561.23,INR,SUCCESS,Netbanking
TXN2025007210,2026-02-06T14:55:41Z,Rapido,Travel,3784.0,INR,FAILED,Debit Card
TXN2025007211,2026-06-17T19:48:31Z,Myntra,Shopping,12627.0,INR,FAILED,Credit Card
TXN2025007212,2025-09-11T17:39:56Z,IRCTC,Travel,5365.71,INR,SUCCESS,Credit Card
TXN2025007213,2026-01-15T03:07:35Z,Rapido,Travel,8175.43,INR,SUCCESS,Debit Card
TXN2025007214,2025-08-19T17:41:28Z,Hotstar,Entertainment,1576.0,INR,SUCCESS,Credit Card
TXN2025007215,2025-12-23,Udemy,Education,39286.94,INR,FAILED,Debit Card
TXN2025007216,2025-11-28T14:51:47+05:30,BPCL,Fuel,3858.03,INR,SUCCESS,Netbanking
TXN2025007217,2026-04-19T16:39:36+05:30,BPCL,Fuel,1716.69,INR,SUCCESS,Netbanking
TXN2025007218,2026-06-26T20:03:52Z,HDFC Ergo,Insurance,9130.58,INR,SUCCESS,UPI
TXN2025007219,09/10/2025 22:10:16,Netflix,Entertainment,529.95,INR,SUCCESS,Credit Card
TXN2025007220,2025-09-09T22:04:14Z,BookMyShow,Entertainment,1490.72,INR,FAILED,Debit Card
TXN2025007221,2025-08-21T11:31:16Z,Apollo Pharmacy,Health,-5162.66,INR,SUCCESS,UPI
TXN2025007222,13/02/2026 17:44:16,Myntra,Shopping,2717.0,INR,SUCCESS,UPI
TXN2025007223,2025-08-11,Myntra,Shopping,8960.0,INR,SUCCESS,UPI
TXN2025007224,2025-10-03T15:36:25+05:30,Apollo Pharmacy,Health,5804.64,INR,SUCCESS,UPI
TXN2025007225,2026-05-12T05:43:16Z,HP Petrol,Fuel,1951.0,INR,SUCCESS,UPI
TXN2025007226,2025-07-05T11:00:30Z,YouTube Premium,Entertainment,2001.0,INR,SUCCESS,Credit Card
TXN2025007227,2026-04-12T22:58:31Z,Netflix,Entertainment,1129.0,INR,FAILED,Netbanking
TXN2025007228,2025-10-21T03:15:47Z,Tata Power,Utilities,1433.25,INR,SUCCESS,Debit Card
TXN2025007229,04/07/2025 06:17:30,McDonald's,Food & Dining,121.0,INR,SUCCESS,UPI
TXN2025007230,2025-09-17T16:49:43Z,IRCTC,Travel,7725.0,INR,SUCCESS,Credit Card
TXN2025007231,06/09/2025 14:52:00,Policybazaar,Insurance,6407.25,INR,SUCCESS,Netbanking
TXN2025007232,2025-09-19,Zepto,Groceries,5229.78,INR,SUCCESS,Debit Card
TXN2025007233,2025-11-10T09:53:22Z,Ajio,Shopping,12413.0,INR,SUCCESS,UPI
TXN2025007234,2025-08-28T12:13:23Z,Myntra,Shopping,10177.33,INR,SUCCESS,Credit Card
TXN2025007235,29/05/2026 19:19:48,Shell,Fuel,513.22,INR,SUCCESS,Debit Card
TXN2025007236,1755963554000,Indian Oil,Fuel,3164.79,INR,FAILED,UPI
TXN2025007237,11/07/2026 20:17:44,BPCL,Fuel,1839.36,INR,SUCCESS,UPI
TXN2025007238,2025-09-02T12:40:07+05:30,BYJU'S,Education,6559.74,INR,SUCCESS,UPI
TXN2025007239,2026-05-11T03:57:10Z,Tata Power,Utilities,1798.61,INR,SUCCESS,Netbanking
TXN2025007240,10/03/2026 19:07:21,Jio,Utilities,1470.0,INR,SUCCESS,Debit Card
TXN2025007241,2025-10-04T09:50:25Z,BSES,Utilities,778.0,INR,SUCCESS,Netbanking
TXN2025007242,2025-07-04T17:17:59Z,DMart,Groceries,3614.0,INR,SUCCESS,Credit Card
TXN2025007243,06/09/2025 04:46:49,Unacademy,Education,27531.0,INR,SUCCESS,Debit Card
TXN2025007244,2025-09-23T17:00:10Z,Zomato,Food & Dining,769.43,INR,SUCCESS,Credit Card
TXN2025007245,30/08/2025 07:30:16,Coursera,Education,41082.11,INR,SUCCESS,Debit Card
TXN2025007246,22/12/2025 01:39:17,HDFC Ergo,Insurance,14703.57,INR,SUCCESS,Debit Card
TXN2025007247,2026-03-02T23:11:47Z,YouTube Premium,Entertainment,1210.0,INR,SUCCESS,UPI
TXN2025007248,2026-01-11T16:41:23+05:30,LIC Premium,Insurance,11106.71,INR,SUCCESS,UPI
TXN2025007249,2026-05-30,Tata Power,Utilities,2805.0,INR,SUCCESS,Netbanking
TXN2025007250,2026-02-27T13:24:56Z,JioMart,Groceries,1165.05,INR,SUCCESS,UPI
TXN2025007251,2026-02-18T18:45:00+05:30,Indian Oil,Fuel,1922.16,INR,FAILED,Credit Card
TXN2025007252,02/07/2025 13:04:30,Indian Oil,Fuel,2511.0,INR,SUCCESS,UPI
TXN2025007253,2025-12-19T13:06:11+05:30,DMart,Groceries,988.58,INR,SUCCESS,Netbanking
TXN2025007254,2026-04-08T16:12:52Z,BigBasket,Groceries,3573.0,INR,SUCCESS,Netbanking
TXN2025007255,2025-08-23T11:08:27+05:30,Netflix,Entertainment,1184.53,INR,SUCCESS,Credit Card
TXN2025007256,2025-11-27T23:04:33Z,Ajio,Shopping,12760.39,INR,SUCCESS,Debit Card
TXN2025007257,2026-03-16T13:53:25Z,Coursera,Education,15519.52,INR,SUCCESS,Credit Card
TXN2025007258,2026-02-11,Apollo Pharmacy,Health,2238.71,INR,SUCCESS,Debit Card
TXN2025007259,2025-10-08,Ola,Travel,6103.95,INR,SUCCESS,Debit Card
TXN2025007260,2025-12-06T17:15:31Z,Tata Power,Utilities,1784.85,INR,SUCCESS,UPI
TXN2025007261,2026-01-25T04:24:05+05:30,LIC Premium,Insurance,35434.31,INR,SUCCESS,Debit Card
TXN2025007262,2026-07-07T06:48:19Z,Cult.fit,Health,2478.56,INR,SUCCESS,UPI
TXN2025007263,2025-12-03,upGrad,Education,20844.0,INR,SUCCESS,Netbanking
TXN2025007264,05/02/2026 03:51:04,Indian Oil,Fuel,1250.03,INR,SUCCESS,Debit Card
TXN2025007265,2026-05-10T04:54:19Z,Policybazaar,Insurance,24259.0,INR,FAILED,UPI
TXN2025007266,2026-03-05T10:22:03+05:30,PharmEasy,,5494.0,INR,SUCCESS,UPI
TXN2025007267,05/11/2025 01:31:55,YouTube Premium,Entertainment,1049.11,INR,SUCCESS,Credit Card
TXN2025007268,2026-01-24T12:12:14Z,YouTube Premium,Entertainment,229.73,INR,SUCCESS,Netbanking
TXN2025007269,2026-06-16T05:18:11Z,Ajio,Shopping,362.0,INR,SUCCESS,Credit Card
TXN2025007270,2025-07-26T16:06:33Z,BPCL,Fuel,4259.0,INR,SUCCESS,UPI
TXN2025007271,2025-12-01T19:09:19+05:30,Policybazaar,Insurance,36648.82,INR,FAILED,Netbanking
TXN2025007272,1757996976000,MakeMyTrip,Travel,4097.3,INR,SUCCESS,Netbanking
TXN2025007273,2025-09-25T16:21:45Z,MakeMyTrip,Travel,2798.0,INR,SUCCESS,Debit Card
TXN2025007274,2025-08-09T02:02:13+05:30,YouTube Premium,Entertainment,1284.56,INR,SUCCESS,UPI
TXN2025007275,2026-01-07T05:12:23Z,Netflix,Entertainment,1102.64,INR,SUCCESS,Credit Card
TXN2025007276,2025-11-01T03:10:56Z,PharmEasy,Health,2945.06,INR,SUCCESS,Netbanking
TXN2025007277,2025-11-30T04:35:10Z,Airtel,Utilities,864.0,INR,SUCCESS,UPI
TXN2025007278,2025-10-13T20:10:18Z,PharmEasy,Health,6631.97,INR,SUCCESS,Netbanking
TXN2025007279,2025-07-20,HDFC Ergo,Insurance,38726.45,INR,SUCCESS,Debit Card
TXN2025007280,2025-08-18T03:02:07Z,HP Petrol,Fuel,4372.43,INR,SUCCESS,Credit Card
TXN2025007281,1783775879000,JioMart,Groceries,1510.0,INR,SUCCESS,Credit Card
TXN2025007282,2025-10-31T14:02:19Z,Jio,Utilities,2969.1,INR,SUCCESS,Netbanking
TXN2025007283,2026-02-04T15:10:21Z,Indian Oil,Fuel,4078.34,INR,PENDING,UPI
TXN2025007284,2025-10-22T21:40:16Z,Zepto,Groceries,380.0,INR,SUCCESS,UPI
TXN2025007285,2026-04-11T13:29:48Z,DMart,Groceries,3767.86,INR,FAILED,UPI
TXN2025007286,2025-07-22T08:41:18Z,Zomato,Food & Dining,174.86,INR,SUCCESS,Netbanking
TXN2025007287,2025-10-08T19:48:54Z,IRCTC,Travel,4767.66,INR,SUCCESS,Netbanking
TXN2025007288,2026-04-09T21:46:39+05:30,Policybazaar,Insurance,28800.12,INR,SUCCESS,Debit Card
TXN2025007289,2025-09-29T02:11:00+05:30,IndiGo,Travel,7632.03,INR,SUCCESS,UPI
TXN2025007290,2025-08-11T16:13:30+05:30,BPCL,Fuel,2917.0,INR,SUCCESS,Debit Card
TXN2025007291,2025-09-23T20:03:19Z,Apollo Pharmacy,Health,2739.0,INR,SUCCESS,UPI
TXN2025007292,1755531114000,Ola,Travel,8639.7,INR,FAILED,Debit Card
TXN2025007293,2026-03-02T12:56:13Z,Udemy,Education,43819.0,INR,SUCCESS,UPI
TXN2025007294,2025-07-17T00:33:59Z,Amazon,Shopping,17408.28,INR,SUCCESS,Debit Card
TXN2025007295,2026-02-10T04:12:19Z,1mg,Health,2206.59,INR,SUCCESS,Credit Card
TXN2025007296,2025-09-09T05:39:19Z,Coursera,Education,32179.0,INR,PENDING,Netbanking
TXN2025007297,2025-07-15,Practo,Health,-4430.26,INR,SUCCESS,Credit Card
TXN2025007298,27/01/2026 14:03:23,Policybazaar,Insurance,31206.0,INR,SUCCESS,Netbanking
TXN2025007299,2026-05-28T02:39:33+05:30,Unacademy,Education,23611.25,INR,SUCCESS,UPI
TXN2025007300,2026-04-09T16:38:22+05:30,Cult.fit,Health,2802.0,INR,SUCCESS,Debit Card
TXN2025007301,2026-05-19T16:09:30Z,McDonald's,Food & Dining,817.51,INR,SUCCESS,UPI
TXN2025007302,2026-07-14T04:13:55+05:30,Udemy,Education,12471.64,INR,SUCCESS,Credit Card
TXN2025007303,1774786956000,Shell,Fuel,2344.0,INR,FAILED,Credit Card
TXN2025007304,2025-12-06T00:22:05Z,Zomato,Food & Dining,531.88,INR,SUCCESS,Credit Card
TXN2025007305,1772569597000,upGrad,Education,41836.04,INR,SUCCESS,Netbanking
TXN2025007306,2025-11-26T01:52:20Z,BYJU'S,Education,1459.28,INR,SUCCESS,Credit Card
TXN2025007307,2025-10-28T23:19:04+05:30,Swiggy,Food & Dining,488.0,INR,SUCCESS,UPI
TXN2025007308,2026-05-17T03:09:17Z,BPCL,Fuel,1802.0,INR,FAILED,UPI
TXN2025007309,2025-12-17T23:47:12+05:30,BSES,Utilities,1880.0,INR,SUCCESS,Netbanking
TXN2025007310,31/03/2026 12:58:30,Airtel,Utilities,1827.87,INR,PENDING,Credit Card
TXN2025007311,2026-06-23T18:55:35Z,Policybazaar,Insurance,2784.0,INR,SUCCESS,Netbanking
TXN2025007312,2025-11-16T20:20:37+05:30,DMart,Groceries,4881.0,INR,SUCCESS,Credit Card
TXN2025007313,2025-12-09T23:14:24Z,IndiGo,Travel,6180.0,INR,SUCCESS,Netbanking
TXN2025007314,1771260788000,Airtel,Utilities,1813.05,INR,PENDING,Credit Card
TXN2025007315,2026-06-26T11:41:16Z,BigBasket,Groceries,4629.85,INR,SUCCESS,Netbanking
TXN2025007316,2025-07-25T16:22:07Z,DMart,Groceries,2247.14,INR,SUCCESS,Netbanking
TXN2025007317,2026-07-03T22:44:15Z,Blinkit,Groceries,3584.27,INR,SUCCESS,Debit Card
TXN2025007318,2025-09-27T21:18:40+05:30,Flipkart,Shopping,12605.0,INR,SUCCESS,Debit Card
TXN2025007319,2025-10-25T10:52:54Z,Policybazaar,Insurance,8341.38,INR,SUCCESS,Credit Card
TXN2025007320,1779615850000,DMart,Groceries,1095.13,INR,SUCCESS,UPI
TXN2025007321,2026-07-04T01:06:02Z,BYJU'S,Education,7074.21,INR,SUCCESS,UPI
TXN2025007322,2026-06-12T15:18:19Z,Myntra,Shopping,5904.0,INR,SUCCESS,Credit Card
TXN2025007323,2025-12-26T09:31:01Z,Shell,Fuel,3958.0,INR,SUCCESS,Debit Card
TXN2025007324,2026-03-09T19:42:22Z,HDFC Ergo,Insurance,17687.7,INR,SUCCESS,UPI
TXN2025007325,2026-01-23T09:38:10Z,Coursera,Education,23339.64,INR,SUCCESS,Credit Card
TXN2025007326,2026-05-30T18:56:37+05:30,Indian Oil,Fuel,3440.93,INR,SUCCESS,Credit Card
TXN2025007327,2025-09-07,Rapido,Travel,4018.48,INR,SUCCESS,Netbanking
TXN2025007328,1759650640000,DMart,Groceries,3202.13,INR,SUCCESS,Debit Card
TXN2025007329,17/09/2025 17:46:18,HDFC Ergo,Insurance,30203.0,INR,FAILED,Credit Card
TXN2025007330,2025-10-03T14:42:02Z,IRCTC,Travel,7041.35,INR,SUCCESS,Debit Card
TXN2025007331,2025-07-21T14:03:21Z,Ajio,Shopping,5272.0,INR,SUCCESS,UPI
TXN2025007332,2026-04-07T13:53:02+05:30,DMart,Groceries,5222.38,INR,SUCCESS,Credit Card
TXN2025007333,1778953273000,Hotstar,Entertainment,601.28,INR,SUCCESS,Credit Card
TXN2025007334,2026-04-13T18:20:42Z,Croma,Shopping,17320.73,INR,SUCCESS,Netbanking
TXN2025007335,17/04/2026 06:39:20,Amazon,Shopping,7013.51,INR,SUCCESS,Netbanking
TXN2025007336,1781818388000,Croma,Shopping,12974.28,INR,SUCCESS,Netbanking
TXN2025007337,2025-10-06T10:54:17+05:30,PharmEasy,Health,6558.35,INR,SUCCESS,Netbanking
TXN2025007338,1758542533000,LIC Premium,Insurance,32509.16,INR,SUCCESS,Netbanking
TXN2025007339,2026-03-10T18:28:38Z,Zomato,Food & Dining,283.11,INR,SUCCESS,Netbanking
TXN2025007340,2026-03-27T16:58:04Z,BPCL,Fuel,3529.7,INR,SUCCESS,Netbanking
TXN2025007341,2025-09-12T06:03:58Z,HP Petrol,Fuel,883.93,INR,SUCCESS,Credit Card
TXN2025007342,2025-08-05,Uber,Travel,6570.36,INR,SUCCESS,Credit Card
TXN2025007343,2026-03-28T12:56:11Z,upGrad,Education,13036.91,INR,FAILED,Netbanking
TXN2025007344,2025-10-06,Uber,Travel,3266.95,INR,SUCCESS,UPI
TXN2025007345,2025-10-16T19:33:22Z,Indian Oil,Fuel,1942.0,INR,FAILED,Credit Card
TXN2025007346,2026-06-24T00:25:13Z,DMart,Groceries,3371.0,INR,SUCCESS,UPI
TXN2025007347,2025-09-28T23:09:22Z,Rapido,Travel,6939.0,INR,SUCCESS,Netbanking
TXN2025007348,2025-08-31T13:27:06+05:30,MakeMyTrip,Travel,446.31,INR,PENDING,Credit Card
TXN2025007349,1761467293000,Jio,Utilities,1766.0,INR,SUCCESS,UPI
TXN2025007350,2026-04-20T05:11:37+05:30,Zepto,Groceries,5907.97,INR,SUCCESS,Netbanking
TXN2025007351,2026-05-05T01:12:49+05:30,Spotify,Entertainment,1190.56,INR,SUCCESS,Netbanking
TXN2025007352,2026-04-29,Udemy,Education,8520.0,INR,SUCCESS,Debit Card
TXN2025007353,2026-01-26T10:41:00Z,Starbucks,Food & Dining,529.0,INR,SUCCESS,Debit Card
TXN2025007354,2025-10-24T18:05:09+05:30,BookMyShow,Entertainment,835.9,INR,SUCCESS,Netbanking
TXN2025007355,2026-06-05T03:03:46+05:30,Starbucks,Food & Dining,654.47,INR,PENDING,Credit Card
TXN2025007356,2025-11-18T09:25:47+05:30,IRCTC,Travel,378.0,INR,SUCCESS,Netbanking
TXN2025007357,2026-03-06T06:31:29Z,Uber,Travel,4781.85,INR,SUCCESS,Netbanking
TXN2025007358,2025-11-30T08:53:17Z,Tata Power,Utilities,3278.6,INR,SUCCESS,UPI
TXN2025007359,2026-01-31T23:10:18Z,Hotstar,Entertainment,624.0,INR,SUCCESS,Netbanking
TXN2025007360,2025-11-30T20:04:19Z,Domino's,Food & Dining,200.0,INR,SUCCESS,UPI
TXN2025007361,2025-12-05T03:28:36Z,IndiGo,Travel,8513.2,INR,SUCCESS,UPI
TXN2025007362,10/06/2026 04:42:05,Indian Oil,Fuel,3801.0,INR,SUCCESS,Netbanking
TXN2025007363,2025-12-15T23:21:06Z,Blinkit,Groceries,3554.49,INR,SUCCESS,Debit Card
TXN2025007364,2026-03-21T18:48:30Z,Udemy,Education,39197.39,INR,SUCCESS,Credit Card
TXN2025007365,2025-08-07T19:11:34Z,Flipkart,Shopping,1427.76,INR,SUCCESS,Netbanking
TXN2025007366,2026-04-18T17:12:09Z,IndiGo,,6963.71,INR,SUCCESS,Debit Card
TXN2025007367,2025-10-21,Spotify,Entertainment,2116.0,INR,SUCCESS,UPI
TXN2025007368,2026-06-20T15:37:20Z,Shell,Fuel,3042.64,INR,SUCCESS,Credit Card
TXN2025007369,2026-04-23T09:42:11Z,Croma,Shopping,16147.89,INR,SUCCESS,UPI
TXN2025007370,2025-07-14T21:38:01Z,Indian Oil,Fuel,1748.79,INR,SUCCESS,Netbanking
TXN2025007371,2025-07-24T02:59:28Z,HDFC Ergo,Insurance,3184.74,INR,SUCCESS,Netbanking
TXN2025007372,2026-03-05T05:05:47Z,Swiggy,Food & Dining,351.03,INR,SUCCESS,Netbanking
TXN2025007373,1768458284000,Rapido,Travel,5589.0,INR,SUCCESS,UPI
TXN2025007374,2026-06-15T21:19:07Z,LIC Premium,Insurance,16119.79,INR,SUCCESS,Debit Card
TXN2025007375,2026-03-01T07:16:38+05:30,McDonald's,Food & Dining,872.23,INR,SUCCESS,Debit Card
TXN2025007376,2025-09-24T12:57:38Z,DMart,Groceries,5924.48,INR,SUCCESS,UPI
TXN2025007377,19/06/2026 20:46:06,Jio,Utilities,1352.18,INR,SUCCESS,Debit Card
TXN2025007378,2026-02-08T00:07:16Z,Nykaa,Shopping,16180.46,INR,SUCCESS,Debit Card
TXN2025007379,2025-07-06T10:21:26+05:30,BigBasket,Groceries,4532.45,INR,SUCCESS,UPI
TXN2025007380,2025-12-28,McDonald's,Food & Dining,620.0,INR,FAILED,Credit Card
TXN2025007381,1759491551000,Practo,Health,3683.0,INR,SUCCESS,UPI
TXN2025007382,2026-05-23T04:50:25Z,Netflix,Entertainment,1650.57,INR,PENDING,Netbanking
TXN2025007383,2025-09-29T15:23:52Z,Airtel,Utilities,511.14,INR,SUCCESS,Credit Card
TXN2025007384,2025-12-24T17:40:05+05:30,Myntra,Shopping,9168.0,INR,SUCCESS,Debit Card
TXN2025007385,2025-09-05T07:04:55+05:30,Netflix,Entertainment,749.6,INR,SUCCESS,Credit Card
TXN2025007386,2025-08-30T14:14:58Z,Blinkit,Groceries,4596.34,INR,SUCCESS,Credit Card
TXN2025007387,2025-07-28T19:41:06Z,Indian Oil,Fuel,4332.83,INR,SUCCESS,Credit Card
TXN2025007388,2026-03-21T21:10:02Z,Starbucks,Food & Dining,517.03,INR,SUCCESS,Credit Card
TXN2025007389,2026-01-29T09:58:22Z,Myntra,Shopping,15259.71,INR,SUCCESS,UPI
TXN2025007390,2025-11-07T13:08:16Z,Croma,Shopping,-7711.03,INR,SUCCESS,Debit Card
TXN2025007391,2026-04-03T11:03:56Z,Policybazaar,,3696.27,INR,SUCCESS,Debit Card
TXN2025007392,1781084440000,HDFC Ergo,Insurance,36844.0,INR,SUCCESS,Debit Card
TXN2025007393,2026-03-25,IndiGo,Travel,676.76,INR,SUCCESS,Credit Card
TXN2025007394,2026-01-05T15:33:14Z,Spotify,Entertainment,256.74,INR,SUCCESS,Netbanking
TXN2025007395,2025-09-28T11:03:11+05:30,Nykaa,Shopping,14263.0,INR,SUCCESS,Debit Card
TXN2025007396,04/07/2026 11:32:00,Blinkit,Groceries,569.46,INR,SUCCESS,Credit Card
TXN2025007397,1758370961000,BSES,Utilities,2319.78,INR,SUCCESS,Debit Card
TXN2025007398,2025-11-16,Nykaa,Shopping,15228.54,INR,SUCCESS,UPI
TXN2025007399,1765095276000,Ola,Travel,2177.0,INR,SUCCESS,Debit Card
TXN2025007400,2025-10-04T05:26:50Z,Flipkart,Shopping,5424.06,INR,SUCCESS,UPI
TXN2025007401,2026-07-14T06:24:19Z,Indian Oil,Fuel,1777.0,INR,SUCCESS,Debit Card
TXN2025007402,2025-08-10T20:41:55Z,Coursera,Education,-28602.02,INR,SUCCESS,UPI
TXN2025007403,2025-09-21T02:25:30+05:30,DMart,,972.0,INR,SUCCESS,Netbanking
TXN2025007404,2026-01-04T11:12:21Z,Croma,Shopping,2199.24,INR,SUCCESS,Debit Card
TXN2025007405,2026-02-06T08:38:40Z,Rapido,Travel,4340.58,INR,SUCCESS,UPI
TXN2025007406,28/05/2026 16:52:57,BSES,Utilities,612.08,INR,SUCCESS,UPI
TXN2025007407,2025-12-01T04:51:46+05:30,Zomato,,276.0,INR,SUCCESS,Debit Card
TXN2025007408,2026-01-06,HP Petrol,Fuel,2084.51,INR,SUCCESS,Credit Card
TXN2025007409,2025-11-24T17:04:34Z,BSES,Utilities,1169.0,INR,SUCCESS,Netbanking
TXN2025007410,2025-11-24,Swiggy,Food & Dining,465.0,INR,SUCCESS,UPI
TXN2025007411,2025-10-11T00:47:16Z,Blinkit,Groceries,5151.85,INR,SUCCESS,Credit Card
TXN2025007412,2025-09-13T22:31:23+05:30,Swiggy,Food & Dining,555.5,INR,SUCCESS,Credit Card
TXN2025007413,2026-05-29T19:47:53Z,Indian Oil,Fuel,3057.63,INR,FAILED,Debit Card
TXN2025007414,2026-04-27T06:02:43Z,Swiggy,Food & Dining,358.79,INR,SUCCESS,UPI
TXN2025007415,27/04/2026 15:38:53,Hotstar,Entertainment,191.82,INR,SUCCESS,Debit Card
TXN2025007416,2026-03-25T22:42:54+05:30,BSES,Utilities,3415.1,INR,PENDING,Netbanking
TXN2025007417,2025-07-20T16:50:04Z,BPCL,Fuel,1658.68,INR,SUCCESS,UPI
TXN2025007418,2025-07-27T23:45:50+05:30,Jio,Utilities,847.79,INR,SUCCESS,Debit Card
TXN2025007419,2025-07-26T19:30:22Z,Nykaa,Shopping,4967.68,INR,SUCCESS,Debit Card
TXN2025007420,1756567254000,IndiGo,Travel,4489.87,INR,SUCCESS,Credit Card
TXN2025007421,1783396922000,Policybazaar,Insurance,25111.0,INR,SUCCESS,Debit Card
TXN2025007422,2026-03-28T22:04:22Z,IndiGo,Travel,5474.0,INR,FAILED,UPI
TXN2025007423,2025-09-11T20:42:26Z,HP Petrol,Fuel,3113.85,INR,SUCCESS,Netbanking
TXN2025007424,2025-08-05T21:14:58Z,IndiGo,Travel,2754.46,INR,SUCCESS,Debit Card
TXN2025007425,2026-04-06T07:35:46Z,Practo,,5696.31,INR,SUCCESS,Netbanking
TXN2025007426,1773855511000,JioMart,Groceries,1852.31,INR,FAILED,Netbanking
TXN2025007427,1783277666000,Tata Power,Utilities,321.91,INR,FAILED,UPI
TXN2025007428,1753584940000,Apollo Pharmacy,Health,6883.07,INR,SUCCESS,Debit Card
TXN2025007429,2026-05-30T20:01:47Z,Spotify,Entertainment,2083.59,INR,SUCCESS,Netbanking
TXN2025007430,2026-04-29T14:43:05Z,Airtel,Utilities,968.95,INR,SUCCESS,Credit Card
TXN2025007431,2025-09-18T14:46:28Z,Unacademy,Education,14543.0,INR,SUCCESS,UPI
TXN2025007432,2025-10-22T16:36:27Z,Starbucks,Food & Dining,524.73,INR,SUCCESS,Netbanking
TXN2025007433,2026-06-11T13:41:45Z,DMart,Groceries,2747.09,INR,FAILED,UPI
TXN2025007434,2026-05-09T10:43:58Z,BSES,Utilities,3023.11,INR,SUCCESS,Netbanking
TXN2025007435,2026-04-05T23:13:00Z,Coursera,Education,-25511.0,INR,SUCCESS,UPI
TXN2025007436,2025-09-28T17:09:40Z,BookMyShow,Entertainment,901.97,INR,SUCCESS,Credit Card
TXN2025007437,2025-10-11T09:46:18+05:30,Zepto,Groceries,4650.0,INR,SUCCESS,Debit Card
TXN2025007438,2025-12-10T22:45:44+05:30,Airtel,Utilities,3489.2,INR,SUCCESS,UPI
TXN2025007439,2026-03-27T09:16:34Z,Nykaa,Shopping,7145.87,INR,SUCCESS,UPI
TXN2025007440,2026-02-13T16:18:22Z,BPCL,Fuel,4375.2,INR,SUCCESS,Credit Card
TXN2025007441,2026-05-26T06:40:38+05:30,ACT Fibernet,Utilities,2701.86,INR,SUCCESS,Debit Card
TXN2025007442,2026-03-19T15:59:40+05:30,Udemy,Education,9887.83,INR,PENDING,UPI
TXN2025007443,2026-01-22T12:51:24Z,Practo,Health,6172.0,INR,PENDING,UPI
TXN2025007444,2026-02-03,LIC Premium,Insurance,28284.01,INR,SUCCESS,Debit Card
TXN2025007445,24/07/2025 23:11:40,Spotify,Entertainment,603.45,INR,SUCCESS,Debit Card
TXN2025007446,2025-08-18T03:33:52+05:30,IRCTC,Travel,4210.45,INR,FAILED,Debit Card
TXN2025007447,2025-07-09T11:10:38+05:30,Spotify,Entertainment,1478.46,INR,SUCCESS,UPI
TXN2025007448,2025-10-08T03:16:46+05:30,Jio,Utilities,2679.54,INR,success,UPI
TXN2025007449,2025-07-23,BigBasket,Groceries,4573.0,INR,SUCCESS,Debit Card
TXN2025007450,2025-07-18T07:11:43Z,Domino's,Food & Dining,731.79,INR,SUCCESS,Credit Card
TXN2025007451,2026-07-12,Myntra,Shopping,1248.67,INR,SUCCESS,UPI
TXN2025007452,2025-08-31T17:07:11+05:30,Airtel,Utilities,2736.81,INR,SUCCESS,Netbanking
TXN2025007453,2026-02-04T04:30:20+05:30,HP Petrol,Fuel,3462.0,INR,SUCCESS,Debit Card
TXN2025007454,2026-06-24T14:09:41Z,HDFC Ergo,Insurance,31993.0,INR,SUCCESS,Debit Card
TXN2025007455,2026-02-09,Rapido,Travel,8955.03,INR,SUCCESS,Credit Card
TXN2025007456,1782168226000,Spotify,Entertainment,419.15,INR,FAILED,Netbanking
TXN2025007457,2026-03-02T20:29:43Z,upGrad,Education,11524.13,INR,SUCCESS,Debit Card
TXN2025007458,2026-06-16T01:03:36+05:30,Airtel,Utilities,2618.12,INR,SUCCESS,Credit Card
TXN2025007459,24/07/2025 05:43:57,Coursera,Education,27152.0,INR,SUCCESS,Debit Card
TXN2025007460,2025-08-25T06:11:36Z,Ola,Travel,8770.49,INR,SUCCESS,UPI
TXN2025007461,2025-08-16T17:57:00+05:30,Jio,Utilities,2487.57,INR,SUCCESS,Debit Card
TXN2025007462,2026-03-04T10:47:50Z,Ola,Travel,6489.0,INR,SUCCESS,Netbanking
TXN2025007463,2025-10-08T15:38:16Z,Blinkit,Groceries,5591.8,INR,SUCCESS,Credit Card
TXN2025007464,2025-07-18T22:09:40Z,Netflix,Entertainment,1035.38,INR,SUCCESS,UPI
TXN2025007465,2025-12-02T02:52:15+05:30,Ola,Travel,8123.34,INR,SUCCESS,Netbanking
TXN2025007466,2025-07-01T05:34:18+05:30,Netflix,Entertainment,496.15,INR,SUCCESS,UPI
TXN2025007467,2026-04-01,Nykaa,Shopping,15905.77,INR,SUCCESS,Netbanking
TXN2025007468,2026-07-07T14:54:25Z,Flipkart,Shopping,8099.0,INR,SUCCESS,UPI
TXN2025007469,08/09/2025 07:15:17,YouTube Premium,Entertainment,2202.24,INR,SUCCESS,Netbanking
TXN2025007470,10/07/2025 03:10:15,Croma,Shopping,10401.14,INR,SUCCESS,Debit Card
TXN2025007471,06/01/2026 03:55:17,IRCTC,Travel,4703.14,INR,SUCCESS,Netbanking
TXN2025007472,2025-09-04T05:24:26+05:30,Tata Power,Utilities,1512.21,INR,SUCCESS,UPI
TXN2025007473,2026-07-05T00:10:44Z,Nykaa,Shopping,13379.0,INR,SUCCESS,Netbanking
TXN2025007474,2025-07-26T16:36:45Z,Cult.fit,Health,6890.0,INR,SUCCESS,Debit Card
TXN2025007475,2025-11-08T01:14:45Z,YouTube Premium,Entertainment,790.14,INR,SUCCESS,UPI
TXN2025007476,2026-06-12T03:47:52+05:30,Blinkit,Groceries,2488.52,INR,SUCCESS,Credit Card
TXN2025007477,2026-02-26T16:37:21Z,Udemy,Education,3418.0,INR,SUCCESS,Netbanking
TXN2025007478,05/05/2026 22:57:45,upGrad,Education,50034.0,INR,FAILED,Debit Card
TXN2025007479,2026-06-19T06:59:01Z,Domino's,Food & Dining,637.0,INR,SUCCESS,Credit Card
TXN2025007480,2025-12-30T19:00:17Z,Rapido,,459.7,INR,SUCCESS,UPI
TXN2025007481,22/07/2025 12:34:42,Ajio,Shopping,3080.97,INR,SUCCESS,Netbanking
TXN2025007482,2025-11-03T04:48:49Z,BookMyShow,Entertainment,1181.21,INR,SUCCESS,UPI
TXN2025007483,2025-10-16T15:00:08Z,DMart,Groceries,1635.58,INR,PENDING,UPI
TXN2025007484,2025-10-16T13:22:09Z,upGrad,Education,47571.35,INR,SUCCESS,Debit Card
TXN2025007485,2026-01-11,MakeMyTrip,Travel,6371.22,INR,SUCCESS,Netbanking
TXN2025007486,2025-11-20T00:30:21+05:30,McDonald's,Food & Dining,483.76,INR,SUCCESS,UPI
TXN2025007487,2026-07-06T02:25:44Z,IndiGo,Travel,8788.78,INR,SUCCESS,Netbanking
TXN2025007488,2026-04-28T06:40:06+05:30,MakeMyTrip,Travel,1843.0,INR,FAILED,Netbanking
TXN2025007489,2025-08-21T13:43:14Z,Blinkit,Groceries,2334.32,INR,SUCCESS,UPI
TXN2025007490,2026-04-12T05:52:43Z,DMart,Groceries,979.11,INR,SUCCESS,Debit Card
TXN2025007491,1756557439000,ACT Fibernet,Utilities,227.72,INR,SUCCESS,Debit Card
TXN2025007492,2026-06-11T05:05:18Z,Domino's,Food & Dining,558.46,INR,SUCCESS,Debit Card
TXN2025007493,26/06/2026 13:11:14,Amazon,Shopping,2586.0,INR,SUCCESS,Netbanking
TXN2025007494,2026-02-03T18:20:52Z,Udemy,Education,10359.26,INR,SUCCESS,Credit Card
TXN2025007495,2025-07-14T08:38:50Z,Hotstar,Entertainment,728.54,INR,SUCCESS,Credit Card
TXN2025007496,2025-08-03T22:33:25+05:30,JioMart,Groceries,4093.0,INR,SUCCESS,Netbanking
TXN2025007497,2026-02-12T23:22:36Z,upGrad,Education,52414.0,INR,SUCCESS,Netbanking
TXN2025007498,2025-07-26T18:12:42Z,HP Petrol,Fuel,1501.0,INR,SUCCESS,Netbanking
TXN2025007499,2026-05-10T06:28:21Z,Ola,Travel,2550.64,INR,SUCCESS,UPI
TXN2025007500,12/12/2025 07:40:29,Coursera,Education,4570.48,INR,SUCCESS,Credit Card
TXN2025007501,2026-04-23T04:55:04Z,Myntra,Shopping,3833.0,INR,SUCCESS,Netbanking
TXN2025007502,27/08/2025 17:57:23,BigBasket,Groceries,4194.0,INR,SUCCESS,Netbanking
TXN2025007503,19/08/2025 12:26:45,JioMart,Groceries,1715.09,INR,SUCCESS,Debit Card
TXN2025007504,2025-08-06T13:55:03Z,Airtel,Utilities,329.12,INR,FAILED,UPI
TXN2025007505,12/02/2026 08:38:17,BigBasket,Groceries,3309.0,INR,SUCCESS,Netbanking
TXN2025007506,2025-07-17,McDonald's,Food & Dining,600.03,INR,SUCCESS,Debit Card
TXN2025007507,2025-10-26T07:13:26+05:30,IndiGo,Travel,4137.45,INR,SUCCESS,UPI
TXN2025007508,2026-01-06,Ajio,Shopping,16133.36,INR,SUCCESS,Credit Card
TXN2025007509,2025-07-07T19:21:56Z,Swiggy,Food & Dining,687.71,INR,SUCCESS,UPI
TXN2025007510,2026-01-14T00:10:21Z,JioMart,Groceries,5160.75,INR,SUCCESS,UPI
TXN2025007511,2026-04-03T10:32:02Z,BigBasket,Groceries,391.0,INR,SUCCESS,Debit Card
TXN2025007512,27/03/2026 20:44:01,Domino's,Food & Dining,551.24,INR,SUCCESS,UPI
TXN2025007513,2025-09-24T17:41:19Z,JioMart,Groceries,2446.93,INR,SUCCESS,Netbanking
TXN2025007514,2026-07-09T03:40:54Z,PharmEasy,Health,4193.55,INR,SUCCESS,Credit Card
TXN2025007515,2026-02-06T12:19:53Z,McDonald's,Food & Dining,195.83,INR,SUCCESS,Netbanking
TXN2025007516,2025-07-29T22:21:19Z,Zomato,Food & Dining,813.97,INR,SUCCESS,Debit Card
TXN2025007517,2026-04-28T01:17:27Z,Jio,Utilities,3377.21,INR,SUCCESS,Credit Card
TXN2025007518,2026-04-08,Indian Oil,Fuel,959.01,INR,SUCCESS,Debit Card
TXN2025007519,2026-04-28T15:42:02Z,Apollo Pharmacy,,3737.0,INR,SUCCESS,UPI
TXN2025007520,2026-01-14T18:32:16+05:30,Tata Power,Utilities,2900.0,INR,FAILED,Debit Card
TXN2025007521,2026-02-18T07:53:27Z,PharmEasy,Health,6324.96,INR,SUCCESS,Credit Card
TXN2025007522,2025-06-30T23:02:42Z,BookMyShow,Entertainment,159.58,INR,SUCCESS,Credit Card
TXN2025007523,2025-12-15T19:53:13Z,Amazon,Shopping,13128.0,INR,SUCCESS,Netbanking
TXN2025007524,2026-06-04T07:21:37Z,Unacademy,Education,20112.74,INR,SUCCESS,Netbanking
TXN2025007525,2026-06-22T21:51:39+05:30,Hotstar,Entertainment,982.25,INR,SUCCESS,UPI
TXN2025007526,2026-02-27T23:04:31Z,IRCTC,Travel,399.76,INR,SUCCESS,UPI
TXN2025007527,2026-03-20,Zepto,Groceries,1640.19,INR,success,Netbanking
TXN2025007528,2025-11-14T08:40:16Z,Blinkit,Groceries,4000.7,INR,SUCCESS,Netbanking
TXN2025007529,2026-02-04T15:03:50Z,Nykaa,Shopping,15805.01,INR,SUCCESS,Credit Card
TXN2025007530,2025-07-09T22:04:02+05:30,Ajio,Shopping,13920.44,INR,SUCCESS,Credit Card
TXN2025007531,2026-01-31T14:27:21+05:30,BigBasket,Groceries,5392.07,INR,SUCCESS,Netbanking
TXN2025007532,2025-08-08T02:47:54Z,Rapido,Travel,1027.0,INR,success,Debit Card
TXN2025007533,2025-12-01T21:30:38Z,Spotify,Entertainment,1301.0,INR,SUCCESS,UPI
TXN2025007534,2026-02-09T16:52:58Z,upGrad,Education,18436.57,INR,SUCCESS,Debit Card
TXN2025007535,2026-03-03T19:02:52Z,Domino's,Food & Dining,524.1,INR,SUCCESS,Credit Card
TXN2025007536,2025-11-15T00:59:21+05:30,Unacademy,Education,35509.23,INR,SUCCESS,UPI
TXN2025007537,2025-11-26T13:00:22Z,PharmEasy,Health,1328.09,INR,SUCCESS,Netbanking
TXN2025007538,1782022824000,Practo,Health,1493.59,INR,SUCCESS,Netbanking
TXN2025007539,2025-09-02T03:56:16Z,Nykaa,Shopping,17150.55,INR,SUCCESS,Credit Card
TXN2025007540,2025-09-06T13:57:28+05:30,YouTube Premium,Entertainment,1415.0,INR,SUCCESS,Debit Card
TXN2025007541,1758215726000,MakeMyTrip,Travel,8170.0,INR,SUCCESS,Debit Card
TXN2025007542,2026-02-03,JioMart,Groceries,3918.25,INR,SUCCESS,UPI
TXN2025007543,2026-05-15T23:11:11Z,Croma,Shopping,16324.75,INR,SUCCESS,UPI
TXN2025007544,2026-03-21T01:23:42Z,Amazon,Shopping,-15544.77,INR,SUCCESS,Netbanking
TXN2025007545,2026-06-20T19:13:09Z,Ajio,Shopping,10305.1,INR,SUCCESS,Credit Card
TXN2025007546,2025-10-19T22:40:08Z,HDFC Ergo,Insurance,16383.12,INR,PENDING,Netbanking
TXN2025007547,2025-10-16T13:40:02Z,MakeMyTrip,Travel,7037.12,INR,SUCCESS,Debit Card
TXN2025007548,2026-04-15T07:36:52Z,upGrad,Education,14321.0,INR,SUCCESS,Credit Card
TXN2025007549,2026-01-22T06:47:52+05:30,IndiGo,Travel,6676.0,INR,SUCCESS,Netbanking
TXN2025007550,2026-06-10T19:19:12Z,Tata Power,Utilities,3027.26,INR,SUCCESS,Netbanking
TXN2025007551,2025-12-30T19:11:19+05:30,Cult.fit,Health,3481.51,INR,SUCCESS,Credit Card
TXN2025007552,1753974873000,Policybazaar,Insurance,3491.99,INR,SUCCESS,UPI
TXN2025007553,2025-10-05T23:40:39Z,Blinkit,Groceries,308.0,INR,SUCCESS,Netbanking
TXN2025007554,1754158072000,BPCL,,1193.0,INR,SUCCESS,Netbanking
TXN2025007555,2026-04-19T04:21:50Z,BSES,Utilities,2548.18,INR,FAILED,Credit Card
TXN2025007556,2025-10-18T11:36:11Z,Ola,Travel,7825.04,INR,SUCCESS,Credit Card
TXN2025007557,2026-02-24T23:42:45Z,DMart,Groceries,1506.0,INR,SUCCESS,Credit Card
TXN2025007558,2026-01-08T06:48:01+05:30,Rapido,Travel,1327.71,INR,SUCCESS,Netbanking
TXN2025007559,21/12/2025 04:06:04,Uber,Travel,4212.0,INR,FAILED,Debit Card
TXN2025007560,2026-05-09T10:43:12+05:30,Starbucks,Food & Dining,248.0,INR,SUCCESS,Debit Card
TXN2025007561,2025-10-18T12:11:20+05:30,Uber,Travel,1020.46,INR,SUCCESS,Debit Card
TXN2025007562,2025-11-24T18:01:10Z,Jio,,3484.0,INR,SUCCESS,Credit Card
TXN2025007563,2026-01-24T11:23:13+05:30,PharmEasy,Health,5815.67,INR,SUCCESS,Debit Card
TXN2025007564,17/04/2026 12:36:07,Uber,Travel,7339.0,INR,SUCCESS,Debit Card
TXN2025007565,1774526002000,Tata Power,Utilities,1293.04,INR,PENDING,Credit Card
TXN2025003368,2025-10-29T19:24:51+05:30,Spotify,Entertainment,1708.62,INR,SUCCESS,Netbanking
TXN2025007567,05/07/2026 18:57:23,Starbucks,Food & Dining,806.76,INR,PENDING,Credit Card
TXN2025007568,2025-10-02T12:01:02Z,Unacademy,Education,32845.72,INR,SUCCESS,UPI
TXN2025007569,2025-10-29T08:26:40Z,Nykaa,Shopping,17837.27,INR,SUCCESS,UPI
TXN2025007570,1767219738000,YouTube Premium,Entertainment,1824.53,INR,SUCCESS,Debit Card
TXN2025007571,2025-12-23T15:19:49+05:30,YouTube Premium,Entertainment,1903.15,INR,SUCCESS,UPI
TXN2025007572,2026-05-02T19:03:58+05:30,HP Petrol,Fuel,4474.66,INR,SUCCESS,Credit Card
TXN2025007573,2026-06-04T20:27:44Z,BYJU'S,Education,23369.72,INR,SUCCESS,Debit Card
TXN2025007574,2025-11-05T09:27:25+05:30,Practo,Health,5072.73,INR,SUCCESS,Credit Card
TXN2025007575,2026-02-03T08:38:34Z,BYJU'S,Education,53507.0,INR,SUCCESS,Netbanking
TXN2025007576,1783561832000,Uber,Travel,2220.98,INR,FAILED,UPI
TXN2025007577,2026-01-08T23:28:58+05:30,Amazon,Shopping,11271.34,INR,SUCCESS,Netbanking
TXN2025007578,2026-06-21T10:57:12+05:30,Ajio,Shopping,7428.0,INR,SUCCESS,Netbanking
TXN2025007579,1782972012000,Netflix,Entertainment,835.63,INR,SUCCESS,Netbanking
TXN2025007580,2026-01-02T21:43:17+05:30,Unacademy,Education,26096.0,INR,FAILED,Credit Card
TXN2025007581,2026-03-08T04:30:46Z,Ajio,Shopping,708.74,INR,SUCCESS,UPI
TXN2025007582,2026-01-12T17:48:13Z,Zomato,Food & Dining,195.0,INR,SUCCESS,Netbanking
TXN2025007583,2025-08-03T02:16:32Z,1mg,Health,545.0,INR,PENDING,Netbanking
TXN2025007584,2026-06-02T17:24:20+05:30,DMart,Groceries,3641.0,INR,PENDING,UPI
TXN2025007585,03/03/2026 15:00:54,Apollo Pharmacy,Health,-4940.1,INR,SUCCESS,UPI
TXN2025007586,1760205798000,Coursera,Education,28607.0,INR,PENDING,Debit Card
TXN2025007587,2025-10-14T18:05:11Z,Indian Oil,Fuel,3278.53,INR,SUCCESS,Credit Card
TXN2025007588,22/10/2025 18:56:27,BSES,Utilities,3030.77,INR,SUCCESS,Netbanking
TXN2025007589,2026-02-26T05:27:31Z,Jio,Utilities,1353.58,INR,SUCCESS,Credit Card
TXN2025007590,2025-12-25T02:40:36Z,Domino's,Food & Dining,860.0,INR,SUCCESS,Netbanking
TXN2025007591,2026-03-11T04:33:56Z,Nykaa,Shopping,13462.0,INR,SUCCESS,Debit Card
TXN2025007592,2025-09-29T02:31:28+05:30,IRCTC,Travel,6878.0,INR,SUCCESS,Netbanking
TXN2025007593,2026-01-10T06:57:33+05:30,Spotify,Entertainment,1737.13,INR,SUCCESS,Credit Card
TXN2025007594,2025-08-20T06:56:30Z,Rapido,Travel,8148.16,INR,SUCCESS,Debit Card
TXN2025007595,19/09/2025 07:40:27,Shell,Fuel,3916.0,INR,SUCCESS,UPI
TXN2025007596,1765991731000,Swiggy,Food & Dining,353.65,INR,PENDING,UPI
TXN2025007597,1753825192000,Rapido,Travel,208.88,INR,SUCCESS,Credit Card
TXN2025007598,1754171703000,Indian Oil,Fuel,619.38,INR,SUCCESS,UPI
TXN2025007599,30/11/2025 15:21:57,BSES,Utilities,2979.82,INR,SUCCESS,Netbanking
TXN2025007600,2025-10-15T00:04:18+05:30,1mg,Health,5376.18,INR,SUCCESS,Credit Card
TXN2025007601,2026-06-29T04:09:40Z,HDFC Ergo,Insurance,4968.0,INR,SUCCESS,Debit Card
TXN2025007602,2026-03-12T16:54:15Z,MakeMyTrip,Travel,3440.62,INR,SUCCESS,UPI
TXN2025007603,2025-11-28T05:46:18+05:30,IRCTC,Travel,1552.03,INR,SUCCESS,Debit Card
TXN2025007604,2026-01-23T14:46:32+05:30,BYJU'S,Education,8797.17,INR,SUCCESS,Netbanking
TXN2025007605,2026-01-01T07:06:54+05:30,ACT Fibernet,Utilities,882.7,INR,SUCCESS,UPI
TXN2025007606,19/01/2026 22:54:34,HDFC Ergo,Insurance,3632.41,INR,SUCCESS,Credit Card
TXN2025007607,2026-05-23T10:28:08Z,Udemy,Education,33150.5,INR,SUCCESS,Debit Card
TXN2025007608,2026-06-30T16:20:54Z,LIC Premium,Insurance,17485.16,INR,SUCCESS,Credit Card
TXN2025007609,1774718095000,Unacademy,Education,21458.0,INR,SUCCESS,Credit Card
TXN2025007610,2025-08-11,Coursera,,22863.13,INR,SUCCESS,Netbanking
TXN2025007611,2025-11-07T09:14:10Z,Uber,Travel,7773.57,INR,SUCCESS,Debit Card
TXN2025007612,2025-07-15T20:30:52+05:30,Rapido,Travel,2162.09,INR,SUCCESS,Debit Card
TXN2025007613,2025-11-30T11:50:36Z,McDonald's,Food & Dining,611.05,INR,SUCCESS,Credit Card
TXN2025007614,2025-11-29T06:12:02Z,Zomato,Food & Dining,168.1,INR,SUCCESS,UPI
TXN2025007615,2025-10-09T08:20:17Z,Starbucks,Food & Dining,399.0,INR,PENDING,Netbanking
TXN2025007616,08/07/2026 20:48:55,Indian Oil,Fuel,2349.28,INR,PENDING,UPI
TXN2025007617,2025-08-04T21:08:39Z,Zepto,Groceries,5083.87,INR,SUCCESS,Debit Card
TXN2025007618,05/06/2026 06:57:40,Policybazaar,Insurance,34746.81,INR,SUCCESS,Netbanking
TXN2025007619,1759573968000,HDFC Ergo,Insurance,25823.99,INR,SUCCESS,Netbanking
TXN2025007620,2026-03-01T21:33:26Z,Spotify,Entertainment,2337.8,INR,FAILED,Debit Card
TXN2025007621,2025-12-26T23:04:07+05:30,PharmEasy,Health,5282.7,INR,SUCCESS,UPI
TXN2025007622,13/02/2026 02:27:19,JioMart,Groceries,2355.09,INR,SUCCESS,UPI
TXN2025007623,1771032011000,BSES,Utilities,494.0,INR,SUCCESS,Netbanking
TXN2025007624,2025-11-04T05:51:10Z,1mg,Health,5394.21,INR,SUCCESS,Credit Card
TXN2025007625,2026-02-08T15:27:15Z,BSES,Utilities,231.24,INR,SUCCESS,Credit Card
TXN2025007626,2025-08-19T17:59:05Z,upGrad,Education,45570.0,INR,SUCCESS,Credit Card
TXN2025007627,2025-08-30T14:09:18Z,BSES,Utilities,2890.72,INR,SUCCESS,Credit Card
TXN2025007628,2025-10-20T06:43:19Z,Jio,Utilities,2700.89,INR,SUCCESS,Debit Card
TXN2025007629,1776200541000,ACT Fibernet,Utilities,1790.7,INR,SUCCESS,UPI
TXN2025007630,2026-03-08T17:01:51Z,HP Petrol,Fuel,1563.65,INR,SUCCESS,UPI
TXN2025007631,2026-04-19T03:55:38Z,LIC Premium,Insurance,24231.78,INR,SUCCESS,Netbanking
TXN2025007632,2025-11-08T11:42:54+05:30,Jio,Utilities,2399.23,INR,SUCCESS,Credit Card
TXN2025007633,2026-06-08T15:49:01Z,Nykaa,Shopping,4235.02,INR,FAILED,Debit Card
TXN2025007634,2026-06-14T20:17:27+05:30,BPCL,Fuel,2460.0,INR,PENDING,Credit Card
TXN2025007635,2025-08-27T09:59:24+05:30,Swiggy,Food & Dining,731.0,INR,SUCCESS,Credit Card
TXN2025007636,2025-11-16T08:15:07Z,1mg,Health,6509.45,INR,SUCCESS,Netbanking
TXN2025007637,2026-04-08T19:10:17Z,HP Petrol,Fuel,2949.0,INR,SUCCESS,Debit Card
TXN2025007638,2026-07-02T01:57:19Z,1mg,Health,4595.0,INR,SUCCESS,Netbanking
TXN2025007639,2026-01-10T11:59:46Z,HP Petrol,Fuel,3156.75,INR,FAILED,Netbanking
TXN2025007640,24/12/2025 15:32:28,BigBasket,Groceries,4152.0,INR,SUCCESS,Credit Card
TXN2025007641,2026-06-24T08:17:30Z,HP Petrol,Fuel,1481.56,INR,SUCCESS,Debit Card
TXN2025007642,2025-07-20T01:48:36+05:30,LIC Premium,Insurance,27845.33,INR,SUCCESS,Netbanking
TXN2025007643,2026-06-29T02:27:44Z,DMart,Groceries,2597.0,INR,SUCCESS,UPI
TXN2025007644,2026-03-10T09:41:43Z,HDFC Ergo,Insurance,27589.49,INR,SUCCESS,Debit Card
TXN2025007645,1781657507000,HP Petrol,Fuel,542.0,INR,SUCCESS,Netbanking
TXN2025007646,2025-10-09T17:49:37Z,ACT Fibernet,Utilities,2161.98,INR,SUCCESS,Netbanking
TXN2025007647,2026-01-23,Jio,Utilities,461.0,INR,SUCCESS,Netbanking
TXN2025007648,2026-03-03T23:48:26Z,BookMyShow,Entertainment,604.77,INR,SUCCESS,Netbanking
TXN2025007649,2025-09-29T15:15:40Z,Policybazaar,Insurance,14224.03,INR,SUCCESS,Netbanking
TXN2025007650,2026-07-14T01:27:40Z,Airtel,Utilities,1112.46,INR,SUCCESS,Credit Card
TXN2025007651,30/08/2025 16:02:51,BSES,Utilities,2104.62,INR,SUCCESS,Netbanking
TXN2025007652,2025-07-29T14:41:44Z,Croma,Shopping,9210.28,INR,SUCCESS,UPI
TXN2025007653,1769743514000,Uber,Travel,2123.0,INR,SUCCESS,Netbanking
TXN2025007654,2025-11-03T06:18:41Z,IndiGo,Travel,2737.0,INR,SUCCESS,UPI
TXN2025007655,2026-03-03T18:10:12Z,1mg,Health,2135.0,INR,SUCCESS,Debit Card
TXN2025007656,2026-02-28T11:01:31+05:30,BSES,Utilities,630.86,INR,SUCCESS,Netbanking
TXN2025007657,1783167305000,Croma,Shopping,10854.0,INR,SUCCESS,Netbanking
TXN2025007658,2025-11-24T10:26:43Z,Airtel,Utilities,979.6,INR,SUCCESS,Debit Card
TXN2025007659,2025-12-18,PharmEasy,Health,936.73,INR,SUCCESS,Debit Card
TXN2025007660,2025-12-17T00:47:46Z,ACT Fibernet,Utilities,3424.0,INR,PENDING,Credit Card
TXN2025007661,2025-11-13T22:55:59+05:30,Practo,Health,3172.36,INR,SUCCESS,Netbanking
TXN2025007662,2026-03-21T20:17:15Z,Zepto,Groceries,3184.0,INR,SUCCESS,Debit Card
TXN2025007663,1772506147000,Airtel,Utilities,584.0,INR,SUCCESS,Debit Card
TXN2025007664,2026-02-19T03:32:39Z,Rapido,Travel,2522.73,INR,SUCCESS,UPI
TXN2025007665,2025-09-09T02:23:05Z,Jio,Utilities,1002.42,INR,SUCCESS,Netbanking
TXN2025007666,2025-10-01T01:01:47+05:30,Rapido,,4401.75,INR,SUCCESS,Credit Card
TXN2025007667,2026-01-17T02:08:09+05:30,Amazon,Shopping,2849.3,INR,SUCCESS,Netbanking
TXN2025007668,1777663523000,Spotify,Entertainment,1050.58,INR,SUCCESS,UPI
TXN2025007669,2025-12-29T22:35:43Z,BPCL,Fuel,3523.82,INR,SUCCESS,Debit Card
TXN2025007670,2026-05-26T05:38:12Z,ACT Fibernet,Utilities,2155.67,INR,PENDING,Credit Card
TXN2025007671,2026-03-06,LIC Premium,Insurance,8714.87,INR,SUCCESS,UPI
TXN2025007672,2025-10-20T02:17:44Z,Starbucks,Food & Dining,372.0,INR,PENDING,UPI
TXN2025007673,2025-11-19T06:12:46Z,Airtel,Utilities,959.0,INR,SUCCESS,UPI
TXN2025007674,2025-09-25T19:25:23Z,DMart,Groceries,4457.0,INR,SUCCESS,Debit Card
TXN2025007675,2026-03-13,Uber,Travel,2755.0,INR,SUCCESS,Netbanking
TXN2025007676,2025-09-29T18:16:07Z,Flipkart,Shopping,17658.0,INR,SUCCESS,UPI
TXN2025007677,2025-11-22T04:28:47Z,Policybazaar,Insurance,17147.0,INR,SUCCESS,Debit Card
TXN2025007678,2026-06-18T04:25:02+05:30,Practo,Health,6622.0,INR,FAILED,UPI
TXN2025007679,2026-01-12T09:58:07Z,Apollo Pharmacy,Health,2862.27,INR,SUCCESS,UPI
TXN2025007680,2026-01-07T07:56:22+05:30,1mg,Health,2912.0,INR,SUCCESS,Netbanking
TXN2025007681,1768227932000,Policybazaar,Insurance,25724.43,INR,FAILED,Credit Card
TXN2025007682,2025-12-28T09:15:42Z,upGrad,Education,43485.32,INR,PENDING,Credit Card
TXN2025007683,2025-09-24T05:49:03+05:30,Starbucks,Food & Dining,578.63,INR,SUCCESS,Credit Card
TXN2025007684,2026-02-07T01:30:19+05:30,Jio,,2990.29,INR,SUCCESS,Netbanking
TXN2025007685,2026-07-14T20:14:41Z,Indian Oil,Fuel,3741.65,INR,SUCCESS,UPI
TXN2025007686,1763515296000,Unacademy,Education,35699.0,INR,SUCCESS,UPI
TXN2025007687,1756578864000,Airtel,Utilities,2524.05,INR,SUCCESS,UPI
TXN2025007688,2026-02-23T12:11:17Z,Unacademy,Education,5410.34,INR,SUCCESS,Credit Card
TXN2025007689,2025-08-27T08:48:58+05:30,upGrad,Education,52276.85,INR,SUCCESS,Credit Card
TXN2025007690,1762467274000,Netflix,Entertainment,829.0,INR,SUCCESS,Debit Card
TXN2025007691,2026-01-10T21:40:28Z,Coursera,,5233.19,INR,SUCCESS,UPI
TXN2025007692,2026-01-31,Tata Power,Utilities,1658.0,INR,SUCCESS,Netbanking
TXN2025007693,2026-01-31T18:34:23Z,Croma,Shopping,5256.01,INR,SUCCESS,Netbanking
TXN2025007694,2026-01-11T06:25:38Z,Coursera,Education,2851.18,INR,SUCCESS,UPI
TXN2025007695,16/09/2025 20:37:24,ACT Fibernet,Utilities,1286.0,INR,SUCCESS,UPI
TXN2025007696,1772064557000,Spotify,Entertainment,609.32,INR,SUCCESS,Netbanking
TXN2025007697,2026-02-26T05:59:22Z,Nykaa,Shopping,8069.0,INR,SUCCESS,UPI
TXN2025007698,2025-11-13T09:17:11Z,Tata Power,Utilities,2644.51,INR,FAILED,Credit Card
TXN2025007699,2025-09-09T07:48:42Z,Domino's,Food & Dining,438.82,INR,SUCCESS,Credit Card
TXN2025007700,2025-10-03T02:41:52+05:30,Shell,Fuel,927.03,INR,SUCCESS,Netbanking
TXN2025007701,2026-06-01T22:52:27+05:30,Zomato,Food & Dining,765.0,INR,SUCCESS,Debit Card
TXN2025007702,2026-02-02,MakeMyTrip,Travel,4158.2,INR,SUCCESS,Credit Card
TXN2025007703,2026-02-08T11:56:59Z,Myntra,Shopping,5447.06,INR,SUCCESS,Debit Card
TXN2025007704,2025-10-02T11:53:39Z,Amazon,Shopping,4280.0,INR,SUCCESS,Netbanking
TXN2025007705,2026-07-07T19:32:33+05:30,upGrad,Education,11378.0,INR,SUCCESS,Debit Card
TXN2025007706,10/10/2025 06:52:17,HP Petrol,Fuel,1363.0,INR,SUCCESS,Credit Card
TXN2025007707,2026-06-26T12:08:50Z,Jio,Utilities,2768.6,INR,SUCCESS,Netbanking
TXN2025007708,2025-12-13T01:04:12Z,Airtel,Utilities,734.21,INR,SUCCESS,Netbanking
TXN2025007709,2025-11-22T00:08:15Z,Domino's,Food & Dining,848.76,INR,SUCCESS,Debit Card
TXN2025007710,2026-04-19T08:44:02Z,Airtel,Utilities,2789.38,INR,SUCCESS,Debit Card
TXN2025007711,2026-04-16,Flipkart,Shopping,14662.0,INR,FAILED,Netbanking
TXN2025007712,2026-07-15T06:51:23Z,BSES,Utilities,3170.0,INR,SUCCESS,Debit Card
TXN2025007713,2026-05-08,Domino's,Food & Dining,259.49,INR,SUCCESS,UPI
TXN2025007714,2026-05-09T18:15:33Z,Zomato,,609.98,INR,SUCCESS,Netbanking
TXN2025007715,2025-10-22,Nykaa,Shopping,4078.21,INR,SUCCESS,Debit Card
TXN2025007716,2025-07-09T00:50:43Z,BSES,Utilities,2276.0,INR,SUCCESS,Debit Card
TXN2025007717,2025-11-21T09:44:18Z,Myntra,Shopping,639.0,INR,PENDING,Netbanking
TXN2025007718,2026-02-10T23:07:37Z,HDFC Ergo,Insurance,38074.27,INR,SUCCESS,UPI
TXN2025007719,2025-08-15T22:33:56Z,Hotstar,Entertainment,1039.97,INR,PENDING,UPI
TXN2025007720,2025-11-26T12:17:19+05:30,Amazon,Shopping,6408.83,INR,SUCCESS,UPI
TXN2025007721,2025-10-15T23:46:37+05:30,MakeMyTrip,Travel,5901.0,INR,SUCCESS,Debit Card
TXN2025007722,2025-10-29T21:31:09Z,Domino's,Food & Dining,152.83,INR,SUCCESS,Debit Card
TXN2025007723,2025-08-23T06:41:35Z,Domino's,Food & Dining,860.19,INR,FAILED,Netbanking
TXN2025007724,27/02/2026 22:30:22,Zomato,Food & Dining,436.79,INR,SUCCESS,UPI
TXN2025007725,1761634594000,Udemy,Education,21758.44,INR,SUCCESS,Credit Card
TXN2025007726,1774662482000,JioMart,Groceries,2791.0,INR,SUCCESS,UPI
TXN2025007727,2025-09-21T00:12:26+05:30,Unacademy,Education,13163.5,INR,SUCCESS,Credit Card
TXN2025007728,2025-09-02T18:00:54Z,Hotstar,Entertainment,837.0,INR,SUCCESS,Debit Card
TXN2025007729,2025-08-07T18:42:11+05:30,DMart,Groceries,4695.93,INR,PENDING,UPI
TXN2025007730,2025-07-26,HP Petrol,Fuel,3418.0,INR,SUCCESS,Debit Card
TXN2025007731,1773014690000,Udemy,Education,37065.0,INR,SUCCESS,Netbanking
TXN2025007732,2025-07-14,Hotstar,Entertainment,1800.22,INR,SUCCESS,UPI
TXN2025007733,15/02/2026 19:01:21,LIC Premium,Insurance,2842.35,INR,SUCCESS,UPI
TXN2025007734,2026-04-08T06:42:46+05:30,BigBasket,,4298.41,INR,SUCCESS,Netbanking
TXN2025007735,2025-08-10T08:24:55Z,ACT Fibernet,Utilities,2285.49,INR,SUCCESS,UPI
TXN2025007736,2025-12-17T16:34:34Z,Unacademy,Education,32068.0,INR,SUCCESS,Netbanking
TXN2025007737,1783265719000,IRCTC,Travel,846.94,INR,SUCCESS,UPI
TXN2025007738,2026-06-19T19:25:10+05:30,Hotstar,Entertainment,2428.61,INR,SUCCESS,UPI
TXN2025007739,2026-03-01T09:19:48+05:30,MakeMyTrip,Travel,8061.0,INR,SUCCESS,Debit Card
TXN2025007740,2026-01-30T04:21:33Z,BookMyShow,Entertainment,1566.04,INR,SUCCESS,Debit Card
TXN2025007741,2025-10-10T04:12:45Z,Starbucks,Food & Dining,198.0,INR,SUCCESS,Netbanking
TXN2025007742,2025-08-29T21:13:28Z,Nykaa,Shopping,6875.0,INR,SUCCESS,Credit Card
TXN2025007743,2026-02-16T11:51:27+05:30,YouTube Premium,Entertainment,402.92,INR,SUCCESS,Netbanking
TXN2025007744,2026-05-02,Hotstar,Entertainment,553.88,INR,SUCCESS,Debit Card
TXN2025007745,2026-07-01T12:52:53Z,ACT Fibernet,Utilities,2812.87,INR,SUCCESS,Netbanking
TXN2025007746,2026-03-03T00:08:05+05:30,BigBasket,Groceries,2374.0,INR,PENDING,Netbanking
TXN2025007747,2025-09-24T09:26:15Z,Myntra,Shopping,8579.0,INR,SUCCESS,Debit Card
TXN2025007748,2026-06-12T21:22:41Z,ACT Fibernet,Utilities,510.36,INR,SUCCESS,Credit Card
TXN2025007749,2025-10-11,BookMyShow,Entertainment,2353.82,INR,SUCCESS,Debit Card
TXN2025007750,2025-07-15T02:21:25Z,Airtel,Utilities,488.96,INR,SUCCESS,Debit Card
TXN2025007751,2025-10-19T00:54:32Z,Flipkart,,6880.13,INR,SUCCESS,Credit Card
TXN2025007752,2026-02-17T06:16:05Z,1mg,Health,6335.04,INR,SUCCESS,Debit Card
TXN2025007753,2026-02-08T10:34:23Z,Rapido,Travel,959.54,INR,SUCCESS,Credit Card
TXN2025007754,1759840773000,LIC Premium,Insurance,32985.34,INR,SUCCESS,Netbanking
TXN2025007755,2026-05-11T19:11:43+05:30,Jio,Utilities,645.62,INR,SUCCESS,Credit Card
TXN2025007756,2025-11-04,Airtel,Utilities,1013.55,INR,SUCCESS,Credit Card
TXN2025007757,2026-03-18T00:26:48Z,Zepto,Groceries,5424.04,INR,SUCCESS,UPI
TXN2025007758,2026-03-20T06:05:52Z,BYJU'S,Education,44288.0,INR,SUCCESS,Debit Card
TXN2025007759,2025-10-13T17:30:43Z,Jio,Utilities,1063.05,INR,SUCCESS,Credit Card
TXN2025007760,2025-09-13T01:22:29Z,Jio,Utilities,2489.0,INR,SUCCESS,Credit Card
TXN2025007761,2026-02-02T01:59:28Z,DMart,Groceries,2313.36,INR,SUCCESS,Credit Card
TXN2025007762,2025-09-19T17:02:20+05:30,Jio,Utilities,2575.58,INR,SUCCESS,Debit Card
TXN2025007763,2025-07-28T21:15:43Z,Myntra,Shopping,15583.52,INR,SUCCESS,Debit Card
TXN2025007764,2026-03-01T19:53:12Z,BigBasket,Groceries,5599.48,INR,SUCCESS,Credit Card
TXN2025007765,2026-06-16T12:59:12+05:30,BSES,Utilities,1319.59,INR,SUCCESS,UPI
TXN2025007766,2026-01-20T21:22:09Z,Indian Oil,Fuel,4118.95,INR,SUCCESS,UPI
TXN2025007767,2025-11-29T17:36:07Z,Airtel,Utilities,715.0,INR,SUCCESS,Credit Card
TXN2025007768,1773339206000,Zepto,Groceries,485.93,INR,SUCCESS,Credit Card
TXN2025007769,2026-04-30T20:44:09Z,ACT Fibernet,Utilities,1947.0,INR,SUCCESS,Credit Card
TXN2025007770,2025-10-03T11:16:45Z,YouTube Premium,Entertainment,1253.65,INR,SUCCESS,Netbanking
TXN2025007771,2025-12-14T19:38:44+05:30,Ajio,Shopping,8271.77,INR,SUCCESS,Debit Card
TXN2025007772,2026-01-13T17:56:18+05:30,Jio,Utilities,3110.0,INR,SUCCESS,UPI
TXN2025007773,2025-11-27T10:37:43+05:30,PharmEasy,Health,4496.0,INR,SUCCESS,Netbanking
TXN2025007774,12/02/2026 15:15:54,Cult.fit,Health,4988.72,INR,SUCCESS,Credit Card
TXN2025007775,2025-09-14T01:36:56Z,Apollo Pharmacy,Health,2133.27,INR,SUCCESS,Credit Card
TXN2025007776,2026-01-08T23:20:45Z,YouTube Premium,Entertainment,1298.6,INR,FAILED,Netbanking
TXN2025007777,2026-02-20T03:53:06Z,YouTube Premium,Entertainment,1335.39,INR,SUCCESS,Debit Card
TXN2025007778,1766043286000,MakeMyTrip,Travel,3758.17,INR,SUCCESS,Credit Card
TXN2025007779,2025-12-01T21:14:48Z,Policybazaar,Insurance,8688.0,INR,SUCCESS,Credit Card
TXN2025007780,2025-11-10T09:54:55Z,Flipkart,Shopping,8886.66,INR,SUCCESS,Debit Card
TXN2025007781,2026-01-24T03:50:59Z,Domino's,Food & Dining,833.81,INR,FAILED,Credit Card
TXN2025007782,13/07/2026 19:10:23,Ola,Travel,1095.0,INR,SUCCESS,UPI
TXN2025007783,2025-10-17T13:34:19+05:30,Indian Oil,Fuel,562.9,INR,PENDING,UPI
TXN2025007784,2025-07-23T10:05:31Z,Croma,Shopping,4754.0,INR,SUCCESS,Credit Card
TXN2025007785,1781992036000,Indian Oil,Fuel,2614.02,INR,SUCCESS,Debit Card
TXN2025007786,27/04/2026 22:31:50,Ola,Travel,833.27,INR,SUCCESS,Credit Card
TXN2025007787,2025-11-17T14:35:29+05:30,Apollo Pharmacy,Health,3465.57,INR,SUCCESS,Credit Card
TXN2025007788,2026-02-10T22:38:47Z,Rapido,Travel,7320.25,INR,SUCCESS,UPI
TXN2025007789,2026-01-10T23:50:42Z,Unacademy,Education,21388.7,INR,SUCCESS,Credit Card
TXN2025007790,2025-10-21T06:44:04Z,IndiGo,Travel,6498.38,INR,SUCCESS,UPI
TXN2025007791,2025-09-06T13:47:23Z,Nykaa,Shopping,7593.52,INR,SUCCESS,Debit Card
TXN2025007792,2025-08-25T22:20:19Z,ACT Fibernet,Utilities,2022.24,INR,FAILED,UPI
TXN2025007793,2025-08-26T15:12:13Z,Cult.fit,Health,5505.47,INR,FAILED,UPI
TXN2025007794,2025-08-18T11:03:26Z,IndiGo,Travel,3168.69,INR,SUCCESS,UPI
TXN2025007795,2026-06-02T11:52:47+05:30,HP Petrol,Fuel,1656.0,INR,SUCCESS,Netbanking
TXN2025007796,2026-02-24T21:24:47+05:30,Udemy,Education,1952.0,INR,SUCCESS,UPI
TXN2025007797,2026-03-07T07:39:39Z,Domino's,Food & Dining,560.18,INR,SUCCESS,Credit Card
TXN2025007798,2025-11-23T02:00:34Z,Jio,Utilities,1952.22,INR,SUCCESS,Credit Card
TXN2025007799,02/02/2026 09:02:35,YouTube Premium,Entertainment,1447.56,INR,SUCCESS,Credit Card
TXN2025007800,2025-09-26T18:48:10+05:30,Myntra,Shopping,5484.57,INR,SUCCESS,Credit Card
TXN2025007801,2025-08-01T21:51:06Z,Starbucks,Food & Dining,529.85,INR,SUCCESS,Credit Card
TXN2025007802,2026-02-19T20:44:28Z,PharmEasy,Health,272.55,INR,SUCCESS,UPI
TXN2025007803,2026-03-16T00:23:49Z,Starbucks,Food & Dining,386.21,INR,SUCCESS,Credit Card
TXN2025007804,2026-03-03T09:44:50Z,Hotstar,Entertainment,2020.61,INR,SUCCESS,Debit Card
TXN2025007805,1781266018000,ACT Fibernet,Utilities,1141.87,INR,PENDING,Netbanking
TXN2025007806,1769080302000,Practo,Health,3735.53,INR,FAILED,Credit Card
TXN2025007807,2026-01-23T17:56:55Z,McDonald's,Food & Dining,300.21,INR,SUCCESS,Debit Card
TXN2025007808,2025-09-19T05:51:57Z,Uber,Travel,1543.55,INR,PENDING,Credit Card
TXN2025007809,2026-07-10,Apollo Pharmacy,Health,3256.57,INR,SUCCESS,Debit Card
TXN2025007810,18/03/2026 11:59:52,Rapido,Travel,527.0,INR,SUCCESS,Credit Card
TXN2025007811,2025-10-23T20:29:34+05:30,BPCL,Fuel,3235.74,INR,SUCCESS,Debit Card
TXN2025007812,2026-01-25T07:45:00Z,Blinkit,Groceries,1637.0,INR,SUCCESS,Debit Card
TXN2025007813,2025-07-21T00:13:10Z,Spotify,Entertainment,1559.96,INR,SUCCESS,Netbanking
TXN2025007814,2026-04-12T18:40:13Z,Cult.fit,Health,5843.41,INR,SUCCESS,Netbanking
TXN2025007815,2026-05-21T14:33:48+05:30,IRCTC,Travel,3718.09,INR,FAILED,Credit Card
TXN2025007816,1772733547000,BSES,Utilities,-2979.49,INR,SUCCESS,Debit Card
TXN2025007817,2025-11-08T13:26:31+05:30,Udemy,Education,1920.69,INR,SUCCESS,Credit Card
TXN2025007818,2026-06-05,Shell,Fuel,2471.0,INR,PENDING,Netbanking
TXN2025007819,2026-02-11T10:20:44Z,HDFC Ergo,Insurance,19393.0,INR,SUCCESS,Credit Card
TXN2025007820,2026-03-02T11:55:01Z,Myntra,Shopping,8183.0,INR,SUCCESS,Credit Card
TXN2025007821,2025-07-01T16:32:27Z,Spotify,Entertainment,2479.73,INR,SUCCESS,Credit Card
TXN2025007822,23/11/2025 13:00:44,IRCTC,Travel,2280.99,INR,SUCCESS,Netbanking
TXN2025007823,2025-07-19T16:59:04Z,PharmEasy,Health,3030.0,INR,SUCCESS,Debit Card
TXN2025007824,2026-03-20T18:15:27Z,Hotstar,Entertainment,221.87,INR,FAILED,Credit Card
TXN2025007825,2025-12-16T14:55:56Z,DMart,Groceries,1357.88,INR,SUCCESS,Credit Card
TXN2025007826,2025-07-30T18:37:58Z,BookMyShow,Entertainment,277.27,INR,SUCCESS,Debit Card
TXN2025007827,2026-06-29T14:50:06Z,Ajio,Shopping,13773.41,INR,SUCCESS,Credit Card
TXN2025007828,2026-06-17T03:11:11+05:30,Myntra,Shopping,7041.0,INR,SUCCESS,Credit Card
TXN2025007829,03/08/2025 06:55:21,Ola,Travel,1127.0,INR,PENDING,Netbanking
TXN2025007830,2025-10-31T21:23:41+05:30,Myntra,Shopping,10976.45,INR,FAILED,Debit Card
TXN2025007831,1773651346000,Domino's,Food & Dining,380.0,INR,SUCCESS,Debit Card
TXN2025007832,2026-04-02T09:51:44Z,Zomato,Food & Dining,552.18,INR,SUCCESS,UPI
TXN2025007833,2025-12-19T00:41:41Z,Policybazaar,Insurance,32834.23,INR,SUCCESS,Debit Card
TXN2025007834,1763548910000,Croma,Shopping,14515.34,INR,SUCCESS,Debit Card
TXN2025007835,2025-11-18T04:01:41Z,Amazon,Shopping,8678.02,INR,SUCCESS,Debit Card
TXN2025007836,28/08/2025 06:46:33,Myntra,Shopping,4582.61,INR,PENDING,Credit Card
TXN2025007837,2025-08-07T18:11:58Z,HP Petrol,Fuel,3633.53,INR,SUCCESS,Netbanking
TXN2025007838,2025-09-04T05:19:40Z,YouTube Premium,,916.68,INR,SUCCESS,Credit Card
TXN2025007839,2025-12-20T02:57:58Z,Ola,Travel,3423.73,INR,SUCCESS,UPI
TXN2025007840,2025-12-30T14:50:53Z,Coursera,Education,17254.0,INR,SUCCESS,Netbanking
TXN2025007841,09/01/2026 14:57:45,JioMart,Groceries,1392.0,INR,SUCCESS,Netbanking
TXN2025007842,2025-09-02T03:46:15Z,upGrad,Education,43788.31,INR,SUCCESS,UPI
TXN2025007843,1768845059000,DMart,Groceries,3303.46,INR,PENDING,UPI
TXN2025007844,2025-10-05T13:54:22Z,Hotstar,Entertainment,2066.64,INR,SUCCESS,Netbanking
TXN2025007845,2025-08-06T03:04:01Z,Flipkart,Shopping,5949.44,INR,SUCCESS,Debit Card
TXN2025007846,22/10/2025 16:44:44,Croma,Shopping,13116.0,INR,FAILED,Debit Card
TXN2025007847,2025-12-18T11:52:22Z,Spotify,Entertainment,2233.95,INR,SUCCESS,UPI
TXN2025007848,2026-06-24,Unacademy,Education,51502.51,INR,SUCCESS,Netbanking
TXN2025007849,2026-06-23T20:41:30Z,BYJU'S,Education,15238.94,INR,PENDING,Netbanking
TXN2025007850,2026-07-02T08:34:36Z,Hotstar,Entertainment,1552.0,INR,SUCCESS,UPI
TXN2025007851,2025-07-02T16:18:21Z,Shell,Fuel,1907.54,INR,SUCCESS,Debit Card
TXN2025007852,2026-05-05T12:52:17Z,Swiggy,Food & Dining,816.37,INR,SUCCESS,Netbanking
TXN2025007853,2025-07-12T00:07:13Z,Hotstar,Entertainment,2224.0,INR,SUCCESS,UPI
TXN2025007854,10/08/2025 04:57:27,IRCTC,Travel,5922.0,INR,SUCCESS,Credit Card
TXN2025007855,05/08/2025 03:16:52,Airtel,Utilities,903.0,INR,SUCCESS,UPI
TXN2025007856,2026-07-10T11:10:43Z,Tata Power,Utilities,735.7,INR,SUCCESS,Netbanking
TXN2025007857,2025-12-11T14:48:15Z,PharmEasy,Health,2757.66,INR,SUCCESS,UPI
TXN2025007858,1777299255000,Zomato,Food & Dining,169.0,INR,SUCCESS,Debit Card
TXN2025007859,2026-04-07T11:28:07Z,Blinkit,Groceries,5177.99,INR,SUCCESS,Netbanking
TXN2025007860,2025-10-21T17:57:30Z,BPCL,Fuel,3779.0,INR,SUCCESS,UPI
TXN2025007861,23/04/2026 01:10:01,YouTube Premium,Entertainment,2194.0,INR,SUCCESS,Credit Card
TXN2025007862,2026-05-23T22:04:44Z,Zepto,Groceries,5774.25,INR,SUCCESS,UPI
TXN2025007863,2026-06-06T14:47:31Z,Rapido,Travel,7931.1,INR,SUCCESS,Netbanking
TXN2025007864,2026-01-21T21:23:41Z,Jio,Utilities,676.83,INR,SUCCESS,Credit Card
TXN2025007865,2025-12-12T23:47:01Z,MakeMyTrip,Travel,8580.0,INR,SUCCESS,Credit Card
TXN2025007866,2026-06-23T12:17:25+05:30,HDFC Ergo,Insurance,4321.0,INR,SUCCESS,Debit Card
TXN2025007867,1783160564000,Hotstar,Entertainment,277.87,INR,PENDING,Debit Card
TXN2025007868,2025-08-27T13:29:27Z,Flipkart,Shopping,11432.0,INR,SUCCESS,Debit Card
TXN2025007869,2025-07-26,upGrad,Education,23818.0,INR,FAILED,Netbanking
TXN2025007870,2026-04-22T09:51:46Z,Blinkit,Groceries,2720.0,INR,FAILED,UPI
TXN2025007871,2026-05-04T13:14:01Z,Jio,Utilities,2681.0,INR,SUCCESS,UPI
TXN2025007872,2026-05-15T19:41:27Z,Jio,Utilities,311.0,INR,SUCCESS,UPI
TXN2025007873,1782461801000,Flipkart,Shopping,12546.0,INR,SUCCESS,UPI
TXN2025007874,2025-12-13,MakeMyTrip,,5848.0,INR,SUCCESS,Credit Card
TXN2025007875,2026-07-03T13:49:28+05:30,Cult.fit,Health,870.53,INR,SUCCESS,UPI
TXN2025007876,21/05/2026 12:27:19,Cult.fit,Health,3462.18,INR,FAILED,Debit Card
TXN2025007877,2026-02-02,Airtel,Utilities,2667.0,INR,SUCCESS,Credit Card
TXN2025007878,1762136571000,Swiggy,Food & Dining,333.95,INR,SUCCESS,Debit Card
TXN2025007879,2026-01-10T07:04:43Z,Cult.fit,Health,2091.0,INR,SUCCESS,Credit Card
TXN2025007880,1773265940000,BigBasket,Groceries,4302.17,INR,FAILED,Netbanking
TXN2025007881,2025-07-14T03:23:42Z,IndiGo,Travel,4001.77,INR,SUCCESS,Netbanking
TXN2025007882,2026-07-05T04:00:30Z,Indian Oil,Fuel,3587.0,INR,SUCCESS,Credit Card
TXN2025007883,2026-01-04T14:47:31Z,McDonald's,Food & Dining,639.29,INR,SUCCESS,UPI
TXN2025007884,2025-09-22T05:06:37+05:30,Rapido,Travel,8854.7,INR,PENDING,UPI
TXN2025007885,1762296401000,Amazon,Shopping,16445.0,INR,PENDING,Netbanking
TXN2025007886,2026-03-07T23:28:22Z,BPCL,Fuel,2789.19,INR,SUCCESS,Debit Card
TXN2025007887,1777743801000,Croma,Shopping,10316.0,INR,PENDING,Debit Card
TXN2025007888,2026-02-07T08:06:24Z,Domino's,Food & Dining,587.19,INR,SUCCESS,UPI
TXN2025007889,2025-11-29T10:53:17Z,HP Petrol,Fuel,1567.61,INR,SUCCESS,UPI
TXN2025007890,1771653710000,Hotstar,Entertainment,2373.81,INR,SUCCESS,Credit Card
TXN2025007891,2025-08-06T14:33:33Z,Blinkit,,738.7,INR,SUCCESS,Debit Card
TXN2025007892,1775590699000,BigBasket,Groceries,500.83,INR,SUCCESS,Netbanking
TXN2025007893,1781236727000,Uber,Travel,6709.13,INR,PENDING,UPI
TXN2025007894,1776310537000,Indian Oil,Fuel,4408.3,INR,SUCCESS,UPI
TXN2025007895,2026-04-22T18:08:38Z,Hotstar,Entertainment,1329.0,INR,SUCCESS,Credit Card
TXN2025007896,2026-02-12T00:25:36Z,Coursera,Education,45370.54,INR,SUCCESS,Credit Card
TXN2025007897,2025-08-31T23:35:02Z,BPCL,Fuel,1094.08,INR,SUCCESS,Credit Card
TXN2025007898,2026-01-10T07:38:15Z,Amazon,Shopping,3621.9,INR,SUCCESS,Debit Card
TXN2025007899,2025-09-22T04:23:29+05:30,Swiggy,Food & Dining,763.16,INR,SUCCESS,Debit Card
TXN2025007900,06/09/2025 21:50:33,Policybazaar,Insurance,35838.0,INR,SUCCESS,Netbanking
TXN2025007901,2025-08-05T11:20:23Z,upGrad,Education,7269.98,INR,SUCCESS,Debit Card
TXN2025007902,2025-09-12T00:38:57Z,Uber,Travel,4571.88,INR,SUCCESS,Credit Card
TXN2025007903,2026-01-07T02:19:38Z,DMart,Groceries,4008.0,INR,SUCCESS,Credit Card
TXN2025007904,2025-08-28T10:29:32Z,Flipkart,Shopping,12285.0,INR,SUCCESS,Debit Card
TXN2025007905,2026-06-14T02:53:44+05:30,Uber,Travel,505.24,INR,SUCCESS,Debit Card
TXN2025007906,1753506201000,Myntra,Shopping,6873.72,INR,SUCCESS,Debit Card
TXN2025007907,2026-03-15T01:33:09Z,Nykaa,Shopping,6393.0,INR,SUCCESS,Credit Card
TXN2025007908,1758899051000,Coursera,Education,52799.74,INR,SUCCESS,UPI
TXN2025007909,14/04/2026 01:45:43,Apollo Pharmacy,Health,2644.33,INR,SUCCESS,Netbanking
TXN2025007910,2026-02-21T11:00:30Z,ACT Fibernet,Utilities,2205.72,INR,SUCCESS,Netbanking
TXN2025007911,2025-09-20T21:18:57+05:30,Blinkit,Groceries,4127.0,INR,SUCCESS,Debit Card
TXN2025007912,2026-03-01T05:03:09Z,Tata Power,,691.58,INR,SUCCESS,Netbanking
TXN2025007913,2026-02-12T04:24:37Z,Unacademy,Education,43383.0,INR,SUCCESS,UPI
TXN2025007914,1781109443000,IndiGo,Travel,3021.0,INR,SUCCESS,UPI
TXN2025007915,2025-07-12T09:51:04+05:30,IndiGo,Travel,5969.0,INR,SUCCESS,Debit Card
TXN2025007916,2025-07-17T23:53:02Z,Ola,Travel,3482.01,INR,SUCCESS,Debit Card
TXN2025007917,2026-01-20,Hotstar,Entertainment,2439.0,INR,SUCCESS,Debit Card
TXN2025007918,2025-09-20T18:22:00Z,BYJU'S,Education,40511.0,INR,SUCCESS,Credit Card
TXN2025007919,2025-07-13T23:07:28+05:30,Uber,Travel,2207.0,INR,SUCCESS,Netbanking
TXN2025007920,2026-03-31T08:33:46+05:30,IndiGo,Travel,4808.0,INR,FAILED,UPI
TXN2025007921,2025-09-19T11:14:23+05:30,Policybazaar,Insurance,30918.99,INR,SUCCESS,UPI
TXN2025007922,2026-07-14T09:38:46Z,IndiGo,Travel,4424.34,INR,SUCCESS,Netbanking
TXN2025007923,2025-08-17T21:16:26Z,HP Petrol,Fuel,1320.41,INR,SUCCESS,UPI
TXN2025007924,2025-09-10T22:18:58Z,Jio,Utilities,2892.0,INR,SUCCESS,Netbanking
TXN2025007925,1778477497000,Udemy,Education,3919.0,INR,SUCCESS,Credit Card
TXN2025007926,2025-09-28T19:49:33Z,Airtel,Utilities,423.0,INR,SUCCESS,Netbanking
TXN2025007927,2026-01-28T10:46:39+05:30,Shell,Fuel,1706.38,INR,PENDING,Credit Card
TXN2025007928,1760646607000,Shell,Fuel,512.45,INR,SUCCESS,Netbanking
TXN2025007929,2025-08-06T22:39:21Z,HDFC Ergo,Insurance,-32452.05,INR,SUCCESS,Credit Card
TXN2025007930,2025-10-12T07:13:49Z,Airtel,Utilities,401.0,INR,SUCCESS,Credit Card
TXN2025007931,2025-07-13T02:33:29+05:30,Zepto,Groceries,5101.0,INR,SUCCESS,Netbanking
TXN2025007932,2026-06-22T08:54:42Z,Swiggy,Food & Dining,132.1,INR,SUCCESS,Debit Card
TXN2025007933,2026-05-28T10:52:51Z,Udemy,,51939.54,INR,SUCCESS,Debit Card
TXN2025007934,2026-04-29T13:18:56+05:30,BPCL,Fuel,3394.17,INR,SUCCESS,UPI
TXN2025007935,2026-03-11,Coursera,Education,30991.0,INR,FAILED,Credit Card
TXN2025007936,2026-06-27T03:12:12Z,HP Petrol,Fuel,4469.0,INR,SUCCESS,Debit Card
TXN2025007937,2026-04-23T09:19:09Z,ACT Fibernet,Utilities,1788.11,INR,SUCCESS,Debit Card
TXN2025007938,2025-12-28T03:55:20Z,Indian Oil,Fuel,2445.31,INR,SUCCESS,Debit Card
TXN2025007939,2026-06-09T04:19:29Z,Jio,Utilities,2741.0,INR,SUCCESS,Credit Card
TXN2025007940,2025-11-25T20:42:44Z,HDFC Ergo,Insurance,2782.85,INR,SUCCESS,Netbanking
TXN2025007941,1781177242000,Unacademy,Education,49151.0,INR,SUCCESS,Netbanking
TXN2025007942,2025-08-08T18:50:54+05:30,IRCTC,Travel,6936.0,INR,SUCCESS,UPI
TXN2025007943,1754809684000,BYJU'S,Education,24259.0,INR,SUCCESS,Debit Card
TXN2025007944,2025-10-04T02:39:37+05:30,JioMart,Groceries,4538.0,INR,PENDING,Credit Card
TXN2025007945,2026-03-23T20:49:47Z,LIC Premium,Insurance,5892.0,INR,SUCCESS,Credit Card
TXN2025007946,2025-12-28T22:42:36Z,ACT Fibernet,Utilities,1826.0,INR,SUCCESS,Credit Card
TXN2025007947,2025-07-11T10:38:48Z,ACT Fibernet,Utilities,2088.38,INR,SUCCESS,UPI
TXN2025007948,2026-06-13T19:16:50Z,Shell,Fuel,2822.84,INR,SUCCESS,Debit Card
TXN2025007949,2025-08-25T15:33:46Z,Spotify,Entertainment,1365.0,INR,SUCCESS,Netbanking
TXN2025007950,2026-03-26T19:36:32Z,Uber,Travel,7487.5,INR,SUCCESS,Credit Card
TXN2025007951,2026-01-02T11:28:38Z,Zepto,Groceries,2760.0,INR,SUCCESS,Credit Card
TXN2025007952,2025-07-24,Spotify,Entertainment,2215.71,INR,SUCCESS,Netbanking
TXN2025007953,2026-02-21T01:56:23Z,JioMart,Groceries,5056.52,INR,SUCCESS,Debit Card
TXN2025007954,2026-06-21T10:13:30+05:30,BYJU'S,Education,49119.68,INR,SUCCESS,UPI
TXN2025007955,2025-08-31,Ajio,Shopping,777.64,INR,SUCCESS,UPI
TXN2025007956,1773502204000,Practo,Health,2517.25,INR,SUCCESS,UPI
TXN2025007957,2025-11-02T08:46:18Z,MakeMyTrip,Travel,2961.23,INR,FAILED,UPI
TXN2025007958,2026-07-11T09:41:35Z,Apollo Pharmacy,Health,4290.76,INR,SUCCESS,Debit Card
TXN2025007959,2026-03-31T10:09:52+05:30,BigBasket,Groceries,2134.0,INR,SUCCESS,UPI
TXN2025007960,2025-09-10T19:01:02Z,LIC Premium,Insurance,18719.0,INR,SUCCESS,Debit Card
TXN2025007961,2025-11-18T04:30:38Z,Rapido,Travel,688.68,INR,SUCCESS,Debit Card
TXN2025007962,2026-05-06T12:20:23Z,upGrad,Education,36962.66,INR,SUCCESS,UPI
TXN2025007963,2026-04-10T00:29:25Z,Apollo Pharmacy,Health,5541.0,INR,SUCCESS,Netbanking
TXN2025007964,2025-10-03T00:56:55Z,DMart,Groceries,3728.08,INR,SUCCESS,UPI
TXN2025007965,2026-03-01T12:49:02Z,McDonald's,Food & Dining,294.0,INR,SUCCESS,Debit Card
TXN2025007966,2025-07-21T00:41:48Z,Domino's,Food & Dining,392.31,INR,SUCCESS,Netbanking
TXN2025007967,2026-05-01T00:34:40Z,Zomato,Food & Dining,565.31,INR,SUCCESS,Netbanking
TXN2025007968,2026-07-14T22:01:31Z,Netflix,Entertainment,876.0,INR,SUCCESS,UPI
TXN2025007969,22/10/2025 17:55:15,Domino's,Food & Dining,813.0,INR,SUCCESS,Netbanking
TXN2025007970,2025-12-27T04:17:52Z,Rapido,Travel,7673.0,INR,SUCCESS,Credit Card
TXN2025007971,2025-12-18T22:18:23Z,Blinkit,Groceries,4471.24,INR,SUCCESS,Credit Card
TXN2025007972,2026-06-13T15:40:57+05:30,Spotify,Entertainment,1104.0,INR,FAILED,Credit Card
TXN2025007973,2025-12-20T00:03:44Z,Blinkit,Groceries,2559.0,INR,SUCCESS,UPI
TXN2025007974,2026-03-28T13:31:54+05:30,Amazon,Shopping,17403.24,INR,SUCCESS,Debit Card
TXN2025007975,2025-08-13T07:23:51Z,HDFC Ergo,,4546.12,INR,SUCCESS,UPI
TXN2025007976,2025-11-22T13:51:34Z,BookMyShow,Entertainment,978.68,INR,SUCCESS,UPI
TXN2025007977,2025-10-28T11:50:10Z,Spotify,Entertainment,1480.0,INR,SUCCESS,UPI
TXN2025007978,2026-05-22T06:54:50Z,JioMart,Groceries,5658.47,INR,SUCCESS,Netbanking
TXN2025007979,2025-10-15T14:44:15+05:30,Rapido,Travel,826.17,INR,SUCCESS,Netbanking
TXN2025007980,2026-05-14,LIC Premium,Insurance,26960.2,INR,SUCCESS,UPI
TXN2025007981,2025-09-27,Cult.fit,Health,423.11,INR,SUCCESS,Credit Card
TXN2025007982,2025-12-04T02:55:00+05:30,upGrad,Education,14364.51,INR,SUCCESS,UPI
TXN2025007983,2025-08-08T11:12:50Z,Croma,Shopping,6743.21,INR,SUCCESS,Debit Card
TXN2025007984,2025-10-18T14:54:45Z,Blinkit,Groceries,1884.96,INR,SUCCESS,Credit Card
TXN2025007985,2026-03-15T23:30:32+05:30,Rapido,Travel,6212.0,INR,SUCCESS,Credit Card
TXN2025007986,2026-06-02T09:45:58Z,Uber,Travel,4674.7,INR,SUCCESS,Credit Card
TXN2025007987,16/04/2026 16:06:25,Airtel,Utilities,2287.0,INR,SUCCESS,Debit Card
TXN2025007988,2026-04-02T14:25:34Z,ACT Fibernet,Utilities,3280.67,INR,FAILED,Netbanking
TXN2025007989,05/08/2025 20:27:20,HDFC Ergo,Insurance,29106.03,INR,SUCCESS,Debit Card
TXN2025007990,2026-02-09T04:15:31Z,Zepto,Groceries,5837.03,INR,SUCCESS,UPI
TXN2025007991,2025-11-09,Swiggy,Food & Dining,568.0,INR,SUCCESS,Debit Card
TXN2025004298,2026-02-11T00:51:33Z,Hotstar,Entertainment,700.61,INR,SUCCESS,Debit Card
TXN2025007993,2026-01-08T23:30:11+05:30,BPCL,Fuel,-3465.8,INR,SUCCESS,UPI
TXN2025007994,2026-01-02T13:41:03Z,Udemy,Education,52708.67,INR,SUCCESS,Netbanking
TXN2025007995,2025-12-30T07:24:56Z,YouTube Premium,Entertainment,2036.4,INR,SUCCESS,Netbanking
TXN2025007996,2026-05-29T09:22:15Z,HP Petrol,Fuel,681.0,INR,SUCCESS,Debit Card
TXN2025007997,2025-12-24T07:28:42Z,Myntra,Shopping,10285.23,INR,SUCCESS,Netbanking
TXN2025007998,2025-10-28T01:49:34+05:30,Ajio,Shopping,15293.91,INR,SUCCESS,Netbanking
TXN2025007999,2025-12-03,Tata Power,Utilities,1627.35,INR,SUCCESS,UPI
TXN2025008000,2026-02-19T07:50:42Z,upGrad,Education,33972.84,INR,SUCCESS,Debit Card
TXN2025008001,2025-11-11T00:26:21+05:30,Croma,Shopping,7066.0,INR,SUCCESS,Credit Card
TXN2025008002,2026-01-09T11:34:51Z,Myntra,Shopping,8262.93,INR,SUCCESS,Debit Card
TXN2025008003,2026-02-09T03:23:51Z,YouTube Premium,Entertainment,1917.01,INR,SUCCESS,UPI
TXN2025008004,2026-04-11T16:41:50Z,Cult.fit,Health,2717.16,INR,PENDING,Netbanking
TXN2025008005,2025-10-16T18:13:56+05:30,ACT Fibernet,Utilities,353.0,INR,FAILED,Netbanking
TXN2025008006,2025-10-14T06:51:02Z,BSES,Utilities,3225.12,INR,SUCCESS,Debit Card
TXN2025008007,2026-06-25T02:21:18Z,Airtel,Utilities,2991.37,INR,SUCCESS,Credit Card
TXN2025008008,2026-03-28T12:59:16Z,Spotify,Entertainment,2490.65,INR,SUCCESS,Debit Card
TXN2025008009,2025-10-18T08:33:17Z,Spotify,Entertainment,2412.0,INR,SUCCESS,Debit Card
TXN2025008010,1764375728000,Tata Power,Utilities,2880.0,INR,SUCCESS,Credit Card
TXN2025008011,2026-06-28,ACT Fibernet,Utilities,1052.51,INR,SUCCESS,Debit Card
TXN2025008012,1773759601000,Netflix,Entertainment,940.0,INR,FAILED,Netbanking
TXN2025008013,2026-03-19T04:21:02Z,BookMyShow,Entertainment,2364.19,INR,SUCCESS,Credit Card
TXN2025008014,2026-07-13T02:05:21Z,IndiGo,Travel,7487.06,INR,FAILED,UPI
TXN2025008015,2026-02-05T07:24:34Z,BYJU'S,Education,49852.0,INR,SUCCESS,Credit Card
TXN2025008016,2026-06-26,Swiggy,Food & Dining,654.0,INR,SUCCESS,Netbanking
TXN2025008017,2026-04-27T14:40:37Z,Ajio,Shopping,9668.71,INR,SUCCESS,Netbanking
TXN2025008018,2026-06-08T01:01:35+05:30,BookMyShow,Entertainment,1493.27,INR,success,Netbanking
TXN2025008019,2025-10-14T16:16:13Z,Starbucks,Food & Dining,858.47,INR,SUCCESS,Netbanking
TXN2025008020,1765524176000,Hotstar,Entertainment,202.72,INR,SUCCESS,UPI
TXN2025008021,2026-03-22T09:05:06Z,Cult.fit,Health,1433.69,INR,SUCCESS,Debit Card
TXN2025008022,2026-02-18T19:31:19Z,Shell,Fuel,1189.92,INR,SUCCESS,Credit Card
TXN2025008023,1767479624000,upGrad,Education,20458.0,INR,SUCCESS,Netbanking
TXN2025008024,2026-01-09,Flipkart,Shopping,7981.0,INR,SUCCESS,Netbanking
TXN2025008025,2026-01-07T10:41:44Z,Unacademy,Education,29376.0,INR,SUCCESS,Netbanking
TXN2025008026,2025-08-13T03:35:05Z,Blinkit,Groceries,3516.0,INR,SUCCESS,Credit Card
TXN2025008027,28/05/2026 20:47:44,Unacademy,Education,24129.0,INR,SUCCESS,Netbanking
TXN2025008028,2025-07-14T18:44:37Z,Uber,Travel,3219.0,INR,SUCCESS,Netbanking
TXN2025008029,2026-01-02T00:40:03+05:30,1mg,Health,656.61,INR,SUCCESS,UPI
TXN2025008030,2025-07-21T18:23:02+05:30,BSES,Utilities,2262.0,INR,SUCCESS,UPI
TXN2025008031,2026-04-19,Zomato,Food & Dining,528.0,INR,SUCCESS,Debit Card
TXN2025008032,2026-07-03,HDFC Ergo,Insurance,23811.0,INR,SUCCESS,Netbanking
TXN2025008033,2025-12-15T20:21:32+05:30,Zepto,Groceries,1620.68,INR,SUCCESS,Credit Card
TXN2025008034,2025-08-07T22:20:29+05:30,Policybazaar,Insurance,31531.49,INR,SUCCESS,UPI
TXN2025008035,2026-03-05T19:41:40Z,Amazon,Shopping,12646.82,INR,SUCCESS,UPI
TXN2025008036,2026-05-25T17:34:44Z,Myntra,Shopping,11731.0,INR,SUCCESS,Netbanking
TXN2025008037,2025-08-11T13:06:52+05:30,Rapido,Travel,546.0,INR,SUCCESS,Credit Card
TXN2025008038,2025-08-06T10:40:11Z,BPCL,Fuel,2348.59,INR,SUCCESS,Netbanking
TXN2025008039,1754063320000,Netflix,Entertainment,1536.0,INR,SUCCESS,Credit Card
TXN2025008040,2026-02-04,Zomato,Food & Dining,751.58,INR,SUCCESS,UPI
TXN2025008041,15/12/2025 20:35:46,Spotify,Entertainment,1566.04,INR,SUCCESS,Netbanking
TXN2025008042,2026-02-08T16:10:42Z,Udemy,Education,32301.0,INR,SUCCESS,Credit Card
TXN2025008043,16/11/2025 17:46:52,BPCL,Fuel,-3202.66,INR,SUCCESS,Debit Card
TXN2025008044,2025-10-03T02:44:23+05:30,Croma,Shopping,9702.0,INR,SUCCESS,Netbanking
TXN2025008045,2026-04-28T21:49:46Z,IndiGo,Travel,2897.12,INR,SUCCESS,UPI
TXN2025008046,2026-04-10T16:11:39Z,HDFC Ergo,,10880.15,INR,SUCCESS,Netbanking
TXN2025008047,2025-07-31T19:19:35+05:30,BSES,Utilities,2808.13,INR,SUCCESS,Credit Card
TXN2025008048,2026-07-04T05:51:40Z,McDonald's,Food & Dining,432.8,INR,SUCCESS,Debit Card
TXN2025008049,2026-02-21T05:51:10Z,Ola,Travel,1589.88,INR,FAILED,Debit Card
TXN2025008050,2026-03-30T23:59:56+05:30,Udemy,Education,35218.76,INR,SUCCESS,Credit Card
TXN2025008051,02/02/2026 20:12:28,upGrad,Education,26155.52,INR,SUCCESS,Netbanking
TXN2025008052,2025-10-02,Policybazaar,Insurance,28734.92,INR,SUCCESS,Debit Card
TXN2025008053,2026-01-21T11:57:57+05:30,1mg,Health,692.0,INR,SUCCESS,Netbanking
TXN2025008054,2026-01-10T08:25:24+05:30,Croma,Shopping,9288.41,INR,SUCCESS,Netbanking
TXN2025008055,2025-12-19T20:37:03Z,Practo,Health,-721.0,INR,SUCCESS,Credit Card
TXN2025008056,2026-05-05T06:38:04Z,1mg,Health,2733.51,INR,SUCCESS,Debit Card
TXN2025008057,2026-04-15T13:52:25Z,Uber,Travel,7546.0,INR,SUCCESS,Netbanking
TXN2025008058,2025-08-24T10:09:25Z,MakeMyTrip,Travel,853.92,INR,SUCCESS,Debit Card
TXN2025008059,2025-07-04T02:06:45+05:30,Zomato,Food & Dining,325.82,INR,SUCCESS,UPI
TXN2025008060,2026-05-09T04:44:20Z,Apollo Pharmacy,Health,623.07,INR,SUCCESS,Credit Card
TXN2025008061,2026-06-25T08:29:30Z,upGrad,Education,14417.0,INR,SUCCESS,Netbanking
TXN2025008062,1761076081000,Spotify,Entertainment,1178.27,INR,SUCCESS,Netbanking
TXN2025008063,2025-07-31T15:50:43+05:30,MakeMyTrip,Travel,7243.0,INR,SUCCESS,Credit Card
TXN2025008064,2025-07-31T15:07:16Z,Spotify,Entertainment,640.0,INR,SUCCESS,UPI
TXN2025008065,2025-12-01T15:53:03+05:30,LIC Premium,Insurance,13947.0,INR,SUCCESS,Credit Card
TXN2025008066,2026-03-27T10:49:51Z,Amazon,Shopping,14692.61,INR,SUCCESS,UPI
TXN2025008067,2025-09-12T18:37:47Z,Coursera,Education,38424.0,INR,SUCCESS,Netbanking
TXN2025008068,2026-01-10T19:44:59Z,Spotify,Entertainment,1124.0,INR,SUCCESS,UPI
TXN2025008069,2026-03-29T22:19:12+05:30,Uber,Travel,8504.74,INR,SUCCESS,Credit Card
TXN2025008070,1767450369000,Tata Power,Utilities,903.15,INR,SUCCESS,UPI
TXN2025008071,1754586690000,Amazon,Shopping,15201.76,INR,FAILED,Debit Card
TXN2025008072,2026-05-18T05:00:03+05:30,Apollo Pharmacy,Health,1326.0,INR,SUCCESS,Credit Card
TXN2025008073,2025-10-10T03:54:53Z,Croma,Shopping,17105.09,INR,FAILED,UPI
TXN2025008074,2025-11-07T17:33:55Z,YouTube Premium,Entertainment,330.84,INR,SUCCESS,Netbanking
TXN2025008075,2025-10-30T08:43:55Z,Hotstar,Entertainment,-273.61,INR,SUCCESS,Debit Card
TXN2025008076,2026-05-20T20:58:18Z,IndiGo,Travel,3204.25,INR,SUCCESS,Netbanking
TXN2025008077,2026-05-28T04:55:33Z,Amazon,Shopping,1482.15,INR,SUCCESS,UPI
TXN2025008078,2025-10-31,Zepto,Groceries,2232.0,INR,SUCCESS,Credit Card
TXN2025008079,1762313315000,McDonald's,Food & Dining,672.03,INR,SUCCESS,Netbanking
TXN2025008080,1764939168000,Starbucks,Food & Dining,767.0,INR,FAILED,Credit Card
TXN2025008081,2026-04-20T19:58:18+05:30,upGrad,Education,47569.85,INR,SUCCESS,Netbanking
TXN2025008082,2025-11-04T21:28:47Z,1mg,Health,3143.0,INR,SUCCESS,Debit Card
TXN2025008083,2025-07-03T23:12:30Z,BookMyShow,Entertainment,500.87,INR,SUCCESS,Credit Card
TXN2025008084,2026-04-20T19:23:11Z,Uber,Travel,2924.61,INR,FAILED,Netbanking
TXN2025008085,2026-03-26T20:13:30+05:30,PharmEasy,Health,6155.58,INR,FAILED,Netbanking
TXN2025008086,2026-01-07T20:31:10Z,Policybazaar,Insurance,5720.72,INR,SUCCESS,Debit Card
TXN2025008087,2026-04-28T19:48:04+05:30,Flipkart,Shopping,13388.0,INR,SUCCESS,UPI
TXN2025008088,2026-05-03T02:03:24Z,Myntra,Shopping,5646.93,INR,SUCCESS,Netbanking
TXN2025008089,2026-07-03T15:30:44Z,Starbucks,Food & Dining,407.89,INR,SUCCESS,Netbanking
TXN2025008090,2026-06-19T14:21:53+05:30,Coursera,Education,43426.0,INR,SUCCESS,UPI
TXN2025008091,2026-01-29T17:58:36Z,BPCL,Fuel,1181.62,INR,FAILED,Debit Card
TXN2025008092,2025-08-05T06:29:21Z,Domino's,Food & Dining,324.87,INR,SUCCESS,Debit Card
TXN2025008093,2025-10-10,HDFC Ergo,Insurance,6789.86,INR,SUCCESS,Credit Card
TXN2025008094,2025-07-08T07:03:49+05:30,HDFC Ergo,Insurance,17069.58,INR,SUCCESS,UPI
TXN2025008095,2025-11-05T07:28:01Z,upGrad,Education,19712.0,INR,SUCCESS,Credit Card
TXN2025008096,2026-04-26T03:53:10Z,Airtel,Utilities,2407.97,INR,SUCCESS,Netbanking
TXN2025008097,2025-12-20T07:09:53Z,Indian Oil,Fuel,1508.27,INR,SUCCESS,Debit Card
TXN2025008098,04/02/2026 19:38:25,Nykaa,Shopping,4846.98,INR,FAILED,UPI
TXN2025008099,2025-07-03T03:59:25+05:30,Blinkit,Groceries,1154.25,INR,SUCCESS,Netbanking
TXN2025008100,2025-07-04T21:23:21Z,Coursera,Education,30104.1,INR,SUCCESS,Netbanking
TXN2025008101,2025-12-13T04:30:32Z,Shell,Fuel,811.0,INR,SUCCESS,Netbanking
TXN2025008102,1776414904000,Nykaa,Shopping,12205.0,INR,SUCCESS,Netbanking
TXN2025008103,2025-07-19T04:02:04Z,Hotstar,Entertainment,1115.0,INR,SUCCESS,Debit Card
TXN2025008104,2025-11-02T23:54:53Z,Myntra,Shopping,15626.9,INR,SUCCESS,UPI
TXN2025008105,2026-05-20T00:07:33+05:30,ACT Fibernet,Utilities,1626.0,INR,SUCCESS,Debit Card
TXN2025008106,2026-01-25T06:37:33Z,Policybazaar,Insurance,38519.19,INR,SUCCESS,UPI
TXN2025008107,2025-09-08T12:34:53+05:30,Airtel,Utilities,3211.55,INR,SUCCESS,Debit Card
TXN2025008108,1769074403000,Spotify,Entertainment,1001.45,INR,SUCCESS,Netbanking
TXN2025008109,2025-12-14T04:02:00+05:30,BSES,Utilities,1791.0,INR,SUCCESS,Credit Card
TXN2025008110,2026-05-06T19:56:48Z,upGrad,Education,-5985.44,INR,SUCCESS,Credit Card
TXN2025008111,2025-09-18T12:03:00Z,Zepto,Groceries,3641.0,INR,SUCCESS,Credit Card
TXN2025008112,2025-09-07,Myntra,,6746.01,INR,SUCCESS,Debit Card
TXN2025008113,2025-12-12T05:00:41+05:30,Practo,Health,3474.0,INR,SUCCESS,Debit Card
TXN2025008114,2026-02-09T13:22:47Z,upGrad,Education,3935.85,INR,SUCCESS,Credit Card
TXN2025008115,2026-02-12T13:45:00Z,Unacademy,Education,42599.0,INR,SUCCESS,Debit Card
TXN2025008116,1764430674000,upGrad,Education,26126.97,INR,SUCCESS,UPI
TXN2025008117,2025-11-10,Amazon,Shopping,3462.86,INR,SUCCESS,Netbanking
TXN2025008118,2025-08-07,Ajio,Shopping,1423.0,INR,SUCCESS,UPI
TXN2025008119,1767779707000,BPCL,Fuel,2658.0,INR,SUCCESS,UPI
TXN2025008120,04/09/2025 09:37:31,McDonald's,Food & Dining,782.92,INR,FAILED,UPI
TXN2025008121,2025-12-25T12:22:38Z,HDFC Ergo,Insurance,26670.17,INR,FAILED,Credit Card
TXN2025008122,1781003815000,Spotify,Entertainment,2328.56,INR,PENDING,UPI
TXN2025008123,2025-11-25,DMart,Groceries,1002.52,INR,SUCCESS,UPI
TXN2025008124,2026-02-08T02:57:54Z,Jio,Utilities,2527.0,INR,SUCCESS,Debit Card
TXN2025008125,2026-04-16T13:41:01Z,Shell,Fuel,3938.61,INR,SUCCESS,Netbanking
TXN2025008126,2026-05-31T10:21:49Z,Starbucks,Food & Dining,223.55,INR,SUCCESS,Netbanking
TXN2025008127,2026-02-26T02:24:28Z,Ola,Travel,8349.93,INR,SUCCESS,Credit Card
TXN2025008128,2026-05-09T15:49:01+05:30,DMart,Groceries,5276.62,INR,SUCCESS,UPI
TXN2025008129,2025-12-18T13:34:43+05:30,BookMyShow,Entertainment,1593.0,INR,SUCCESS,Netbanking
TXN2025008130,2026-05-31T19:17:33+05:30,IRCTC,Travel,7436.74,INR,SUCCESS,Netbanking
TXN2025008131,1758022089000,Flipkart,Shopping,14774.0,INR,SUCCESS,Debit Card
TXN2025008132,2026-03-06T05:08:24Z,Myntra,Shopping,13669.91,INR,PENDING,Netbanking
TXN2025008133,2025-10-20T07:21:47Z,BookMyShow,,907.0,INR,SUCCESS,Credit Card
TXN2025008134,2025-07-24T20:10:24Z,Zomato,Food & Dining,710.0,INR,SUCCESS,Debit Card
TXN2025008135,1769215596000,Udemy,Education,39586.0,INR,SUCCESS,Netbanking
TXN2025008136,26/05/2026 18:22:19,Domino's,Food & Dining,419.37,INR,SUCCESS,Credit Card
TXN2025008137,2025-10-19T07:25:29Z,BSES,Utilities,1430.78,INR,FAILED,Netbanking
TXN2025008138,2026-07-03T15:09:07Z,Practo,Health,6846.06,INR,SUCCESS,Credit Card
TXN2025008139,1767702001000,Starbucks,Food & Dining,324.0,INR,SUCCESS,UPI
TXN2025008140,2025-11-20T19:34:10Z,Croma,Shopping,15330.65,INR,FAILED,Credit Card
TXN2025008141,1762067148000,Swiggy,Food & Dining,654.79,INR,SUCCESS,UPI
TXN2025008142,2026-07-05T01:31:04Z,Myntra,Shopping,16147.16,INR,SUCCESS,Netbanking
TXN2025008143,2026-01-27T12:53:11+05:30,JioMart,Groceries,2003.0,INR,PENDING,UPI
TXN2025008144,2025-07-10T05:34:03Z,Shell,Fuel,1631.0,INR,SUCCESS,Credit Card
TXN2025008145,2025-07-02T00:52:24+05:30,Indian Oil,Fuel,1158.0,INR,SUCCESS,Credit Card
TXN2025008146,21/11/2025 20:51:25,Netflix,Entertainment,888.0,INR,SUCCESS,Credit Card
TXN2025008147,2025-11-21T09:13:48Z,Shell,Fuel,1942.0,INR,SUCCESS,UPI
TXN2025008148,2025-08-01T01:56:21Z,Ola,Travel,3099.0,INR,SUCCESS,Netbanking
TXN2025008149,2026-04-27T14:58:28Z,BPCL,Fuel,2540.58,INR,FAILED,UPI
TXN2025008150,1780347991000,LIC Premium,Insurance,15415.0,INR,SUCCESS,UPI
TXN2025008151,2025-07-10T06:58:35Z,HP Petrol,Fuel,3040.0,INR,SUCCESS,UPI
TXN2025008152,2026-04-03T17:51:54Z,Blinkit,Groceries,880.0,INR,SUCCESS,Netbanking
TXN2025008153,2025-10-15,Rapido,Travel,5761.0,INR,SUCCESS,Debit Card
TXN2025008154,2026-06-20T19:27:26Z,McDonald's,Food & Dining,378.35,INR,SUCCESS,Credit Card
TXN2025008155,2025-08-26,Nykaa,Shopping,8695.31,INR,SUCCESS,Netbanking
TXN2025008156,2025-10-12T00:06:27+05:30,BPCL,Fuel,2786.98,INR,SUCCESS,Credit Card
TXN2025008157,2025-07-17T07:51:44+05:30,Indian Oil,Fuel,2361.87,INR,SUCCESS,Credit Card
TXN2025008158,2026-02-19T20:21:14Z,Unacademy,Education,20959.53,INR,SUCCESS,Netbanking
TXN2025008159,2026-05-11T19:25:06Z,Starbucks,Food & Dining,406.0,INR,SUCCESS,Netbanking
TXN2025008160,2026-05-25T23:13:38Z,Amazon,Shopping,2974.77,INR,SUCCESS,Credit Card
TXN2025008161,2026-02-24T20:46:25Z,BSES,Utilities,877.1,INR,PENDING,Credit Card
TXN2025008162,2025-07-27T23:57:34+05:30,Udemy,Education,17897.95,INR,SUCCESS,Credit Card
TXN2025008163,2025-09-12T16:04:07+05:30,Jio,Utilities,1484.0,INR,SUCCESS,Debit Card
TXN2025008164,2026-03-27T00:54:50Z,IRCTC,Travel,8717.0,INR,SUCCESS,UPI
TXN2025008165,31/10/2025 09:06:21,Coursera,Education,17535.91,INR,SUCCESS,Debit Card
TXN2025008166,2025-08-15T08:11:42Z,Spotify,Entertainment,2387.92,INR,SUCCESS,UPI
TXN2025008167,2025-08-12T01:10:32Z,Policybazaar,Insurance,22407.0,INR,SUCCESS,Netbanking
TXN2025008168,2025-08-11T20:39:59+05:30,upGrad,Education,13565.6,INR,SUCCESS,Netbanking
TXN2025008169,2025-12-07,Practo,Health,3921.55,INR,SUCCESS,Credit Card
TXN2025008170,2025-08-19T18:19:46Z,IndiGo,Travel,8786.43,INR,SUCCESS,UPI
TXN2025008171,2025-10-02T05:45:49Z,BigBasket,Groceries,1187.23,INR,SUCCESS,Credit Card
TXN2025008172,2026-04-25T05:35:27Z,Flipkart,Shopping,12023.97,INR,SUCCESS,Debit Card
TXN2025008173,2025-08-29T15:16:52+05:30,Zomato,Food & Dining,596.25,INR,SUCCESS,UPI
TXN2025008174,2025-10-04,Rapido,Travel,250.76,INR,SUCCESS,Netbanking
TXN2025008175,2025-07-16T13:48:05+05:30,BookMyShow,Entertainment,1156.0,INR,SUCCESS,Credit Card
TXN2025008176,2025-10-31T03:08:56+05:30,BookMyShow,Entertainment,249.0,INR,SUCCESS,Netbanking
TXN2025008177,2025-11-16T09:15:58Z,Jio,Utilities,868.37,INR,SUCCESS,Netbanking
TXN2025008178,2026-04-27T20:04:08+05:30,Ola,Travel,4863.26,INR,SUCCESS,Credit Card
TXN2025008179,2026-02-05T03:06:01+05:30,Ola,Travel,1871.18,INR,PENDING,UPI
TXN2025008180,2026-01-27T06:22:32Z,Amazon,Shopping,11093.66,INR,SUCCESS,Debit Card
TXN2025008181,2025-12-29T00:34:34Z,Tata Power,Utilities,1849.95,INR,SUCCESS,UPI
TXN2025008182,2025-08-10T06:45:50Z,HP Petrol,Fuel,3269.59,INR,SUCCESS,Netbanking
TXN2025008183,2026-03-24T00:42:48Z,Ola,Travel,3753.13,INR,SUCCESS,UPI
TXN2025008184,2025-07-05T03:34:29Z,Jio,Utilities,1996.66,INR,SUCCESS,Netbanking
TXN2025008185,2026-06-18T15:51:10+05:30,Hotstar,Entertainment,2155.62,INR,SUCCESS,UPI
TXN2025008186,2026-04-09T01:48:44Z,Croma,Shopping,8933.0,INR,SUCCESS,Debit Card
TXN2025008187,2025-11-03T06:09:15+05:30,Croma,Shopping,9956.0,INR,SUCCESS,UPI
TXN2025008188,1766393830000,Jio,Utilities,2001.0,INR,SUCCESS,Credit Card
TXN2025008189,1771814868000,Croma,Shopping,11492.0,INR,SUCCESS,Netbanking
TXN2025008190,2025-07-17T00:49:43+05:30,1mg,Health,3183.0,INR,SUCCESS,UPI
TXN2025008191,1751455322000,HP Petrol,Fuel,1348.51,INR,SUCCESS,Debit Card
TXN2025008192,2025-12-25T02:43:51+05:30,LIC Premium,Insurance,11451.42,INR,SUCCESS,UPI
TXN2025008193,2025-09-13T11:46:29Z,BigBasket,Groceries,5415.07,INR,SUCCESS,Netbanking
TXN2025008194,2025-12-25,DMart,Groceries,3373.36,INR,FAILED,Credit Card
TXN2025008195,28/07/2025 06:43:26,BookMyShow,Entertainment,289.0,INR,SUCCESS,UPI
TXN2025008196,2025-12-08T22:47:07Z,Jio,Utilities,2520.67,INR,SUCCESS,UPI
TXN2025008197,2026-02-10T10:59:24+05:30,DMart,Groceries,5554.83,INR,SUCCESS,Debit Card
TXN2025008198,2026-04-08T11:36:58+05:30,MakeMyTrip,Travel,5835.04,INR,PENDING,UPI
TXN2025008199,1782257002000,upGrad,Education,12428.17,INR,SUCCESS,Debit Card
TXN2025008200,2025-08-11T07:01:24Z,BYJU'S,Education,50786.0,INR,SUCCESS,Netbanking
TXN2025008201,2026-01-09T14:08:13Z,HDFC Ergo,Insurance,35258.96,INR,SUCCESS,Debit Card
TXN2025008202,2026-01-05T23:32:42+05:30,Amazon,Shopping,6238.64,INR,PENDING,UPI
TXN2025008203,2026-04-04T05:14:25Z,IndiGo,Travel,5759.31,INR,SUCCESS,Debit Card
TXN2025008204,02/01/2026 15:28:20,Croma,Shopping,17524.0,INR,SUCCESS,Debit Card
TXN2025008205,1771246257000,BookMyShow,Entertainment,2458.0,INR,SUCCESS,Debit Card
TXN2025008206,2025-08-13T04:33:48+05:30,LIC Premium,Insurance,11203.0,INR,SUCCESS,Credit Card
TXN2025008207,1763114559000,Airtel,Utilities,945.9,INR,SUCCESS,Netbanking
TXN2025008208,2025-10-28T17:43:47Z,YouTube Premium,Entertainment,1170.0,INR,SUCCESS,Netbanking
TXN2025008209,2025-10-07T01:15:06Z,HP Petrol,Fuel,1596.97,INR,SUCCESS,UPI
TXN2025008210,2026-07-12T16:26:32Z,JioMart,Groceries,2820.0,INR,SUCCESS,Credit Card
TXN2025008211,1768454446000,Myntra,Shopping,10938.21,INR,SUCCESS,Debit Card
TXN2025008212,2026-06-16T10:41:10Z,Jio,Utilities,1331.0,INR,SUCCESS,Debit Card
TXN2025008213,2025-12-11T14:59:39Z,Nykaa,Shopping,4993.04,INR,SUCCESS,Netbanking
TXN2025008214,2025-07-22T07:04:20+05:30,Uber,Travel,5569.17,INR,SUCCESS,Credit Card
TXN2025008215,2026-02-24T23:01:37Z,Ajio,Shopping,17694.24,INR,SUCCESS,UPI
TXN2025008216,2026-04-27T04:11:44Z,Jio,Utilities,-2398.0,INR,SUCCESS,UPI
TXN2025008217,2026-06-24T16:15:16Z,MakeMyTrip,Travel,4747.52,INR,SUCCESS,Netbanking
TXN2025008218,1759247050000,Coursera,Education,30027.0,INR,SUCCESS,Credit Card
TXN2025008219,2026-02-21T06:40:45+05:30,Ola,Travel,7541.98,INR,PENDING,Netbanking
TXN2025008220,2025-10-06T23:33:11Z,Ajio,Shopping,3088.14,INR,SUCCESS,Netbanking
TXN2025008221,2025-08-03T12:14:55Z,Uber,Travel,5154.37,INR,SUCCESS,Credit Card
TXN2025008222,2026-03-07T02:30:53+05:30,Spotify,Entertainment,1092.8,INR,SUCCESS,UPI
TXN2025008223,2026-03-10T21:55:57Z,BPCL,Fuel,4155.0,INR,SUCCESS,Debit Card
TXN2025008224,1759086602000,PharmEasy,Health,1252.0,INR,SUCCESS,Debit Card
TXN2025008225,2026-04-10T04:13:08Z,Swiggy,Food & Dining,625.0,INR,SUCCESS,Credit Card
TXN2025008226,1764406543000,Jio,Utilities,1561.0,INR,SUCCESS,UPI
TXN2025008227,2026-02-20T16:16:55Z,PharmEasy,Health,5625.0,INR,SUCCESS,UPI
TXN2025008228,2025-11-30T02:19:43Z,Swiggy,Food & Dining,156.0,INR,SUCCESS,Debit Card
TXN2025008229,2026-04-06T11:47:56Z,Zepto,Groceries,2236.0,INR,SUCCESS,UPI
TXN2025008230,2026-06-03T08:51:03Z,Starbucks,Food & Dining,194.95,INR,SUCCESS,Netbanking
TXN2025008231,2026-04-09T04:17:51Z,Ajio,Shopping,11902.36,INR,SUCCESS,Credit Card
TXN2025008232,15/05/2026 23:29:05,Swiggy,Food & Dining,830.0,INR,SUCCESS,Credit Card
TXN2025008233,2026-01-13T16:25:35+05:30,JioMart,Groceries,4091.72,INR,SUCCESS,Credit Card
TXN2025008234,2025-08-31T01:43:48Z,Starbucks,Food & Dining,509.28,INR,SUCCESS,Netbanking
TXN2025008235,2025-12-03T06:59:57+05:30,Hotstar,Entertainment,1027.14,INR,SUCCESS,UPI
TXN2025008236,23/01/2026 16:35:46,Domino's,Food & Dining,704.0,INR,SUCCESS,Netbanking
TXN2025008237,2026-05-13T00:50:06+05:30,Policybazaar,Insurance,36445.55,INR,SUCCESS,UPI
TXN2025008238,2026-03-06T01:29:25Z,IRCTC,Travel,6086.0,INR,PENDING,Debit Card
TXN2025008239,2025-09-07T04:16:41Z,Domino's,Food & Dining,861.37,INR,SUCCESS,Netbanking
TXN2025008240,2025-10-29T10:26:54+05:30,YouTube Premium,Entertainment,2284.0,INR,SUCCESS,Debit Card
TXN2025008241,2026-06-22T08:46:44+05:30,Policybazaar,Insurance,27351.0,INR,SUCCESS,Debit Card
TXN2025008242,2025-10-19T11:14:48+05:30,Starbucks,Food & Dining,780.95,INR,SUCCESS,Netbanking
TXN2025008243,2025-12-07T11:37:43Z,Unacademy,Education,46887.0,INR,SUCCESS,Credit Card
TXN2025008244,2025-11-14T14:42:13Z,Indian Oil,Fuel,1996.03,INR,SUCCESS,Netbanking
TXN2025008245,2026-02-03T20:20:20+05:30,JioMart,Groceries,2347.16,INR,SUCCESS,Debit Card
TXN2025008246,10/10/2025 02:26:45,Apollo Pharmacy,Health,6534.0,INR,SUCCESS,UPI
TXN2025008247,2026-07-09T16:55:09+05:30,Unacademy,Education,19589.0,INR,SUCCESS,Credit Card
TXN2025008248,2025-08-08T04:57:59Z,Policybazaar,Insurance,10293.93,INR,SUCCESS,Debit Card
TXN2025008249,1759565868000,LIC Premium,Insurance,10393.19,INR,SUCCESS,Credit Card
TXN2025008250,2025-10-17T05:18:19Z,1mg,Health,6722.92,INR,SUCCESS,Debit Card
TXN2025008251,1756189691000,MakeMyTrip,Travel,2205.53,INR,SUCCESS,Debit Card
TXN2025008252,2026-07-04T10:31:26+05:30,Netflix,Entertainment,1745.58,INR,SUCCESS,Debit Card
TXN2025008253,2026-06-14T18:23:29+05:30,BYJU'S,Education,3903.85,INR,SUCCESS,Netbanking
TXN2025008254,30/11/2025 18:14:08,Ajio,Shopping,4971.27,INR,SUCCESS,Debit Card
TXN2025008255,2026-05-03,Practo,Health,3443.66,INR,SUCCESS,Credit Card
TXN2025008256,2026-05-05T13:15:10Z,Coursera,Education,42771.0,INR,SUCCESS,Netbanking
TXN2025008257,2026-06-03T18:15:55Z,Airtel,Utilities,2271.8,INR,SUCCESS,UPI
TXN2025008258,2025-10-22T00:10:40Z,Domino's,Food & Dining,585.22,INR,SUCCESS,Credit Card
TXN2025008259,2025-10-04T22:35:00Z,Practo,Health,3628.85,INR,SUCCESS,Netbanking
TXN2025008260,2026-01-12T00:35:26Z,Cult.fit,Health,1928.0,INR,SUCCESS,Netbanking
TXN2025008261,2025-12-30,Netflix,Entertainment,1338.42,INR,SUCCESS,UPI
TXN2025008262,2025-07-01T10:57:00Z,Uber,Travel,2700.83,INR,SUCCESS,Debit Card
TXN2025008263,2025-11-18,BSES,Utilities,2060.39,INR,SUCCESS,Debit Card
TXN2025008264,2026-06-12T06:45:34Z,MakeMyTrip,Travel,2527.59,INR,SUCCESS,Debit Card
TXN2025008265,2025-09-25T08:35:06Z,Myntra,,11834.08,INR,SUCCESS,Credit Card
TXN2025008266,29/12/2025 12:27:58,Rapido,Travel,2622.05,INR,SUCCESS,UPI
TXN2025008267,2026-03-11T02:29:43Z,Indian Oil,Fuel,3588.69,INR,SUCCESS,UPI
TXN2025008268,2026-03-09T14:39:28Z,LIC Premium,Insurance,10714.0,INR,SUCCESS,Credit Card
TXN2025008269,1777595355000,DMart,Groceries,5617.85,INR,SUCCESS,Debit Card
TXN2025008270,20/09/2025 06:32:56,DMart,Groceries,3830.45,INR,SUCCESS,UPI
TXN2025008271,2025-08-08T21:35:53Z,Nykaa,Shopping,9581.0,INR,SUCCESS,Credit Card
TXN2025008272,1783927267000,Hotstar,Entertainment,874.0,INR,SUCCESS,UPI
TXN2025008273,2026-07-14T12:39:03+05:30,DMart,Groceries,1759.36,INR,SUCCESS,Credit Card
TXN2025008274,2026-01-06T03:11:47Z,Tata Power,Utilities,2297.64,INR,SUCCESS,Debit Card
TXN2025008275,1783084312000,Zomato,Food & Dining,466.28,INR,FAILED,UPI
TXN2025008276,2026-03-17T11:31:30Z,Cult.fit,Health,2904.0,INR,SUCCESS,Credit Card
TXN2025008277,1775259167000,Airtel,Utilities,1535.39,INR,SUCCESS,Credit Card
TXN2025008278,2025-07-02,Ajio,Shopping,7893.83,INR,SUCCESS,Netbanking
TXN2025008279,2026-01-07T11:46:40Z,1mg,Health,3748.0,INR,SUCCESS,Netbanking
TXN2025008280,1779752733000,Indian Oil,Fuel,2986.05,INR,SUCCESS,Credit Card
TXN2025008281,1767905294000,Airtel,Utilities,2194.08,INR,SUCCESS,Debit Card
TXN2025008282,1772122571000,Croma,Shopping,12711.51,INR,SUCCESS,Netbanking
TXN2025008283,2026-05-11T20:50:12+05:30,Ola,Travel,3621.47,INR,FAILED,Debit Card
TXN2025008284,1774087057000,Spotify,Entertainment,800.0,INR,SUCCESS,Credit Card
TXN2025008285,2026-04-05T22:15:13+05:30,Indian Oil,Fuel,4157.92,INR,FAILED,Credit Card
TXN2025008286,1776217884000,HP Petrol,Fuel,1162.31,INR,SUCCESS,UPI
TXN2025008287,2025-08-10T10:00:01Z,Flipkart,Shopping,7752.58,INR,SUCCESS,Debit Card
TXN2025008288,2026-05-27T23:39:52+05:30,Croma,Shopping,8851.0,INR,SUCCESS,Netbanking
TXN2025008289,2025-09-25T17:13:21Z,Flipkart,Shopping,6723.0,INR,SUCCESS,Credit Card
TXN2025008290,2026-07-01,McDonald's,Food & Dining,881.29,INR,SUCCESS,Credit Card
TXN2025008291,2025-10-25T00:38:20+05:30,McDonald's,Food & Dining,738.0,INR,SUCCESS,Debit Card
TXN2025008292,2025-12-12,BookMyShow,Entertainment,2217.55,INR,SUCCESS,UPI
TXN2025008293,2025-08-25T02:40:37Z,Tata Power,Utilities,1452.22,INR,SUCCESS,UPI
TXN2025008294,2026-01-21T23:01:19Z,Zomato,Food & Dining,733.0,INR,SUCCESS,Debit Card
TXN2025008295,2026-06-10T18:56:30+05:30,Coursera,Education,33983.13,INR,SUCCESS,Netbanking
TXN2025008296,2026-03-04T23:06:20Z,Starbucks,Food & Dining,719.39,INR,FAILED,Debit Card
TXN2025008297,1780654474000,MakeMyTrip,Travel,4712.08,INR,SUCCESS,Netbanking
TXN2025008298,2025-11-06T06:45:53Z,Ola,Travel,1040.87,INR,SUCCESS,Netbanking
TXN2025008299,2026-04-10T13:48:47+05:30,BookMyShow,Entertainment,2467.0,INR,SUCCESS,Netbanking
TXN2025008300,04/09/2025 03:40:53,Cult.fit,Health,4092.49,INR,SUCCESS,Netbanking
TXN2025008301,2026-04-27T15:18:03Z,Blinkit,Groceries,-4150.48,INR,SUCCESS,Credit Card
TXN2025008302,2026-01-01T12:37:01Z,Hotstar,Entertainment,2290.36,INR,SUCCESS,Credit Card
TXN2025008303,02/09/2025 12:06:17,Amazon,Shopping,1703.95,INR,SUCCESS,Debit Card
TXN2025008304,1755804417000,Policybazaar,Insurance,32038.52,INR,SUCCESS,UPI
TXN2025008305,2026-04-11T09:39:00Z,Airtel,Utilities,1273.07,INR,SUCCESS,Debit Card
TXN2025008306,2025-10-12T17:13:48Z,Udemy,Education,17187.76,INR,SUCCESS,Netbanking
TXN2025008307,2026-02-09,Coursera,Education,15588.23,INR,SUCCESS,Netbanking
TXN2025008308,2026-01-31T11:33:52Z,Uber,Travel,5770.36,INR,SUCCESS,UPI
TXN2025008309,2025-08-24,Apollo Pharmacy,Health,6642.81,INR,SUCCESS,Netbanking
TXN2025008310,2025-11-15T18:29:13+05:30,Airtel,Utilities,3306.0,INR,SUCCESS,Credit Card
TXN2025008311,1751494066000,Coursera,Education,35352.62,INR,SUCCESS,Netbanking
TXN2025008312,2026-01-27T02:55:29Z,Starbucks,,369.0,INR,SUCCESS,Debit Card
TXN2025008313,2025-07-12T14:56:50Z,Amazon,,11757.0,INR,SUCCESS,UPI
TXN2025008314,2025-07-08T08:32:44+05:30,Udemy,Education,29687.2,INR,SUCCESS,Debit Card
TXN2025008315,2026-04-14T20:44:20Z,PharmEasy,Health,872.0,INR,SUCCESS,Netbanking
TXN2025008316,2025-12-06T07:01:57Z,Jio,Utilities,3339.0,INR,SUCCESS,Netbanking
TXN2025008317,05/08/2025 19:46:55,Unacademy,Education,21327.0,INR,SUCCESS,Debit Card
TXN2025008318,2025-07-01,Starbucks,Food & Dining,678.0,INR,SUCCESS,UPI
TXN2025008319,2025-11-22T06:09:30Z,Swiggy,Food & Dining,890.05,INR,SUCCESS,Netbanking
TXN2025008320,1765376003000,BookMyShow,Entertainment,1781.5,INR,SUCCESS,Netbanking
TXN2025008321,2026-04-08T09:05:05Z,Spotify,Entertainment,1902.96,INR,SUCCESS,Netbanking
TXN2025008322,2025-07-23T13:14:12Z,BSES,Utilities,3414.0,INR,SUCCESS,UPI
TXN2025008323,2026-05-04,Jio,Utilities,1914.85,INR,SUCCESS,Credit Card
TXN2025008324,2025-10-24T02:24:27Z,IndiGo,,2344.23,INR,SUCCESS,Credit Card
TXN2025008325,2025-07-09T20:50:46Z,Myntra,Shopping,5832.42,INR,SUCCESS,UPI
TXN2025008326,2026-05-27T00:22:38+05:30,BookMyShow,Entertainment,2384.0,INR,SUCCESS,Credit Card
TXN2025008327,2026-06-05T02:24:02Z,Swiggy,Food & Dining,371.14,INR,FAILED,Credit Card
TXN2025008328,2026-04-02T11:32:34+05:30,Shell,Fuel,2885.64,INR,FAILED,UPI
TXN2025008329,2026-02-10T13:07:57Z,Cult.fit,Health,6253.1,INR,SUCCESS,UPI
TXN2025008330,2025-11-14T07:48:24Z,Apollo Pharmacy,Health,5651.14,INR,SUCCESS,Netbanking
TXN2025008331,2025-12-02T08:52:01Z,Myntra,Shopping,15504.0,INR,SUCCESS,Netbanking
TXN2025008332,2026-06-03T21:34:42+05:30,1mg,Health,523.89,INR,success,UPI
TXN2025008333,2025-08-16T10:59:05+05:30,JioMart,Groceries,3584.0,INR,SUCCESS,Netbanking
TXN2025008334,1754794810000,Airtel,Utilities,2208.98,INR,SUCCESS,Debit Card
TXN2025008335,2026-02-27T07:17:22Z,YouTube Premium,,1190.88,INR,SUCCESS,UPI
TXN2025008336,2026-05-18T02:24:05Z,BPCL,Fuel,2344.74,INR,SUCCESS,Credit Card
TXN2025008337,2025-09-23T19:36:55Z,Nykaa,Shopping,11029.77,INR,SUCCESS,Netbanking
TXN2025008338,2025-12-23T15:54:53+05:30,Shell,Fuel,2568.3,INR,PENDING,Credit Card
TXN2025008339,2026-02-27T05:21:43Z,Rapido,Travel,7043.62,INR,SUCCESS,Netbanking
TXN2025008340,2025-12-21T08:45:48Z,Shell,Fuel,3246.24,INR,SUCCESS,Credit Card
TXN2025008341,2026-07-02T18:52:36Z,upGrad,Education,13653.17,INR,PENDING,Netbanking
TXN2025008342,2026-05-13T01:00:40Z,McDonald's,Food & Dining,821.0,INR,SUCCESS,Debit Card
TXN2025008343,2026-05-27,Zomato,Food & Dining,210.22,INR,SUCCESS,Credit Card
TXN2025008344,2026-03-13T06:16:19Z,BookMyShow,Entertainment,1212.0,INR,SUCCESS,UPI
TXN2025008345,2026-01-19T10:47:57Z,DMart,Groceries,2476.59,INR,SUCCESS,Debit Card
TXN2025008346,2025-09-09T15:37:26Z,Zomato,Food & Dining,537.85,INR,SUCCESS,Netbanking
TXN2025008347,2026-05-20T02:09:36Z,Zepto,Groceries,5647.75,INR,SUCCESS,Credit Card
TXN2025008348,2025-07-22T17:22:01+05:30,Airtel,Utilities,463.11,INR,PENDING,Debit Card
TXN2025008349,2026-04-30T17:02:33Z,Coursera,Education,35552.89,INR,SUCCESS,UPI
TXN2025008350,2025-09-30T13:54:24+05:30,Spotify,Entertainment,2279.75,INR,SUCCESS,UPI
TXN2025008351,2026-02-23T03:47:30Z,MakeMyTrip,Travel,1239.83,INR,SUCCESS,Debit Card
TXN2025008352,2025-10-02T11:39:42Z,Flipkart,Shopping,9398.0,INR,SUCCESS,UPI
TXN2025008353,2025-07-19T11:22:26Z,Zomato,Food & Dining,335.1,INR,SUCCESS,Netbanking
TXN2025008354,2025-07-24,LIC Premium,Insurance,13253.12,INR,SUCCESS,Debit Card
TXN2025008355,1754604626000,Unacademy,Education,44491.0,INR,PENDING,Credit Card
TXN2025008356,2026-02-03T09:00:43+05:30,Practo,Health,1896.0,INR,SUCCESS,UPI
TXN2025008357,15/07/2026 14:00:53,BYJU'S,Education,34802.0,INR,FAILED,Credit Card
TXN2025008358,2025-07-21T21:03:09Z,Jio,Utilities,2805.7,INR,SUCCESS,Netbanking
TXN2025008359,2026-06-24T03:16:47+05:30,Unacademy,Education,3697.99,INR,FAILED,UPI
TXN2025008360,1781389073000,Blinkit,Groceries,2057.0,INR,SUCCESS,Netbanking
TXN2025008361,2026-04-21T20:37:49+05:30,LIC Premium,Insurance,16466.0,INR,SUCCESS,Credit Card
TXN2025008362,2025-12-06T22:17:00+05:30,1mg,Health,2056.4,INR,SUCCESS,UPI
TXN2025008363,2026-01-18,BPCL,Fuel,4376.0,INR,PENDING,Debit Card
TXN2025008364,2025-07-05T07:04:41Z,BPCL,Fuel,1114.31,INR,SUCCESS,Netbanking
TXN2025008365,2026-03-30T11:45:51Z,ACT Fibernet,Utilities,2548.57,INR,SUCCESS,Netbanking
TXN2025008366,2025-09-28T06:39:40Z,Uber,Travel,2706.0,INR,SUCCESS,Credit Card
TXN2025008367,2026-01-18T16:33:13Z,Amazon,Shopping,6801.08,INR,SUCCESS,UPI
TXN2025008368,2025-12-16T18:53:36Z,Airtel,Utilities,1346.91,INR,SUCCESS,Credit Card
TXN2025008369,2026-06-27T03:19:33+05:30,Unacademy,Education,17745.0,INR,SUCCESS,Netbanking
TXN2025008370,1760384027000,Rapido,Travel,5878.0,INR,SUCCESS,Debit Card
TXN2025008371,2025-11-18T16:56:35Z,Indian Oil,Fuel,4228.0,INR,SUCCESS,UPI
TXN2025008372,2026-05-11T06:28:12Z,Amazon,Shopping,526.89,INR,SUCCESS,Credit Card
TXN2025008373,2025-08-21T18:28:24Z,IRCTC,Travel,2508.75,INR,SUCCESS,Netbanking
TXN2025008374,2025-07-22T07:22:46+05:30,Policybazaar,Insurance,20223.59,INR,PENDING,Debit Card
TXN2025008375,2025-12-12T03:19:50+05:30,Apollo Pharmacy,Health,2245.72,INR,SUCCESS,Credit Card
TXN2025008376,2026-04-14T16:48:05Z,IndiGo,Travel,5629.61,INR,SUCCESS,Debit Card
TXN2025008377,2026-05-02T17:41:58Z,Ola,Travel,6308.0,INR,SUCCESS,UPI
TXN2025008378,2025-08-16T15:38:42Z,IndiGo,Travel,4798.0,INR,SUCCESS,Debit Card
TXN2025008379,08/08/2025 16:50:26,BSES,,1537.0,INR,SUCCESS,Debit Card
TXN2025008380,2026-06-12T13:03:47Z,Flipkart,Shopping,4069.23,INR,SUCCESS,Debit Card
TXN2025008381,2025-12-30T12:21:56Z,IndiGo,Travel,1582.43,INR,SUCCESS,UPI
TXN2025008382,2025-10-02T20:05:29Z,Indian Oil,Fuel,3532.38,INR,SUCCESS,Netbanking
TXN2025008383,28/08/2025 02:52:17,DMart,Groceries,5414.2,INR,SUCCESS,Credit Card
TXN2025008384,2025-08-25T23:37:21Z,Nykaa,Shopping,5270.0,INR,FAILED,Credit Card
TXN2025008385,2026-05-04T10:15:31+05:30,Apollo Pharmacy,,2543.63,INR,SUCCESS,Netbanking
TXN2025008386,2025-07-03T12:28:07+05:30,DMart,,5675.0,INR,SUCCESS,Credit Card
TXN2025008387,2026-04-02T07:07:27Z,MakeMyTrip,Travel,3489.0,INR,SUCCESS,Debit Card
TXN2025008388,2026-06-12T16:13:13Z,DMart,Groceries,4406.0,INR,SUCCESS,Credit Card
TXN2025008389,30/05/2026 04:23:12,Practo,Health,6262.0,INR,SUCCESS,Credit Card
TXN2025008390,2025-11-12T21:03:39+05:30,HP Petrol,Fuel,2016.17,INR,SUCCESS,Netbanking
TXN2025008391,2026-04-11,HDFC Ergo,Insurance,8418.0,INR,SUCCESS,Netbanking
TXN2025008392,1756583853000,Zomato,Food & Dining,717.6,INR,SUCCESS,Debit Card
TXN2025008393,2025-11-25T13:17:27Z,Indian Oil,,4306.98,INR,SUCCESS,UPI
TXN2025008394,2026-03-20T11:21:40Z,Spotify,Entertainment,976.0,INR,SUCCESS,Netbanking
TXN2025008395,2026-03-15T19:05:27Z,Nykaa,Shopping,13688.68,INR,SUCCESS,Netbanking
TXN2025008396,2025-08-02T12:45:56Z,Tata Power,Utilities,1431.0,INR,SUCCESS,Credit Card
TXN2025008397,2025-07-10,Ajio,Shopping,11573.82,INR,SUCCESS,Credit Card
TXN2025008398,2026-06-05T08:36:24Z,Zepto,Groceries,4671.77,INR,SUCCESS,Netbanking
TXN2025008399,27/05/2026 13:36:33,BSES,Utilities,3252.08,INR,SUCCESS,Netbanking
TXN2025008400,1766058084000,IRCTC,Travel,6677.0,INR,SUCCESS,Netbanking
TXN2025008401,2026-03-25T20:30:51Z,Swiggy,Food & Dining,529.51,INR,SUCCESS,Credit Card
TXN2025008402,2026-01-30,Indian Oil,Fuel,1237.24,INR,PENDING,UPI
TXN2025008403,2026-04-28T09:00:52Z,Uber,Travel,6399.2,INR,SUCCESS,Netbanking
TXN2025008404,2026-05-24T22:49:22Z,JioMart,Groceries,2881.54,INR,SUCCESS,Netbanking
TXN2025008405,2025-11-06T18:35:51Z,Policybazaar,Insurance,16473.46,INR,SUCCESS,Credit Card
TXN2025008406,2026-06-30T13:41:48Z,Cult.fit,Health,2394.69,INR,SUCCESS,Credit Card
TXN2025008407,2025-09-18T14:01:01Z,Swiggy,Food & Dining,542.49,INR,SUCCESS,Netbanking
TXN2025008408,1755720963000,Rapido,Travel,6154.14,INR,SUCCESS,Netbanking
TXN2025008409,2025-07-30T04:39:06+05:30,Myntra,Shopping,4051.0,INR,SUCCESS,Netbanking
TXN2025008410,1771193273000,Domino's,Food & Dining,834.35,INR,SUCCESS,Credit Card
TXN2025008411,2025-07-15T02:47:31Z,1mg,Health,4251.0,INR,SUCCESS,Credit Card
TXN2025008412,2025-07-28T04:34:11Z,HP Petrol,Fuel,3381.77,INR,SUCCESS,Credit Card
TXN2025008413,2025-07-06T11:36:14Z,PharmEasy,Health,3686.63,INR,FAILED,Credit Card
TXN2025008414,2026-05-05T12:22:03Z,ACT Fibernet,Utilities,1872.6,INR,SUCCESS,UPI
TXN2025008415,2025-07-05T14:41:58Z,IndiGo,Travel,3909.0,INR,SUCCESS,Netbanking
TXN2025008416,2026-04-20T05:12:54Z,1mg,Health,2431.43,INR,SUCCESS,Credit Card
TXN2025008417,1764170264000,DMart,Groceries,3871.33,INR,SUCCESS,Debit Card
TXN2025008418,2026-01-29T11:29:39+05:30,McDonald's,Food & Dining,229.0,INR,SUCCESS,UPI
TXN2025008419,2026-01-16,Unacademy,Education,53175.27,INR,SUCCESS,Netbanking
TXN2025008420,2026-06-09T05:39:58Z,Policybazaar,Insurance,2695.0,INR,SUCCESS,Netbanking
TXN2025008421,2026-06-20T18:24:26Z,Flipkart,Shopping,5333.37,INR,FAILED,Netbanking
TXN2025008422,2026-01-15T08:31:21Z,Zomato,Food & Dining,310.7,INR,SUCCESS,Debit Card
TXN2025008423,2026-04-30,BPCL,Fuel,3149.0,INR,SUCCESS,Debit Card
TXN2025008424,2026-04-29T12:37:57Z,IRCTC,Travel,7259.52,INR,SUCCESS,Credit Card
TXN2025008425,2026-04-03T01:31:13+05:30,Uber,Travel,3997.5,INR,SUCCESS,Netbanking
TXN2025008426,2026-07-05T19:08:00Z,YouTube Premium,Entertainment,648.39,INR,SUCCESS,UPI
TXN2025008427,2026-01-12T14:56:20Z,BYJU'S,Education,32715.93,INR,SUCCESS,Debit Card
TXN2025008428,2025-10-02T05:54:03Z,MakeMyTrip,Travel,4709.0,INR,FAILED,Netbanking
TXN2025008429,2026-04-26T08:05:15Z,Apollo Pharmacy,Health,6784.0,INR,SUCCESS,Debit Card
TXN2025008430,2026-04-21T15:09:02Z,Uber,Travel,1231.0,INR,SUCCESS,UPI
TXN2025008431,2025-12-27T10:44:14Z,HP Petrol,Fuel,3892.91,INR,FAILED,UPI
TXN2025008432,2025-08-10T11:16:40Z,BYJU'S,Education,52497.91,INR,SUCCESS,Credit Card
TXN2025008433,2025-10-28T20:10:05Z,BookMyShow,Entertainment,-987.85,INR,SUCCESS,UPI
TXN2025008434,2025-08-11T06:46:12Z,IRCTC,Travel,703.9,INR,SUCCESS,UPI
TXN2025008435,2026-04-18T12:09:07Z,ACT Fibernet,Utilities,1941.82,INR,SUCCESS,Debit Card
TXN2025008436,2026-01-08T14:15:40Z,Uber,Travel,-6388.61,INR,SUCCESS,UPI
TXN2025008437,2025-09-03T12:47:27Z,Amazon,Shopping,9758.55,INR,SUCCESS,Netbanking
TXN2025008438,2025-11-25T18:11:20Z,IRCTC,Travel,413.0,INR,SUCCESS,Credit Card
TXN2025008439,2026-01-31T20:31:17+05:30,Tata Power,Utilities,752.63,INR,SUCCESS,UPI
TXN2025008440,2026-06-28T13:44:43Z,Swiggy,Food & Dining,568.0,INR,SUCCESS,UPI
TXN2025008441,2025-09-09,McDonald's,Food & Dining,478.55,INR,SUCCESS,Debit Card
TXN2025008442,2025-09-04T18:03:20Z,McDonald's,Food & Dining,295.89,INR,SUCCESS,Credit Card
TXN2025008443,2026-03-15T06:59:19+05:30,Shell,Fuel,3109.0,INR,SUCCESS,UPI
TXN2025008444,2026-06-10T14:36:21+05:30,Uber,Travel,463.11,INR,SUCCESS,UPI
TXN2025008445,2026-06-21,1mg,Health,2285.0,INR,PENDING,Debit Card
TXN2025008446,2026-03-31T09:04:26Z,BookMyShow,Entertainment,1597.0,INR,SUCCESS,Netbanking
TXN2025008447,2026-06-13T09:11:15+05:30,Domino's,Food & Dining,849.82,INR,FAILED,Credit Card
TXN2025008448,19/07/2025 20:39:49,Domino's,Food & Dining,613.0,INR,FAILED,UPI
TXN2025008449,25/03/2026 22:16:44,Jio,Utilities,2628.21,INR,SUCCESS,Debit Card
TXN2025008450,2025-07-11T08:13:52Z,MakeMyTrip,Travel,2320.0,INR,SUCCESS,Netbanking
TXN2025008451,2026-07-14T02:05:07Z,BYJU'S,Education,-11123.0,INR,SUCCESS,UPI
TXN2025008452,2025-11-24T12:28:01Z,Zepto,Groceries,5105.57,INR,SUCCESS,Netbanking
TXN2025008453,2026-03-16T05:48:17Z,IndiGo,Travel,512.36,INR,SUCCESS,Debit Card
TXN2025008454,1752291956000,Flipkart,Shopping,4002.49,INR,PENDING,Netbanking
TXN2025008455,1782655677000,Airtel,Utilities,869.95,INR,SUCCESS,Credit Card
TXN2025008456,1754440956000,Blinkit,Groceries,5860.15,INR,SUCCESS,Credit Card
TXN2025008457,2025-12-08T21:23:54Z,JioMart,Groceries,3532.26,INR,SUCCESS,Credit Card
TXN2025008458,2025-11-26T20:37:34Z,IndiGo,Travel,5158.0,INR,SUCCESS,Debit Card
TXN2025008459,1754703209000,BSES,Utilities,1117.0,INR,FAILED,Debit Card
TXN2025008460,2026-05-05T21:44:19+05:30,Indian Oil,Fuel,577.0,INR,SUCCESS,Debit Card
TXN2025008461,2026-01-06T08:19:07Z,Flipkart,Shopping,7266.12,INR,SUCCESS,UPI
TXN2025008462,1759400462000,Amazon,Shopping,-12940.95,INR,SUCCESS,UPI
TXN2025008463,2026-05-19T06:04:30Z,BigBasket,Groceries,2530.0,INR,SUCCESS,Credit Card
TXN2025008464,2025-11-21T12:43:09Z,Apollo Pharmacy,Health,1901.37,INR,FAILED,Debit Card
TXN2025008465,2025-09-01T10:15:58Z,BookMyShow,Entertainment,2171.0,INR,SUCCESS,UPI
TXN2025008466,2026-02-17T22:27:05Z,Indian Oil,Fuel,922.2,INR,SUCCESS,Credit Card
TXN2025008467,2026-07-15T09:48:44Z,IRCTC,Travel,1688.0,INR,SUCCESS,UPI
TXN2025008468,2025-07-03T11:25:33Z,1mg,Health,3727.77,INR,SUCCESS,UPI
TXN2025008469,2025-11-13T07:58:18Z,1mg,Health,917.82,INR,SUCCESS,Netbanking
TXN2025008470,2026-02-10T09:17:33Z,JioMart,Groceries,983.91,INR,SUCCESS,Netbanking
TXN2025008471,2025-07-08T21:17:14Z,Tata Power,Utilities,1761.43,INR,SUCCESS,Netbanking
TXN2025008472,2026-03-14T19:38:13Z,Flipkart,Shopping,15977.26,INR,PENDING,Debit Card
TXN2025008473,2025-11-12T01:22:19Z,Ola,Travel,6653.64,INR,FAILED,Netbanking
TXN2025008474,2025-10-08T20:15:56+05:30,Croma,Shopping,529.29,INR,PENDING,Netbanking
TXN2025008475,26/11/2025 22:02:46,Amazon,Shopping,16054.38,INR,SUCCESS,Debit Card
TXN2025008476,2025-10-23T11:24:03Z,MakeMyTrip,Travel,2701.89,INR,SUCCESS,Debit Card
TXN2025008477,2026-04-03,Blinkit,Groceries,4775.61,INR,SUCCESS,Netbanking
TXN2025008478,2025-12-17T19:27:28Z,Myntra,Shopping,12461.92,INR,SUCCESS,Debit Card
TXN2025008479,2026-02-11T04:51:17Z,IRCTC,Travel,766.0,INR,SUCCESS,Debit Card
TXN2025008480,2025-07-20T02:06:54Z,Swiggy,Food & Dining,866.61,INR,SUCCESS,UPI
TXN2025008481,2025-12-30T11:36:25Z,Jio,Utilities,2572.37,INR,SUCCESS,Debit Card
TXN2025008482,2026-05-12T03:15:59+05:30,Jio,Utilities,3207.0,INR,SUCCESS,Credit Card
TXN2025008483,2025-08-05T19:47:40Z,PharmEasy,Health,1891.31,INR,SUCCESS,UPI
TXN2025008484,2025-11-03T08:49:17Z,Apollo Pharmacy,Health,3716.0,INR,SUCCESS,UPI
TXN2025008485,2025-12-19T09:48:01Z,Rapido,Travel,6445.94,INR,SUCCESS,Credit Card
TXN2025008486,2025-08-13T15:08:17+05:30,Ola,Travel,3881.41,INR,SUCCESS,UPI
TXN2025008487,2025-09-04T17:08:52Z,Jio,Utilities,242.0,INR,PENDING,Debit Card
TXN2025008488,2025-10-07,Ola,Travel,6014.0,INR,SUCCESS,UPI
TXN2025008489,2026-01-28T19:29:30Z,Airtel,Utilities,1590.16,INR,SUCCESS,Debit Card
TXN2025008490,12/10/2025 06:23:59,Zepto,Groceries,5578.8,INR,PENDING,UPI
TXN2025008491,1766378537000,Flipkart,Shopping,7204.69,INR,PENDING,UPI
TXN2025008492,2025-09-02T23:19:54+05:30,Netflix,Entertainment,1962.0,INR,PENDING,UPI
TXN2025008493,1776646578000,Airtel,Utilities,820.0,INR,SUCCESS,Netbanking
TXN2025008494,2026-04-22,Practo,Health,4469.0,INR,PENDING,Credit Card
TXN2025008495,2025-11-15T11:03:02+05:30,PharmEasy,Health,3049.5,INR,SUCCESS,UPI
TXN2025008496,2026-07-01T19:35:46Z,Ajio,Shopping,14685.09,INR,SUCCESS,Debit Card
TXN2025008497,2026-07-02T00:08:24+05:30,BookMyShow,Entertainment,802.05,INR,SUCCESS,Netbanking
TXN2025008498,2025-11-26T06:51:41Z,Rapido,Travel,4279.12,INR,SUCCESS,Debit Card
TXN2025008499,2025-07-23,Starbucks,Food & Dining,552.96,INR,SUCCESS,UPI
TXN2025008500,2025-10-27T11:51:22Z,Udemy,Education,47814.15,INR,SUCCESS,Credit Card
TXN2025008501,2026-02-11T07:08:17+05:30,Netflix,Entertainment,1250.0,INR,SUCCESS,Credit Card
TXN2025008502,2026-01-19T02:15:53Z,Indian Oil,Fuel,2227.0,INR,SUCCESS,Debit Card
TXN2025008503,22/01/2026 07:57:33,Policybazaar,Insurance,33558.0,INR,FAILED,Credit Card
TXN2025008504,2025-10-04T08:27:26Z,DMart,Groceries,4195.0,INR,SUCCESS,Netbanking
TXN2025008505,2026-04-22T22:00:42Z,JioMart,Groceries,5047.0,INR,SUCCESS,UPI
TXN2025008506,1778464520000,Netflix,Entertainment,585.53,INR,SUCCESS,UPI
TXN2025008507,2026-01-06T16:10:55Z,JioMart,Groceries,1410.14,INR,SUCCESS,UPI
TXN2025008508,2025-07-21T09:15:35Z,LIC Premium,Insurance,27323.0,INR,SUCCESS,Debit Card
TXN2025008509,2026-01-01T09:02:59+05:30,Zomato,Food & Dining,201.59,INR,SUCCESS,Netbanking
TXN2025008510,2025-07-26T07:24:03+05:30,PharmEasy,Health,1124.89,INR,SUCCESS,UPI
TXN2025008511,2026-01-06T21:58:10Z,HDFC Ergo,Insurance,2169.0,INR,SUCCESS,Netbanking
TXN2025008512,2025-10-22,Domino's,Food & Dining,589.46,INR,SUCCESS,Debit Card
TXN2025008513,2026-05-26T23:25:26+05:30,Netflix,Entertainment,2350.0,INR,SUCCESS,UPI
TXN2025008514,2025-12-16T13:03:39+05:30,Zepto,Groceries,1709.23,INR,SUCCESS,Credit Card
TXN2025008515,26/04/2026 16:49:54,BPCL,Fuel,3074.0,INR,SUCCESS,Debit Card
TXN2025008516,1765555768000,HDFC Ergo,Insurance,32337.93,INR,SUCCESS,Debit Card
TXN2025008517,2026-02-04T11:52:07Z,1mg,Health,6415.67,INR,SUCCESS,Credit Card
TXN2025008518,2026-01-01T13:54:29Z,HDFC Ergo,,17244.0,INR,SUCCESS,Credit Card
TXN2025008519,2025-07-17T10:16:00Z,Rapido,Travel,8540.38,INR,SUCCESS,UPI
TXN2025008520,2025-12-06T15:18:53Z,Apollo Pharmacy,Health,4717.0,INR,SUCCESS,Debit Card
TXN2025008521,2026-06-29T10:31:16Z,Unacademy,Education,44510.0,INR,SUCCESS,UPI
TXN2025008522,2026-06-12T17:20:28+05:30,Unacademy,Education,13612.0,INR,FAILED,Netbanking
TXN2025008523,2026-07-04T16:20:53+05:30,HP Petrol,Fuel,3107.0,INR,FAILED,Netbanking
TXN2025008524,1772814594000,BookMyShow,Entertainment,2054.86,INR,SUCCESS,Netbanking
TXN2025008525,2026-03-01T09:03:17Z,Domino's,Food & Dining,847.43,INR,SUCCESS,UPI
TXN2025008526,2025-10-12T20:41:05Z,BSES,Utilities,2815.0,INR,SUCCESS,Credit Card
TXN2025008527,1775765565000,Jio,Utilities,2672.86,INR,SUCCESS,Credit Card
TXN2025008528,2025-09-23T09:03:13Z,Tata Power,Utilities,1022.0,INR,SUCCESS,Debit Card
TXN2025008529,30/05/2026 19:00:20,Ola,Travel,2727.0,INR,FAILED,Netbanking
TXN2025008530,2026-02-03T20:24:40Z,BYJU'S,Education,7442.39,INR,SUCCESS,Netbanking
TXN2025008531,2025-10-20T10:34:10+05:30,Myntra,Shopping,1503.95,INR,SUCCESS,Netbanking
TXN2025008532,2025-12-27T03:17:07+05:30,Croma,Shopping,794.0,INR,SUCCESS,Netbanking
TXN2025008533,2025-08-16T18:41:36Z,Policybazaar,Insurance,10314.0,INR,SUCCESS,Debit Card
TXN2025008534,2025-10-27T13:46:43+05:30,Netflix,Entertainment,2014.52,INR,SUCCESS,Credit Card
TXN2025008535,2026-01-15T18:50:29+05:30,McDonald's,Food & Dining,628.49,INR,SUCCESS,Debit Card
TXN2025008536,1767193495000,PharmEasy,Health,1356.45,INR,SUCCESS,UPI
TXN2025008537,1781104895000,Swiggy,Food & Dining,545.44,INR,SUCCESS,Debit Card
TXN2025008538,2025-10-24T19:32:54+05:30,MakeMyTrip,Travel,5029.0,INR,SUCCESS,Debit Card
TXN2025008539,2025-08-10T04:18:28Z,BSES,Utilities,1873.44,INR,SUCCESS,Debit Card
TXN2025008540,19/07/2025 08:18:15,Jio,Utilities,232.25,INR,SUCCESS,Debit Card
TXN2025008541,18/04/2026 16:20:41,McDonald's,Food & Dining,516.44,INR,SUCCESS,Credit Card
TXN2025008542,2026-04-04T16:23:24Z,Blinkit,Groceries,1920.7,INR,SUCCESS,Credit Card
TXN2025008543,2026-03-26T16:53:45Z,Jio,Utilities,416.0,INR,SUCCESS,UPI
TXN2025008544,2025-12-16T07:01:27Z,Shell,Fuel,2330.05,INR,FAILED,UPI
TXN2025008545,2026-01-17T06:34:22Z,Rapido,Travel,5162.97,INR,PENDING,Credit Card
TXN2025008546,2026-02-14,Airtel,Utilities,3205.97,INR,SUCCESS,Credit Card
TXN2025008547,2025-11-09T13:35:28Z,HP Petrol,Fuel,3477.0,INR,SUCCESS,Credit Card
TXN2025008548,2026-05-02,Swiggy,Food & Dining,725.46,INR,SUCCESS,Credit Card
TXN2025008549,2025-12-03T19:55:47Z,BigBasket,Groceries,3535.81,INR,SUCCESS,Netbanking
TXN2025008550,2026-01-02T03:02:47Z,YouTube Premium,Entertainment,748.0,INR,PENDING,Netbanking
TXN2025008551,2025-09-29,BPCL,Fuel,3739.0,INR,FAILED,Netbanking
TXN2025008552,2026-03-04T20:40:29+05:30,Udemy,Education,8099.77,INR,SUCCESS,UPI
TXN2025008553,1758272180000,BPCL,Fuel,800.0,INR,FAILED,Credit Card
TXN2025008554,2025-07-14T01:03:53Z,Spotify,Entertainment,1767.37,INR,SUCCESS,UPI
TXN2025008555,1753031323000,Ola,Travel,3698.0,INR,SUCCESS,Credit Card
TXN2025008556,2026-04-08T22:33:15+05:30,IndiGo,Travel,4632.0,INR,SUCCESS,Netbanking
TXN2025008557,1761702393000,Hotstar,Entertainment,180.36,INR,SUCCESS,UPI
TXN2025008558,2026-03-24T01:46:30Z,BSES,Utilities,727.55,INR,SUCCESS,UPI
TXN2025008559,2026-02-13T23:53:22Z,Swiggy,,-384.0,INR,SUCCESS,Netbanking
TXN2025008560,15/01/2026 08:20:09,BSES,Utilities,1972.0,INR,SUCCESS,Credit Card
TXN2025008561,2026-03-09T16:54:36+05:30,Airtel,Utilities,2211.0,INR,SUCCESS,Debit Card
TXN2025008562,2025-07-23,Cult.fit,Health,4036.17,INR,SUCCESS,Credit Card
TXN2025008563,2026-01-17T12:17:15Z,Uber,Travel,7126.9,INR,SUCCESS,Debit Card
TXN2025008564,2025-10-31T18:22:27Z,Jio,Utilities,2088.0,INR,SUCCESS,Netbanking
TXN2025008565,2026-07-03,PharmEasy,Health,3688.0,INR,SUCCESS,Credit Card
TXN2025008566,2026-05-13T05:04:35+05:30,Domino's,Food & Dining,462.16,INR,SUCCESS,Netbanking
TXN2025008567,15/12/2025 16:48:28,Flipkart,Shopping,15525.0,INR,SUCCESS,Credit Card
TXN2025008568,2025-11-28T23:54:17+05:30,MakeMyTrip,Travel,8941.91,INR,SUCCESS,UPI
TXN2025008569,2026-01-07T12:56:16Z,McDonald's,Food & Dining,649.0,INR,SUCCESS,UPI
TXN2025008570,2025-08-28T09:58:36+05:30,BigBasket,Groceries,4311.0,INR,PENDING,UPI
TXN2025008571,2026-06-10T05:40:26Z,Rapido,Travel,2794.0,INR,SUCCESS,UPI
TXN2025008572,2025-10-19T16:05:46+05:30,BPCL,Fuel,1306.18,INR,SUCCESS,Netbanking
TXN2025008573,2025-09-22T03:14:50+05:30,Zepto,Groceries,3171.61,INR,SUCCESS,Netbanking
TXN2025008574,2026-05-08T14:51:22Z,upGrad,,4791.17,INR,SUCCESS,Netbanking
TXN2025008575,2025-12-09,Tata Power,Utilities,3397.0,INR,SUCCESS,Credit Card
TXN2025008576,2026-03-06T13:31:49Z,Practo,Health,6150.63,INR,FAILED,Credit Card
TXN2025008577,2025-07-19T21:25:18Z,YouTube Premium,Entertainment,1459.29,INR,SUCCESS,Debit Card
TXN2025008578,2026-02-16T13:20:42+05:30,BSES,Utilities,1162.87,INR,SUCCESS,Debit Card
TXN2025008579,05/12/2025 03:45:40,Udemy,Education,12841.65,INR,SUCCESS,Credit Card
TXN2025008580,2026-05-20T04:41:02Z,Unacademy,Education,14315.11,INR,FAILED,Netbanking
TXN2025008581,2025-11-15T01:46:59Z,Amazon,Shopping,16344.31,INR,FAILED,Debit Card
TXN2025008582,2026-06-11T07:54:23+05:30,BSES,Utilities,1694.53,INR,SUCCESS,Debit Card
TXN2025008583,2026-07-10T08:39:06Z,Apollo Pharmacy,Health,1095.96,INR,SUCCESS,Credit Card
TXN2025008584,2026-06-26T17:14:55+05:30,YouTube Premium,Entertainment,322.29,INR,SUCCESS,Credit Card
TXN2025008585,2026-02-05T10:00:12Z,Airtel,Utilities,1162.4,INR,SUCCESS,Credit Card
TXN2025008586,2025-07-15T08:19:11Z,Policybazaar,Insurance,25349.53,INR,FAILED,Credit Card
TXN2025008587,2025-11-14T05:51:15Z,BigBasket,Groceries,1821.0,INR,SUCCESS,Netbanking
TXN2025008588,2026-01-03T04:13:39+05:30,Cult.fit,Health,576.0,INR,SUCCESS,Credit Card
TXN2025008589,2026-02-01T16:37:18+05:30,Practo,Health,2430.14,INR,SUCCESS,UPI
TXN2025008590,2026-07-09T13:58:10Z,Hotstar,Entertainment,1933.47,INR,SUCCESS,Netbanking
TXN2025008591,2026-02-14T13:18:35Z,LIC Premium,Insurance,17324.84,INR,SUCCESS,UPI
TXN2025008592,15/05/2026 05:42:57,MakeMyTrip,Travel,7539.51,INR,PENDING,UPI
TXN2025008593,2026-02-28T13:11:29Z,Zepto,Groceries,1519.0,INR,SUCCESS,Netbanking
TXN2025008594,2025-07-04T17:32:41+05:30,Practo,Health,6259.75,INR,SUCCESS,Netbanking
TXN2025008595,2026-01-20T06:37:13Z,DMart,Groceries,2118.0,INR,SUCCESS,UPI
TXN2025008596,2025-07-02T04:43:05+05:30,Practo,Health,5804.84,INR,SUCCESS,Credit Card
TXN2025008597,2025-09-30T00:01:44Z,Practo,Health,5566.31,INR,SUCCESS,Debit Card
TXN2025008598,1763627440000,Domino's,Food & Dining,-249.85,INR,SUCCESS,Debit Card
TXN2025008599,2026-06-10T09:12:35Z,Uber,Travel,3358.0,INR,FAILED,Debit Card
TXN2025008600,2025-10-26T00:08:20+05:30,Airtel,Utilities,1402.0,INR,SUCCESS,Netbanking
TXN2025008601,2026-07-13T11:15:44Z,IRCTC,Travel,5784.5,INR,SUCCESS,Netbanking
TXN2025008602,2025-11-10T03:44:37Z,Coursera,Education,41403.0,INR,SUCCESS,UPI
TXN2025008603,20/01/2026 06:10:14,JioMart,Groceries,5947.17,INR,SUCCESS,Debit Card
TXN2025008604,2026-04-29T05:32:52Z,Myntra,Shopping,1246.5,INR,SUCCESS,Netbanking
TXN2025008605,14/07/2026 04:19:35,BookMyShow,Entertainment,2095.74,INR,FAILED,UPI
TXN2025008606,2025-12-18T20:18:23Z,Coursera,Education,19514.46,INR,SUCCESS,Netbanking
TXN2025008607,22/10/2025 08:26:10,Zomato,Food & Dining,-747.0,INR,SUCCESS,Debit Card
TXN2025008608,2025-08-05T11:56:12+05:30,BookMyShow,Entertainment,1561.54,INR,SUCCESS,UPI
TXN2025008609,2026-06-13T18:37:51Z,Blinkit,,1513.66,INR,SUCCESS,Netbanking
TXN2025008610,2025-11-18T08:00:55Z,JioMart,Groceries,2911.57,INR,SUCCESS,Netbanking
TXN2025008611,2026-04-27T16:21:50Z,Zomato,Food & Dining,419.0,INR,SUCCESS,Netbanking
TXN2025008612,2026-01-20T20:20:15+05:30,Zomato,Food & Dining,410.0,INR,SUCCESS,Credit Card
TXN2025008613,2026-07-05T22:52:33+05:30,Cult.fit,Health,2275.53,INR,SUCCESS,Netbanking
TXN2025008614,30/04/2026 11:07:13,BookMyShow,Entertainment,1855.67,INR,SUCCESS,UPI
TXN2025008615,2026-02-01T16:33:20Z,Indian Oil,Fuel,2365.0,INR,SUCCESS,Debit Card
TXN2025008616,2025-12-10T12:11:57Z,Flipkart,Shopping,5453.0,INR,SUCCESS,Debit Card
TXN2025008617,2025-08-23,HP Petrol,Fuel,2279.0,INR,SUCCESS,Netbanking
TXN2025008618,2026-06-02T13:06:00+05:30,Myntra,Shopping,16373.1,INR,SUCCESS,UPI
TXN2025008619,2026-02-21T15:12:08Z,Croma,Shopping,-3141.62,INR,SUCCESS,UPI
TXN2025008620,2025-09-22T10:37:35Z,1mg,Health,4578.0,INR,SUCCESS,Credit Card
TXN2025008621,27/05/2026 01:17:38,Amazon,Shopping,14312.0,INR,SUCCESS,Debit Card
TXN2025008622,2026-02-17T10:54:30Z,JioMart,Groceries,5038.98,INR,SUCCESS,UPI
TXN2025008623,2026-04-30,BSES,Utilities,812.28,INR,SUCCESS,Netbanking
TXN2025008624,2026-03-06T13:39:03Z,Ajio,Shopping,16915.0,INR,SUCCESS,Netbanking
TXN2025008625,2025-09-15T22:16:45+05:30,Netflix,Entertainment,1199.3,INR,SUCCESS,UPI
TXN2025008626,2026-05-02T14:32:40Z,Udemy,Education,37774.0,INR,SUCCESS,Debit Card
TXN2025008627,2026-01-04T10:57:16Z,Flipkart,Shopping,4517.93,INR,PENDING,Netbanking
TXN2025008628,1774568136000,1mg,Health,2624.71,INR,SUCCESS,Credit Card
TXN2025008629,1760411845000,HDFC Ergo,Insurance,6451.87,INR,FAILED,Netbanking
TXN2025008630,2025-12-11T18:18:23+05:30,BSES,Utilities,919.0,INR,SUCCESS,Debit Card
TXN2025008631,2025-08-15T16:51:22Z,JioMart,Groceries,4742.94,INR,SUCCESS,UPI
TXN2025008632,2025-07-10T01:22:41Z,1mg,Health,2244.0,INR,SUCCESS,Debit Card
TXN2025008633,2026-01-21T22:49:03Z,Zepto,Groceries,1459.25,INR,PENDING,Netbanking
TXN2025008634,2026-07-07T00:42:04Z,PharmEasy,Health,3211.07,INR,SUCCESS,Credit Card
TXN2025008635,2026-04-24T16:35:59+05:30,Unacademy,Education,21986.65,INR,FAILED,Netbanking
TXN2025008636,2026-02-19T18:25:39Z,Indian Oil,Fuel,2917.34,INR,SUCCESS,Netbanking
TXN2025008637,2025-07-31T08:13:21Z,HP Petrol,Fuel,2195.51,INR,SUCCESS,UPI
TXN2025008638,2025-07-15,Shell,Fuel,3270.0,INR,FAILED,Debit Card
TXN2025008639,2025-10-21T19:05:49Z,Practo,Health,512.0,INR,SUCCESS,Netbanking
TXN2025008640,2025-08-23T06:01:28Z,BigBasket,Groceries,1361.0,INR,SUCCESS,Debit Card
TXN2025008641,2026-02-03T12:47:29Z,BigBasket,Groceries,2258.0,INR,SUCCESS,UPI
TXN2025008642,1779064917000,Starbucks,Food & Dining,589.0,INR,SUCCESS,Credit Card
TXN2025008643,2025-12-25T00:12:47Z,BPCL,Fuel,2401.01,INR,SUCCESS,UPI
TXN2025008644,2025-10-06T20:26:33Z,Practo,Health,1832.0,INR,SUCCESS,UPI
TXN2025008645,2026-02-02T19:22:15Z,IndiGo,Travel,4149.0,INR,SUCCESS,Credit Card
TXN2025008646,22/02/2026 15:11:32,DMart,Groceries,2659.26,INR,SUCCESS,UPI
TXN2025008647,2026-03-08T22:27:01Z,Unacademy,Education,49819.1,INR,SUCCESS,Netbanking
TXN2025008648,2025-12-30T04:20:45Z,BSES,Utilities,1714.87,INR,SUCCESS,UPI
TXN2025008649,2026-02-28T03:23:30Z,Flipkart,Shopping,3728.03,INR,SUCCESS,Credit Card
TXN2025008650,1779410835000,DMart,Groceries,2544.03,INR,FAILED,Netbanking
TXN2025008651,2026-05-11T07:24:32Z,upGrad,Education,42664.36,INR,SUCCESS,Credit Card
TXN2025008652,2026-01-04T02:40:41Z,Amazon,Shopping,13818.26,INR,SUCCESS,Netbanking
TXN2025008653,2026-04-12,Uber,Travel,3775.72,INR,SUCCESS,Netbanking
TXN2025008654,2025-09-26,McDonald's,,434.0,INR,SUCCESS,Netbanking
TXN2025008655,2025-07-04T18:58:31Z,IRCTC,Travel,7161.0,INR,SUCCESS,Credit Card
TXN2025008656,1774287604000,HDFC Ergo,Insurance,32275.0,INR,SUCCESS,Netbanking
TXN2025008657,2025-12-01T18:12:44Z,Zepto,Groceries,455.0,INR,SUCCESS,Debit Card
TXN2025008658,2025-10-30T06:01:29Z,Apollo Pharmacy,Health,3482.0,INR,SUCCESS,Netbanking
TXN2025008659,2025-10-05T06:09:59Z,Zepto,Groceries,1833.44,INR,FAILED,Debit Card
TXN2025008660,2025-12-28T09:20:10Z,Blinkit,Groceries,888.0,INR,SUCCESS,Credit Card
TXN2025008661,2026-05-26T00:58:36Z,Starbucks,Food & Dining,825.94,INR,SUCCESS,Credit Card
TXN2025008662,2026-06-22T11:20:07+05:30,HP Petrol,,2962.97,INR,SUCCESS,Credit Card
TXN2025008663,1773927581000,Shell,Fuel,536.0,INR,SUCCESS,Credit Card
TXN2025008664,2025-11-02T13:39:31Z,Zomato,Food & Dining,397.17,INR,FAILED,Debit Card
TXN2025008665,2026-02-26T03:55:03Z,Cult.fit,Health,2581.03,INR,SUCCESS,UPI
TXN2025008666,2026-06-06T04:34:50Z,Domino's,Food & Dining,843.36,INR,PENDING,Credit Card
TXN2025008667,2026-05-09T20:19:59Z,Amazon,Shopping,14216.0,INR,SUCCESS,UPI
TXN2025008668,1761819484000,BigBasket,Groceries,5386.0,INR,SUCCESS,Netbanking
TXN2025008669,2026-05-08T01:14:29Z,DMart,Groceries,3229.0,INR,FAILED,Netbanking
TXN2025008670,1754435331000,Jio,Utilities,1906.99,INR,SUCCESS,Credit Card
TXN2025008671,2026-07-06T19:50:26+05:30,BSES,Utilities,1681.91,INR,SUCCESS,Credit Card
TXN2025008672,1765934224000,IndiGo,Travel,2190.56,INR,SUCCESS,Debit Card
TXN2025008673,2025-10-08T09:13:53Z,Nykaa,Shopping,701.65,INR,SUCCESS,Netbanking
TXN2025008674,03/06/2026 09:52:22,Hotstar,Entertainment,2413.0,INR,SUCCESS,Credit Card
TXN2025008675,2026-04-26T07:48:56Z,Apollo Pharmacy,Health,5912.44,INR,SUCCESS,UPI
TXN2025008676,2025-09-21T19:18:49Z,LIC Premium,Insurance,17455.0,INR,SUCCESS,Debit Card
TXN2025008677,2026-01-05T20:09:17Z,McDonald's,Food & Dining,616.33,INR,SUCCESS,Credit Card
TXN2025008678,2025-09-21T02:01:14Z,Cult.fit,Health,2944.4,INR,SUCCESS,Netbanking
TXN2025008679,2025-10-18T01:44:11Z,Spotify,Entertainment,1797.38,INR,SUCCESS,UPI
TXN2025008680,2025-09-24,Ajio,Shopping,14791.35,INR,SUCCESS,Debit Card
TXN2025008681,2025-09-06T09:21:36+05:30,HDFC Ergo,,39184.67,INR,SUCCESS,Debit Card
TXN2025008682,2026-02-19,Zepto,Groceries,4146.0,INR,SUCCESS,Credit Card
TXN2025008683,2025-08-14T05:56:16Z,BYJU'S,Education,54225.96,INR,SUCCESS,Credit Card
TXN2025008684,1778665289000,JioMart,Groceries,5897.0,INR,FAILED,Debit Card
TXN2025008685,2026-05-14T20:55:05+05:30,Uber,Travel,3217.09,INR,SUCCESS,Credit Card
TXN2025008686,1776405072000,Shell,,3173.41,INR,SUCCESS,UPI
TXN2025008687,2026-05-21,ACT Fibernet,Utilities,2488.76,INR,SUCCESS,Credit Card
TXN2025008688,2026-05-05T13:16:04Z,Indian Oil,Fuel,1634.9,INR,success,UPI
TXN2025008689,2025-07-17T20:12:49+05:30,IndiGo,Travel,6702.0,INR,SUCCESS,Debit Card
TXN2025008690,2025-10-31T23:52:29Z,Practo,Health,754.24,INR,SUCCESS,Debit Card
TXN2025008691,23/08/2025 19:26:09,upGrad,Education,48354.5,INR,SUCCESS,Debit Card
TXN2025008692,2025-10-31,Starbucks,Food & Dining,711.41,INR,SUCCESS,Debit Card
TXN2025008693,2025-07-23T20:40:26Z,YouTube Premium,Entertainment,-1823.0,INR,SUCCESS,UPI
TXN2025008694,1754519740000,Coursera,Education,34875.67,INR,SUCCESS,Debit Card
TXN2025008695,2025-08-30T04:11:08Z,PharmEasy,Health,3262.18,INR,SUCCESS,Credit Card
TXN2025008696,2025-10-14T17:50:51Z,Swiggy,Food & Dining,300.0,INR,SUCCESS,Debit Card
TXN2025008697,2025-10-05T23:05:53Z,MakeMyTrip,Travel,8700.1,INR,SUCCESS,Credit Card
TXN2025008698,2026-03-19T01:05:23Z,BPCL,Fuel,565.0,INR,PENDING,UPI
TXN2025008699,2026-04-11,PharmEasy,Health,6930.29,INR,SUCCESS,Credit Card
TXN2025008700,2025-07-19T13:49:08+05:30,Flipkart,Shopping,10498.59,INR,PENDING,Netbanking
TXN2025008701,2026-03-23T14:52:42Z,IndiGo,Travel,332.81,INR,SUCCESS,UPI
TXN2025008702,2026-04-10,Domino's,Food & Dining,307.0,INR,SUCCESS,Credit Card
TXN2025008703,2025-11-28T14:20:57Z,Uber,Travel,6764.0,INR,SUCCESS,UPI
TXN2025008704,20/11/2025 19:07:34,JioMart,Groceries,4183.73,INR,success,Debit Card
TXN2025008705,2026-06-10T21:48:45+05:30,LIC Premium,Insurance,39718.67,INR,SUCCESS,Debit Card
TXN2025008706,2025-11-12,1mg,Health,3560.11,INR,SUCCESS,Netbanking
TXN2025008707,2026-05-11T10:43:00Z,Shell,Fuel,3265.77,INR,SUCCESS,Credit Card
TXN2025008708,2025-07-28T14:14:04Z,1mg,Health,4126.0,INR,SUCCESS,Debit Card
TXN2025008709,2025-11-15,Amazon,Shopping,17489.78,INR,SUCCESS,Netbanking
TXN2025008710,2026-05-01T22:42:36+05:30,BPCL,Fuel,2259.56,INR,SUCCESS,UPI
TXN2025008711,08/09/2025 22:44:49,Unacademy,Education,46709.0,INR,SUCCESS,Credit Card
TXN2025008712,2026-03-22T16:18:21Z,1mg,Health,3203.0,INR,SUCCESS,Netbanking
TXN2025008713,24/04/2026 19:47:55,Spotify,,1632.86,INR,SUCCESS,Debit Card
TXN2025008714,2026-04-10T18:10:04Z,Hotstar,Entertainment,1926.06,INR,PENDING,Netbanking
TXN2025008715,31/08/2025 02:44:56,Policybazaar,Insurance,12754.81,INR,SUCCESS,Debit Card
TXN2025008716,2025-07-02T03:32:04Z,Unacademy,Education,41307.34,INR,SUCCESS,Credit Card
TXN2025008717,2026-03-06T02:38:42+05:30,Airtel,Utilities,528.04,INR,SUCCESS,Netbanking
TXN2025008718,2025-07-21T18:13:58+05:30,Netflix,Entertainment,1372.48,INR,SUCCESS,UPI
TXN2025008719,1781039760000,Coursera,Education,-8135.64,INR,SUCCESS,Credit Card
TXN2025008720,2026-02-13T03:00:43Z,Domino's,Food & Dining,316.62,INR,SUCCESS,Netbanking
TXN2025008721,2025-12-02T16:31:14Z,Blinkit,Groceries,1486.0,INR,SUCCESS,Debit Card
TXN2025008722,2025-09-03T22:00:49Z,BSES,Utilities,3485.0,INR,SUCCESS,Credit Card
TXN2025008723,2026-06-14,Zepto,Groceries,3885.0,INR,SUCCESS,Debit Card
TXN2025008724,2025-08-09T07:38:29+05:30,Swiggy,Food & Dining,652.0,INR,PENDING,Netbanking
TXN2025008725,17/04/2026 21:11:09,Amazon,Shopping,16392.54,INR,SUCCESS,UPI
TXN2025008726,2025-09-15,Myntra,Shopping,1542.0,INR,SUCCESS,Netbanking
TXN2025008727,1783869333000,ACT Fibernet,Utilities,3202.28,INR,SUCCESS,UPI
TXN2025008728,2025-10-06T21:35:55Z,HDFC Ergo,Insurance,16699.23,INR,SUCCESS,Netbanking
TXN2025008729,2025-11-30T03:03:41Z,Amazon,Shopping,17625.79,INR,FAILED,Netbanking
TXN2025008730,06/01/2026 19:08:38,BigBasket,Groceries,3055.47,INR,SUCCESS,Credit Card
TXN2025008731,2025-11-20T04:06:11Z,Netflix,Entertainment,579.0,INR,SUCCESS,UPI
TXN2025008732,2026-06-15,Shell,Fuel,1491.86,INR,SUCCESS,Credit Card
TXN2025008733,2025-11-27T18:40:09Z,Swiggy,Food & Dining,628.0,INR,SUCCESS,Credit Card
TXN2025008734,2026-02-06T15:32:37Z,Uber,Travel,997.0,INR,PENDING,UPI
TXN2025008735,2025-11-26T14:02:28Z,ACT Fibernet,Utilities,1174.18,INR,SUCCESS,Debit Card
TXN2025008736,2025-07-10T04:04:07Z,IRCTC,Travel,8554.73,INR,SUCCESS,Credit Card
TXN2025008737,2025-12-02T11:58:00+05:30,BPCL,Fuel,3929.0,INR,SUCCESS,Credit Card
TXN2025008738,2025-11-26,IRCTC,Travel,1350.19,INR,SUCCESS,Debit Card
TXN2025008739,2025-07-19T12:10:07Z,BigBasket,Groceries,3002.0,INR,SUCCESS,UPI
TXN2025008740,2026-01-07T20:35:20+05:30,Jio,Utilities,1698.93,INR,SUCCESS,Credit Card
TXN2025008741,2025-07-16T01:18:54Z,McDonald's,Food & Dining,319.4,INR,SUCCESS,Netbanking
TXN2025008742,2026-03-14T08:41:50Z,Croma,Shopping,14581.0,INR,SUCCESS,Netbanking
TXN2025008743,2026-04-06T09:19:52Z,Practo,Health,5698.17,INR,SUCCESS,UPI
TXN2025008744,2025-11-11,Udemy,Education,6130.0,INR,FAILED,Netbanking
TXN2025008745,2025-12-14,BigBasket,Groceries,2950.22,INR,SUCCESS,Debit Card
TXN2025008746,2025-11-19T14:52:46+05:30,Shell,Fuel,3019.18,INR,SUCCESS,UPI
TXN2025008747,2026-03-02T01:24:37+05:30,MakeMyTrip,Travel,7288.0,INR,SUCCESS,Debit Card
TXN2025008748,2025-10-17,Cult.fit,Health,4185.13,INR,SUCCESS,Netbanking
TXN2025008749,2025-07-09T01:12:41+05:30,1mg,Health,6843.58,INR,SUCCESS,Credit Card
TXN2025008750,2025-10-18T15:44:06+05:30,HDFC Ergo,Insurance,33247.73,INR,SUCCESS,Netbanking
TXN2025008751,2026-01-25T17:27:37Z,DMart,Groceries,1224.74,INR,SUCCESS,Debit Card
TXN2025008752,2026-06-06T08:31:05Z,DMart,Groceries,5084.0,INR,SUCCESS,UPI
TXN2025008753,2025-07-11T02:42:54+05:30,Rapido,Travel,5584.45,INR,SUCCESS,UPI
TXN2025008754,2026-04-25T17:57:56+05:30,Swiggy,Food & Dining,138.3,INR,SUCCESS,Debit Card
TXN2025008755,12/05/2026 12:28:51,JioMart,Groceries,1792.0,INR,SUCCESS,Netbanking
TXN2025008756,2025-12-12T14:04:27Z,Blinkit,Groceries,4802.0,INR,SUCCESS,Credit Card
TXN2025008757,2026-05-14T16:22:54Z,JioMart,Groceries,759.81,INR,FAILED,Credit Card
TXN2025008758,2026-01-13T15:41:02Z,Starbucks,Food & Dining,270.12,INR,SUCCESS,UPI
TXN2025008759,2025-11-28T13:37:22Z,BSES,Utilities,2844.0,INR,SUCCESS,Credit Card
TXN2025008760,2026-04-30,Zomato,Food & Dining,544.38,INR,SUCCESS,Debit Card
TXN2025008761,1772691290000,BPCL,Fuel,4232.93,INR,SUCCESS,UPI
TXN2025008762,14/12/2025 16:47:28,Shell,Fuel,4056.11,INR,SUCCESS,UPI
TXN2025008763,2025-07-08T19:25:09Z,Flipkart,Shopping,3284.6,INR,SUCCESS,Debit Card
TXN2025008764,01/11/2025 17:11:21,upGrad,Education,48505.0,INR,SUCCESS,Netbanking
TXN2025008765,2025-12-20T16:16:16Z,BSES,Utilities,618.0,INR,SUCCESS,Netbanking
TXN2025004054,2026-06-15T06:57:21Z,HP Petrol,Fuel,922.81,INR,SUCCESS,Netbanking
TXN2025008767,2026-06-20T06:57:55Z,YouTube Premium,Entertainment,2265.61,INR,SUCCESS,Credit Card
TXN2025008768,2026-01-04T17:39:10Z,Amazon,Shopping,6242.03,INR,SUCCESS,Netbanking
TXN2025008769,2025-07-03T07:44:18Z,Myntra,Shopping,1633.01,INR,FAILED,Netbanking
TXN2025008770,2026-04-13T10:47:54Z,HP Petrol,Fuel,3079.0,INR,SUCCESS,UPI
TXN2025008771,1780663851000,Blinkit,Groceries,2994.0,INR,SUCCESS,Debit Card
TXN2025008772,2026-03-04T22:03:12+05:30,Jio,Utilities,2012.0,INR,SUCCESS,Debit Card
TXN2025008773,2025-12-20T07:17:01Z,Uber,Travel,3216.0,INR,SUCCESS,Netbanking
TXN2025008774,2026-03-22T06:51:26+05:30,BYJU'S,Education,27048.3,INR,SUCCESS,Debit Card
TXN2025008775,2025-07-13T23:27:52Z,Amazon,Shopping,7198.72,INR,SUCCESS,Credit Card
TXN2025008776,2026-04-14T00:03:41Z,Coursera,,36143.57,INR,SUCCESS,UPI
TXN2025008777,2026-02-24T15:02:19Z,Rapido,Travel,6151.0,INR,SUCCESS,UPI
TXN2025008778,2025-07-30T13:10:25Z,Unacademy,Education,24753.79,INR,SUCCESS,UPI
TXN2025008779,1773703402000,Practo,Health,4327.96,INR,SUCCESS,Credit Card
TXN2025008780,2026-01-06T09:21:31+05:30,Nykaa,Shopping,4296.48,INR,SUCCESS,Credit Card
TXN2025008781,2026-03-30T09:47:03Z,JioMart,Groceries,4391.07,INR,SUCCESS,Debit Card
TXN2025008782,2026-03-31T14:56:44Z,Cult.fit,Health,6756.83,INR,SUCCESS,Credit Card
TXN2025008783,2025-10-21T20:47:09Z,MakeMyTrip,Travel,7278.29,INR,SUCCESS,Netbanking
TXN2025008784,2026-05-14T00:38:39+05:30,Ajio,Shopping,16659.82,INR,SUCCESS,UPI
TXN2025008785,2026-01-14T09:22:31Z,Jio,Utilities,811.11,INR,SUCCESS,Debit Card
TXN2025008786,1753105695000,LIC Premium,Insurance,28280.24,INR,SUCCESS,Credit Card
TXN2025008787,2025-07-23T06:57:36Z,Zomato,Food & Dining,876.9,INR,SUCCESS,UPI
TXN2025008788,2025-09-16T10:57:34Z,Cult.fit,Health,3725.0,INR,SUCCESS,Credit Card
TXN2025008789,24/07/2025 18:46:03,YouTube Premium,Entertainment,735.99,INR,SUCCESS,Netbanking
TXN2025008790,2026-07-10T21:51:05Z,Airtel,Utilities,2231.29,INR,SUCCESS,Debit Card
TXN2025008791,2025-10-09T23:21:55Z,ACT Fibernet,Utilities,678.41,INR,SUCCESS,Netbanking
TXN2025008792,2026-01-25T11:09:31+05:30,Tata Power,Utilities,1479.0,INR,SUCCESS,Debit Card
TXN2025008793,2026-01-10T20:45:06Z,IndiGo,Travel,381.2,INR,SUCCESS,Credit Card
TXN2025008794,2026-01-21T22:18:37Z,1mg,Health,4535.0,INR,SUCCESS,Debit Card
TXN2025008795,1783180559000,HP Petrol,Fuel,2432.07,INR,SUCCESS,Credit Card
TXN2025008796,2026-03-18T18:09:29Z,PharmEasy,Health,5962.0,INR,SUCCESS,UPI
TXN2025008797,2026-05-03T10:18:41Z,BPCL,Fuel,1748.0,INR,SUCCESS,Netbanking
TXN2025008798,2025-09-25T11:17:37Z,Ajio,Shopping,8082.08,INR,SUCCESS,Credit Card
TXN2025008799,2026-04-25T11:23:02+05:30,JioMart,Groceries,3270.0,INR,SUCCESS,Netbanking
TXN2025008800,2025-07-03T11:56:03Z,Hotstar,Entertainment,2459.0,INR,FAILED,UPI
TXN2025008801,2025-10-06T18:11:48Z,Practo,Health,3179.92,INR,SUCCESS,Netbanking
TXN2025008802,2026-04-25T11:33:49Z,Jio,Utilities,1325.0,INR,SUCCESS,Debit Card
TXN2025008803,2026-05-06T18:58:46Z,Hotstar,Entertainment,2135.13,INR,SUCCESS,UPI
TXN2025008804,2025-11-21T17:44:11Z,YouTube Premium,Entertainment,1542.0,INR,SUCCESS,Netbanking
TXN2025008805,1756126036000,Flipkart,Shopping,4719.02,INR,SUCCESS,Debit Card
TXN2025008806,1775188639000,DMart,Groceries,1785.14,INR,SUCCESS,Debit Card
TXN2025008807,2026-06-09T13:11:29+05:30,Swiggy,Food & Dining,607.98,INR,SUCCESS,Debit Card
TXN2025008808,2025-07-17T21:49:55+05:30,Unacademy,Education,18955.7,INR,FAILED,Netbanking
TXN2025008809,2025-10-24T13:09:09Z,YouTube Premium,Entertainment,883.46,INR,SUCCESS,Credit Card
TXN2025008810,2025-12-25T03:30:21+05:30,Shell,Fuel,3165.0,INR,SUCCESS,UPI
TXN2025008811,1763057200000,ACT Fibernet,Utilities,1968.0,INR,SUCCESS,Debit Card
TXN2025008812,2026-04-30T05:01:15Z,Shell,Fuel,1205.84,INR,SUCCESS,Debit Card
TXN2025008813,2026-05-09,Spotify,Entertainment,447.1,INR,SUCCESS,UPI
TXN2025008814,2026-06-07T12:18:11Z,BookMyShow,Entertainment,2200.6,INR,SUCCESS,Credit Card
TXN2025008815,2026-05-19T00:04:22Z,Zepto,Groceries,914.94,INR,SUCCESS,Debit Card
TXN2025008816,1754771069000,YouTube Premium,Entertainment,399.0,INR,SUCCESS,UPI
TXN2025008817,2026-04-28T07:41:08+05:30,Domino's,Food & Dining,630.0,INR,SUCCESS,Credit Card
TXN2025008818,1753975739000,Apollo Pharmacy,Health,4540.02,INR,SUCCESS,Credit Card
TXN2025008819,2026-07-01T02:02:06Z,Apollo Pharmacy,Health,3619.15,INR,SUCCESS,Debit Card
TXN2025008820,04/07/2025 04:22:31,Blinkit,Groceries,3492.3,INR,SUCCESS,UPI
TXN2025008821,2026-06-10T08:06:34+05:30,Ajio,Shopping,8445.0,INR,SUCCESS,Netbanking
TXN2025008822,2026-03-09T08:06:19+05:30,upGrad,Education,6675.0,INR,SUCCESS,Debit Card
TXN2025008823,1779261212000,Ola,Travel,7482.73,INR,SUCCESS,UPI
TXN2025008824,2026-02-07T02:33:25Z,Unacademy,Education,25347.0,INR,SUCCESS,UPI
TXN2025008825,2026-05-05,HP Petrol,Fuel,507.0,INR,SUCCESS,Credit Card
TXN2025008826,2025-12-04T00:43:49Z,Croma,Shopping,-10342.0,INR,SUCCESS,UPI
TXN2025008827,2026-02-01,1mg,Health,4381.38,INR,SUCCESS,Debit Card
TXN2025008828,2025-12-28T04:43:56Z,Domino's,Food & Dining,240.55,INR,SUCCESS,Debit Card
TXN2025008829,2025-11-01T21:09:46+05:30,DMart,Groceries,1022.46,INR,SUCCESS,Netbanking
TXN2025008830,2025-10-01T10:20:47+05:30,Ajio,Shopping,9610.59,INR,SUCCESS,Netbanking
TXN2025008831,2025-07-17T18:15:41Z,DMart,Groceries,2692.75,INR,SUCCESS,UPI
TXN2025008832,2026-06-03T04:34:04Z,Spotify,Entertainment,1511.0,INR,FAILED,UPI
TXN2025008833,2025-11-06T18:38:23Z,Swiggy,Food & Dining,665.0,INR,SUCCESS,Netbanking
TXN2025008834,2026-06-02T00:52:13+05:30,Shell,Fuel,1115.11,INR,FAILED,Netbanking
TXN2025008835,1779729254000,Cult.fit,Health,1247.73,INR,SUCCESS,Credit Card
TXN2025008836,2025-07-04T21:57:39+05:30,Starbucks,Food & Dining,828.51,INR,SUCCESS,UPI
TXN2025008837,2026-06-15,Starbucks,Food & Dining,888.34,INR,SUCCESS,Netbanking
TXN2025008838,18/09/2025 15:22:36,Apollo Pharmacy,Health,5204.89,INR,SUCCESS,Netbanking
TXN2025008839,2025-08-13T14:19:25Z,BookMyShow,Entertainment,2370.13,INR,SUCCESS,Debit Card
TXN2025008840,2025-07-27T07:35:05+05:30,McDonald's,Food & Dining,391.75,INR,FAILED,UPI
TXN2025008841,2026-06-13T06:20:46Z,Airtel,Utilities,208.61,INR,SUCCESS,Netbanking
TXN2025008842,20/05/2026 01:07:50,LIC Premium,,6662.5,INR,SUCCESS,Debit Card
TXN2025008843,2025-11-06T23:42:00+05:30,Nykaa,Shopping,12037.9,INR,SUCCESS,Credit Card
TXN2025008844,2025-11-29T09:41:26Z,Zepto,Groceries,3627.39,INR,SUCCESS,Netbanking
TXN2025008845,1763090752000,Udemy,Education,36370.13,INR,SUCCESS,UPI
TXN2025008846,2026-04-16T16:08:38Z,Starbucks,Food & Dining,595.31,INR,SUCCESS,Credit Card
TXN2025008847,2025-11-13T07:40:35+05:30,Spotify,Entertainment,1002.98,INR,SUCCESS,Credit Card
TXN2025008848,2026-03-12T01:37:41Z,Indian Oil,Fuel,3097.0,INR,SUCCESS,UPI
TXN2025008849,2025-11-13T18:05:08Z,Jio,Utilities,469.43,INR,SUCCESS,Netbanking
TXN2025008850,1756327489000,Spotify,Entertainment,637.91,INR,SUCCESS,Netbanking
TXN2025008851,2026-03-17,Amazon,Shopping,5148.57,INR,FAILED,UPI
TXN2025008852,2025-10-24T08:51:21Z,Unacademy,Education,47347.05,INR,SUCCESS,Netbanking
TXN2025008853,1756570417000,Tata Power,Utilities,2068.8,INR,PENDING,UPI
TXN2025008854,1768354634000,Uber,Travel,4284.97,INR,SUCCESS,UPI
TXN2025008855,2026-01-27T00:48:24Z,BigBasket,Groceries,2171.0,INR,SUCCESS,UPI
TXN2025008856,1767186356000,BPCL,Fuel,4309.52,INR,SUCCESS,Credit Card
TXN2025008857,2025-10-25T20:08:23+05:30,Indian Oil,Fuel,1618.25,INR,PENDING,Netbanking
TXN2025008858,2025-07-18T03:08:55+05:30,BigBasket,Groceries,-3645.0,INR,SUCCESS,Credit Card
TXN2025008859,2026-01-17T11:03:13Z,YouTube Premium,Entertainment,581.23,INR,SUCCESS,Debit Card
TXN2025008860,2026-06-09T19:19:43+05:30,HDFC Ergo,Insurance,22292.0,INR,SUCCESS,Credit Card
TXN2025008861,2026-03-14T20:48:58Z,Zomato,Food & Dining,766.02,INR,SUCCESS,Debit Card
TXN2025008862,2026-06-16T20:41:38+05:30,Tata Power,Utilities,2847.0,INR,SUCCESS,Debit Card
TXN2025008863,2025-11-02T23:23:44+05:30,IRCTC,Travel,8686.91,INR,SUCCESS,Debit Card
TXN2025008864,2025-08-19T19:26:49Z,Unacademy,Education,8929.55,INR,SUCCESS,Debit Card
TXN2025008865,2025-12-11T18:13:56+05:30,upGrad,Education,42006.58,INR,FAILED,UPI
TXN2025008866,1778754085000,upGrad,Education,38128.0,INR,SUCCESS,UPI
TXN2025008867,2026-02-04T01:53:36Z,Swiggy,Food & Dining,201.07,INR,PENDING,Credit Card
TXN2025008868,2026-03-31T01:38:02Z,IRCTC,Travel,3545.0,INR,SUCCESS,Debit Card
TXN2025008869,2026-05-01T18:08:23+05:30,Practo,Health,4571.82,INR,SUCCESS,UPI
TXN2025008870,2025-08-15T02:01:47+05:30,Swiggy,Food & Dining,225.63,INR,SUCCESS,UPI
TXN2025008871,2025-08-23T17:53:29Z,Hotstar,Entertainment,2256.14,INR,SUCCESS,Debit Card
TXN2025008872,2026-05-11T02:44:13+05:30,Jio,Utilities,367.04,INR,SUCCESS,Netbanking
TXN2025008873,2026-01-04T21:24:50Z,Croma,,15134.3,INR,SUCCESS,Netbanking
TXN2025008874,22/07/2025 02:40:31,BookMyShow,Entertainment,719.86,INR,FAILED,Credit Card
TXN2025008875,2026-02-20T00:54:18Z,JioMart,Groceries,2804.97,INR,SUCCESS,UPI
TXN2025008876,2026-05-18T22:13:00Z,Unacademy,Education,4065.53,INR,SUCCESS,Credit Card
TXN2025008877,26/04/2026 03:54:57,BigBasket,Groceries,3953.0,INR,SUCCESS,UPI
TXN2025008878,2026-04-27T16:58:49Z,Indian Oil,Fuel,557.0,INR,SUCCESS,UPI
TXN2025008879,2025-10-31,Unacademy,Education,9314.0,INR,SUCCESS,Netbanking
TXN2025008880,2026-04-28T19:37:09+05:30,Netflix,Entertainment,1222.0,INR,SUCCESS,Credit Card
TXN2025008881,2026-07-07T21:00:39+05:30,Indian Oil,Fuel,3895.89,INR,SUCCESS,Debit Card
TXN2025008882,2026-01-14T10:00:26Z,LIC Premium,Insurance,15253.0,INR,SUCCESS,Debit Card
TXN2025008883,2026-04-08T05:21:35Z,BookMyShow,Entertainment,2210.36,INR,SUCCESS,Netbanking
TXN2025008884,2026-01-20T17:11:24Z,BigBasket,Groceries,5918.84,INR,SUCCESS,Netbanking
TXN2025008885,2025-08-13T02:22:39Z,Zepto,Groceries,5286.32,INR,SUCCESS,UPI
TXN2025008886,2025-10-10T05:00:04Z,Starbucks,,161.0,INR,SUCCESS,Debit Card
TXN2025008887,1766230655000,JioMart,Groceries,5136.0,INR,PENDING,Debit Card
TXN2025008888,2026-07-14T22:53:51+05:30,Ajio,Shopping,10674.64,INR,SUCCESS,Debit Card
TXN2025008889,15/08/2025 22:18:41,Blinkit,Groceries,2894.0,INR,SUCCESS,Debit Card
TXN2025008890,2025-11-27T12:53:46Z,Spotify,Entertainment,231.82,INR,SUCCESS,Credit Card
TXN2025008891,1762544347000,BSES,Utilities,333.23,INR,SUCCESS,UPI
TXN2025008892,2026-03-09T13:23:43Z,McDonald's,Food & Dining,527.61,INR,SUCCESS,Credit Card
TXN2025008893,1763521071000,Shell,Fuel,3079.75,INR,SUCCESS,Debit Card
TXN2025008894,2026-02-09T06:08:37+05:30,DMart,Groceries,3513.0,INR,SUCCESS,UPI
TXN2025008895,2026-03-09T07:22:44Z,Coursera,Education,11310.63,INR,FAILED,Debit Card
TXN2025008896,2026-05-25T23:58:13+05:30,McDonald's,Food & Dining,600.48,INR,SUCCESS,UPI
TXN2025008897,04/04/2026 05:21:44,Amazon,Shopping,9524.51,INR,SUCCESS,Netbanking
TXN2025008898,2026-07-01T03:42:33Z,Airtel,Utilities,2500.55,INR,PENDING,Netbanking
TXN2025008899,2026-07-13T07:03:06Z,Starbucks,Food & Dining,767.26,INR,SUCCESS,Debit Card
TXN2025008900,2025-10-09T01:58:19Z,1mg,Health,1213.0,INR,FAILED,Netbanking
TXN2025008901,2026-02-20T12:26:52Z,Apollo Pharmacy,Health,5422.13,INR,SUCCESS,Debit Card
TXN2025008902,2026-01-24T01:54:35+05:30,BSES,Utilities,1488.44,INR,SUCCESS,Credit Card
TXN2025008903,2026-03-03,BYJU'S,Education,28304.0,INR,SUCCESS,UPI
TXN2025008904,2026-05-09T16:45:39+05:30,upGrad,Education,50815.83,INR,SUCCESS,Netbanking
TXN2025008905,2026-03-19T11:39:01Z,Zepto,Groceries,5815.0,INR,SUCCESS,Debit Card
TXN2025008906,2026-03-04T04:16:37Z,Ola,Travel,915.39,INR,SUCCESS,Credit Card
TXN2025008907,2026-05-22T03:31:35+05:30,LIC Premium,Insurance,4092.74,INR,SUCCESS,UPI
TXN2025008908,1757808218000,Cult.fit,Health,5548.66,INR,SUCCESS,UPI
TXN2025008909,01/11/2025 17:08:58,Ajio,Shopping,17873.0,INR,SUCCESS,Netbanking
TXN2025008910,2026-05-07T14:39:56+05:30,Zepto,Groceries,654.07,INR,SUCCESS,Debit Card
TXN2025008911,2026-07-12T03:19:08+05:30,JioMart,Groceries,3840.68,INR,SUCCESS,Netbanking
TXN2025008912,2026-05-22T23:37:57Z,Apollo Pharmacy,Health,2348.83,INR,SUCCESS,Credit Card
TXN2025008913,2026-01-09T15:02:02+05:30,YouTube Premium,Entertainment,1361.0,INR,SUCCESS,Credit Card
TXN2025008914,19/01/2026 00:46:08,Airtel,Utilities,3060.0,INR,SUCCESS,Credit Card
TXN2025008915,2025-09-05,Netflix,Entertainment,1516.0,INR,PENDING,Credit Card
TXN2025008916,12/02/2026 09:57:48,Policybazaar,Insurance,30127.0,INR,SUCCESS,Credit Card
TXN2025008917,2026-01-17T07:03:46Z,Ola,Travel,1752.68,INR,SUCCESS,Credit Card
TXN2025008918,2025-07-30T21:25:06Z,Blinkit,Groceries,2280.91,INR,SUCCESS,Netbanking
TXN2025008919,2026-04-26T09:03:25Z,Uber,Travel,7336.45,INR,SUCCESS,Debit Card
TXN2025008920,2025-08-18T18:18:19+05:30,Flipkart,Shopping,16418.0,INR,SUCCESS,Netbanking
TXN2025008921,2025-08-29T12:33:56Z,Ola,Travel,1377.42,INR,SUCCESS,UPI
TXN2025008922,2025-07-13T16:51:03Z,Tata Power,Utilities,1046.24,INR,SUCCESS,UPI
TXN2025008923,2026-03-03T04:20:51+05:30,Domino's,Food & Dining,870.0,INR,SUCCESS,Netbanking
TXN2025008924,2025-09-19T09:43:49Z,MakeMyTrip,Travel,7507.0,INR,PENDING,Netbanking
TXN2025008925,2026-06-10,Swiggy,Food & Dining,261.54,INR,SUCCESS,Netbanking
TXN2025008926,2025-10-16T15:09:03Z,IRCTC,Travel,2361.62,INR,SUCCESS,Netbanking
TXN2025008927,2026-03-15T20:38:45+05:30,Cult.fit,Health,1377.71,INR,SUCCESS,UPI
TXN2025008928,07/04/2026 01:04:43,Croma,Shopping,6188.0,INR,SUCCESS,UPI
TXN2025008929,2025-09-27T05:24:20Z,BigBasket,Groceries,4164.65,INR,SUCCESS,UPI
TXN2025008930,2025-11-26T02:13:21+05:30,BSES,Utilities,631.0,INR,SUCCESS,Debit Card
TXN2025008931,2026-03-13T17:49:51Z,Domino's,Food & Dining,325.33,INR,SUCCESS,Debit Card
TXN2025008932,2026-04-18T11:51:47Z,Croma,Shopping,7206.32,INR,SUCCESS,Credit Card
TXN2025008933,2026-06-06T11:01:38Z,JioMart,,1937.64,INR,SUCCESS,Debit Card
TXN2025008934,2026-06-28T00:51:37Z,Domino's,Food & Dining,815.43,INR,SUCCESS,Credit Card
TXN2025008935,2026-07-09T01:31:05Z,Domino's,Food & Dining,715.8,INR,SUCCESS,Credit Card
TXN2025008936,2026-03-12T18:34:44+05:30,Practo,Health,266.0,INR,SUCCESS,Credit Card
TXN2025008937,2025-09-15T00:20:45Z,BSES,Utilities,1400.51,INR,SUCCESS,UPI
TXN2025008938,2025-12-10T15:46:40+05:30,Indian Oil,Fuel,2467.26,INR,SUCCESS,Credit Card
TXN2025008939,2025-12-03T19:58:04Z,MakeMyTrip,Travel,3143.32,INR,SUCCESS,Debit Card
TXN2025008940,2025-08-29T17:53:49+05:30,PharmEasy,Health,3950.48,INR,SUCCESS,Debit Card
TXN2025008941,2025-10-24T09:03:42+05:30,IRCTC,Travel,5590.21,INR,SUCCESS,Netbanking
TXN2025008942,12/11/2025 01:50:01,PharmEasy,Health,3989.0,INR,SUCCESS,Debit Card
TXN2025008943,2026-06-01T03:01:45Z,ACT Fibernet,Utilities,2547.0,INR,FAILED,UPI
TXN2025008944,2025-08-18T14:47:41Z,Tata Power,Utilities,2258.37,INR,SUCCESS,Netbanking
TXN2025008945,2025-10-26T19:49:07Z,Swiggy,Food & Dining,570.0,INR,SUCCESS,Netbanking
TXN2025008946,2025-10-30T23:07:09Z,Spotify,Entertainment,210.66,INR,SUCCESS,Debit Card
TXN2025008947,2026-04-30T09:07:01Z,YouTube Premium,Entertainment,1746.29,INR,SUCCESS,UPI
TXN2025008948,1764626111000,Udemy,Education,22476.51,INR,SUCCESS,Netbanking
TXN2025008949,2025-09-17T04:51:45Z,HDFC Ergo,Insurance,28902.0,INR,SUCCESS,Debit Card
TXN2025008950,2025-07-24T13:28:13Z,Uber,Travel,570.0,INR,SUCCESS,Credit Card
TXN2025008951,2025-07-15T05:01:43Z,upGrad,Education,4459.0,INR,SUCCESS,Netbanking
TXN2025008952,2026-04-21T11:01:49Z,Flipkart,Shopping,13393.0,INR,SUCCESS,Debit Card
TXN2025008953,2026-05-08T14:12:16Z,PharmEasy,Health,687.96,INR,SUCCESS,Debit Card
TXN2025008954,2026-05-21T13:44:02Z,BYJU'S,Education,8936.0,INR,SUCCESS,Netbanking
TXN2025008955,2025-08-31T06:00:43+05:30,Flipkart,Shopping,2707.0,INR,SUCCESS,Netbanking
TXN2025008956,2025-08-16T14:42:24Z,Unacademy,Education,47237.31,INR,SUCCESS,UPI
TXN2025008957,2026-06-26T21:43:39Z,BYJU'S,Education,42658.84,INR,SUCCESS,Debit Card
TXN2025008958,2025-08-30T10:23:05Z,Ajio,Shopping,-2920.59,INR,SUCCESS,Debit Card
TXN2025008959,2025-08-21,IndiGo,Travel,396.0,INR,PENDING,UPI
TXN2025008960,2025-12-21T19:50:35+05:30,Swiggy,Food & Dining,141.0,INR,FAILED,Credit Card
TXN2025008961,2026-03-14T23:30:58Z,Shell,Fuel,3137.0,INR,SUCCESS,Debit Card
TXN2025008962,2026-02-06T00:56:57Z,Starbucks,Food & Dining,619.74,INR,SUCCESS,Credit Card
TXN2025008963,2025-11-03T02:24:48Z,JioMart,Groceries,1612.0,INR,PENDING,UPI
TXN2025008964,1757475283000,Cult.fit,Health,6595.72,INR,SUCCESS,Debit Card
TXN2025008965,2026-04-12T13:03:07+05:30,HDFC Ergo,Insurance,28308.0,INR,SUCCESS,Netbanking
TXN2025008966,1776595410000,Blinkit,Groceries,619.23,INR,SUCCESS,Netbanking
TXN2025008967,2025-11-23T18:44:16Z,Tata Power,Utilities,2114.07,INR,SUCCESS,Debit Card
TXN2025008968,2025-12-28T08:01:04Z,Swiggy,,550.0,INR,SUCCESS,UPI
TXN2025008969,2025-11-24T01:45:50Z,Hotstar,Entertainment,727.31,INR,SUCCESS,Credit Card
TXN2025008970,2026-04-06T21:41:55Z,ACT Fibernet,Utilities,3329.77,INR,SUCCESS,Netbanking
TXN2025008971,2025-07-27T17:49:20+05:30,BSES,Utilities,2970.0,INR,PENDING,Credit Card
TXN2025008972,1762087599000,Jio,Utilities,817.0,INR,SUCCESS,Netbanking
TXN2025008973,28/01/2026 05:26:06,BYJU'S,Education,25324.99,INR,FAILED,Credit Card
TXN2025008974,2025-08-30T10:23:14Z,upGrad,Education,17238.44,INR,SUCCESS,Debit Card
TXN2025008975,2025-09-11T00:49:40Z,Jio,Utilities,748.0,INR,FAILED,Credit Card
TXN2025008976,2025-09-15T10:45:37+05:30,Ola,Travel,4793.99,INR,SUCCESS,Debit Card
TXN2025008977,2026-02-19T07:50:17Z,Uber,Travel,6552.0,INR,SUCCESS,Netbanking
TXN2025008978,11/02/2026 14:24:19,Nykaa,Shopping,8916.0,INR,SUCCESS,Debit Card
TXN2025008979,2025-10-16T16:43:11Z,Domino's,Food & Dining,804.41,INR,SUCCESS,UPI
TXN2025008980,1757533383000,Croma,Shopping,5847.97,INR,SUCCESS,Credit Card
TXN2025008981,2026-03-20T01:13:37Z,Rapido,Travel,7336.56,INR,PENDING,Credit Card
TXN2025008982,1774707019000,Apollo Pharmacy,Health,4987.69,INR,SUCCESS,Debit Card
TXN2025008983,1774599599000,Domino's,Food & Dining,338.04,INR,SUCCESS,Credit Card
TXN2025008984,2025-08-13T15:08:55Z,Ola,Travel,5855.96,INR,SUCCESS,Credit Card
TXN2025008985,2026-06-09T09:47:45Z,JioMart,Groceries,-3451.06,INR,SUCCESS,Credit Card
TXN2025008986,2026-07-02T07:56:51+05:30,BYJU'S,Education,29203.06,INR,PENDING,Debit Card
TXN2025008987,1782387173000,Practo,Health,695.85,INR,SUCCESS,UPI
TXN2025008988,2026-03-06,JioMart,Groceries,1681.0,INR,SUCCESS,Debit Card
TXN2025008989,2025-11-11T23:24:25Z,JioMart,Groceries,-3499.94,INR,SUCCESS,Credit Card
TXN2025008990,2025-09-26T03:36:20Z,Netflix,Entertainment,2050.07,INR,SUCCESS,Credit Card
TXN2025008991,2025-12-11T09:57:36Z,Swiggy,Food & Dining,124.0,INR,SUCCESS,Netbanking
TXN2025008992,2025-10-24T11:50:49Z,1mg,Health,5721.7,INR,FAILED,Netbanking
TXN2025008993,2025-11-13T17:29:45Z,Blinkit,Groceries,2958.36,INR,PENDING,UPI
TXN2025008994,1783323811000,BigBasket,Groceries,3421.96,INR,SUCCESS,Netbanking
TXN2025008995,2025-11-25T23:04:47+05:30,Spotify,Entertainment,246.19,INR,SUCCESS,Credit Card
TXN2025008996,1782806236000,Coursera,Education,46272.37,INR,SUCCESS,UPI
TXN2025008997,21/03/2026 02:38:26,HDFC Ergo,Insurance,-8149.43,INR,SUCCESS,Debit Card
TXN2025008998,2026-02-28T20:18:51Z,Cult.fit,Health,4725.0,INR,SUCCESS,UPI
TXN2025008999,2026-06-05T07:04:35Z,HDFC Ergo,Insurance,27215.89,INR,SUCCESS,Debit Card
TXN2025009000,2026-07-15T18:22:38Z,HDFC Ergo,Insurance,17303.47,INR,FAILED,Credit Card
TXN2025009001,1781384571000,Jio,Utilities,2377.06,INR,PENDING,UPI
TXN2025009002,2026-07-04T14:01:00Z,Udemy,Education,51414.06,INR,SUCCESS,Debit Card
TXN2025009003,2025-10-05T05:20:16Z,Apollo Pharmacy,Health,2905.73,INR,SUCCESS,Netbanking
TXN2025009004,2026-04-24T03:07:06Z,BigBasket,Groceries,1271.0,INR,SUCCESS,Credit Card
TXN2025009005,14/10/2025 02:40:50,BYJU'S,Education,9416.82,INR,SUCCESS,Credit Card
TXN2025009006,2025-10-23T07:27:49Z,Ajio,Shopping,17617.3,INR,SUCCESS,Debit Card
TXN2025009007,2026-05-23,Starbucks,Food & Dining,662.48,INR,success,Credit Card
TXN2025009008,23/05/2026 22:53:23,BSES,Utilities,434.0,INR,SUCCESS,Debit Card
TXN2025009009,2025-07-25T23:57:27Z,Ola,Travel,7194.0,INR,PENDING,Netbanking
TXN2025009010,2026-02-26,Shell,Fuel,1489.83,INR,SUCCESS,Debit Card
TXN2025009011,2026-04-17T01:08:50Z,IndiGo,Travel,6594.14,INR,SUCCESS,Credit Card
TXN2025009012,2025-12-03T20:01:42Z,Spotify,Entertainment,533.23,INR,SUCCESS,Netbanking
TXN2025009013,2025-12-16T21:14:35+05:30,Blinkit,Groceries,2796.76,INR,SUCCESS,Netbanking
TXN2025009014,2026-03-01T08:56:35Z,Blinkit,Groceries,1906.32,INR,SUCCESS,UPI
TXN2025009015,2025-12-26T17:24:07+05:30,Tata Power,Utilities,3442.79,INR,SUCCESS,UPI
TXN2025009016,2025-07-15T00:12:54Z,HDFC Ergo,Insurance,3032.0,INR,SUCCESS,Credit Card
TXN2025009017,2026-01-20,Blinkit,Groceries,5997.39,INR,FAILED,UPI
TXN2025009018,2026-07-01T18:43:15Z,Spotify,Entertainment,1069.95,INR,SUCCESS,UPI
TXN2025009019,1775348535000,Myntra,Shopping,13391.42,INR,SUCCESS,UPI
TXN2025009020,2026-05-17T19:12:47Z,Zomato,Food & Dining,337.98,INR,FAILED,UPI
TXN2025009021,2025-07-28,Airtel,,759.0,INR,SUCCESS,Debit Card
TXN2025009022,1770381884000,Apollo Pharmacy,Health,1334.0,INR,SUCCESS,Credit Card
TXN2025009023,2025-07-22T18:02:07Z,Zomato,Food & Dining,676.09,INR,SUCCESS,UPI
TXN2025009024,2026-03-18T10:57:27Z,Ajio,Shopping,1645.24,INR,SUCCESS,Credit Card
TXN2025009025,2026-05-01T23:07:01Z,McDonald's,Food & Dining,142.0,INR,FAILED,Credit Card
TXN2025009026,2025-12-24T23:31:08+05:30,Amazon,Shopping,6782.23,INR,FAILED,Debit Card
TXN2025009027,2025-12-15T05:58:31+05:30,Domino's,Food & Dining,421.0,INR,SUCCESS,Debit Card
TXN2025009028,2026-01-19T15:29:43Z,Udemy,Education,-7250.0,INR,SUCCESS,Debit Card
TXN2025009029,2025-11-14T03:44:22Z,McDonald's,Food & Dining,379.0,INR,SUCCESS,Debit Card
TXN2025009030,21/07/2025 02:20:56,LIC Premium,Insurance,6566.22,INR,SUCCESS,Credit Card
TXN2025009031,2025-11-28T13:32:43Z,McDonald's,Food & Dining,387.0,INR,SUCCESS,UPI
TXN2025009032,2026-04-02T11:38:51+05:30,JioMart,Groceries,996.0,INR,SUCCESS,Credit Card
TXN2025009033,2025-09-19,LIC Premium,Insurance,19628.0,INR,SUCCESS,Debit Card
TXN2025009034,2025-11-30T08:28:06Z,Practo,Health,1470.0,INR,PENDING,Netbanking
TXN2025009035,2026-03-28T21:16:58+05:30,DMart,Groceries,359.0,INR,SUCCESS,Credit Card
TXN2025009036,2026-03-29T03:27:59Z,DMart,Groceries,2282.0,INR,SUCCESS,Netbanking
TXN2025009037,2025-08-26T07:49:45Z,Ola,Travel,4593.0,INR,SUCCESS,Netbanking
TXN2025009038,2026-03-09T09:50:24Z,Nykaa,Shopping,6031.0,INR,FAILED,Debit Card
TXN2025009039,2025-07-08T18:25:16+05:30,LIC Premium,Insurance,30283.0,INR,SUCCESS,Netbanking
TXN2025009040,14/12/2025 10:02:16,LIC Premium,Insurance,31960.02,INR,SUCCESS,Credit Card
TXN2025009041,2025-09-29T22:53:48Z,DMart,Groceries,4664.0,INR,SUCCESS,UPI
TXN2025009042,2026-02-12,Flipkart,Shopping,12213.5,INR,SUCCESS,Credit Card
TXN2025009043,2025-08-08,McDonald's,Food & Dining,769.86,INR,SUCCESS,Debit Card
TXN2025009044,2026-03-23T06:05:23+05:30,Starbucks,Food & Dining,140.08,INR,SUCCESS,UPI
TXN2025009045,23/12/2025 09:52:14,Croma,Shopping,-15081.35,INR,SUCCESS,UPI
TXN2025009046,1777898540000,PharmEasy,Health,1079.66,INR,SUCCESS,Credit Card
TXN2025009047,2025-10-27,HP Petrol,Fuel,2583.15,INR,SUCCESS,UPI
TXN2025009048,1759928161000,JioMart,Groceries,4346.88,INR,SUCCESS,Credit Card
TXN2025009049,2026-04-01T14:40:40Z,Netflix,Entertainment,771.0,INR,SUCCESS,UPI
TXN2025009050,2025-09-06T11:06:30+05:30,Nykaa,Shopping,7501.0,INR,SUCCESS,Credit Card
TXN2025009051,2026-02-16T22:19:44Z,Shell,Fuel,4247.38,INR,SUCCESS,Netbanking
TXN2025009052,2025-07-15T08:15:50Z,BigBasket,Groceries,3427.62,INR,SUCCESS,UPI
TXN2025009053,2026-03-29T09:39:01+05:30,Croma,Shopping,10331.54,INR,SUCCESS,Credit Card
TXN2025009054,2026-01-08T08:22:53+05:30,BigBasket,Groceries,1377.45,INR,SUCCESS,Netbanking
TXN2025009055,2025-12-24T21:43:26+05:30,Practo,Health,3689.09,INR,SUCCESS,UPI
TXN2025009056,2026-06-11T17:03:17Z,Swiggy,Food & Dining,504.67,INR,SUCCESS,Debit Card
TXN2025009057,2026-03-03T14:59:13Z,Starbucks,Food & Dining,512.59,INR,FAILED,UPI
TXN2025009058,2025-09-13,BYJU'S,Education,38508.93,INR,SUCCESS,UPI
TXN2025009059,2026-02-04T00:02:18Z,Netflix,Entertainment,1217.0,INR,SUCCESS,Credit Card
TXN2025009060,1764306350000,Jio,Utilities,1471.64,INR,SUCCESS,Credit Card
TXN2025009061,2026-06-21T22:01:30Z,Zomato,Food & Dining,184.23,INR,SUCCESS,Debit Card
TXN2025009062,2026-03-08T00:51:06Z,LIC Premium,Insurance,6009.0,INR,SUCCESS,UPI
TXN2025009063,1783221994000,Unacademy,Education,31361.21,INR,SUCCESS,Netbanking
TXN2025009064,2025-07-08T17:29:29+05:30,Myntra,Shopping,17603.79,INR,SUCCESS,Debit Card
TXN2025009065,2026-04-15T06:35:26+05:30,Swiggy,Food & Dining,645.26,INR,SUCCESS,Credit Card
TXN2025009066,2026-01-02T05:27:58Z,Coursera,Education,36380.53,INR,SUCCESS,Netbanking
TXN2025009067,2026-01-22T01:42:23Z,IRCTC,Travel,6865.0,INR,SUCCESS,Credit Card
TXN2025009068,2026-03-09T11:53:34Z,IRCTC,Travel,2123.19,INR,SUCCESS,UPI
TXN2025009069,2026-01-08T07:42:15Z,Hotstar,Entertainment,1068.34,INR,SUCCESS,UPI
TXN2025009070,2026-03-08T11:50:57Z,BYJU'S,Education,19379.0,INR,SUCCESS,UPI
TXN2025009071,2026-02-22T01:21:19Z,JioMart,Groceries,5039.0,INR,SUCCESS,Credit Card
TXN2025009072,2025-11-17T20:32:02Z,Domino's,Food & Dining,444.55,INR,SUCCESS,UPI
TXN2025009073,2026-06-12T02:01:30+05:30,Netflix,Entertainment,2461.3,INR,SUCCESS,Debit Card
TXN2025009074,2026-04-17T13:54:03Z,Zepto,Groceries,4859.91,INR,SUCCESS,UPI
TXN2025009075,2025-11-30T04:17:17Z,Ajio,Shopping,4961.05,INR,SUCCESS,Debit Card
TXN2025009076,2026-04-18T21:20:24+05:30,Swiggy,Food & Dining,665.35,INR,SUCCESS,UPI
TXN2025009077,1776887486000,Airtel,Utilities,1516.46,INR,SUCCESS,UPI
TXN2025009078,2026-06-06T17:38:46+05:30,HDFC Ergo,Insurance,36082.0,INR,SUCCESS,Credit Card
TXN2025009079,2025-07-06T08:13:40Z,YouTube Premium,Entertainment,1308.0,INR,SUCCESS,Credit Card
TXN2025009080,20/05/2026 17:00:16,Amazon,Shopping,8291.0,INR,SUCCESS,UPI
TXN2025009081,2025-11-07T00:47:50Z,Myntra,Shopping,13884.45,INR,SUCCESS,UPI
TXN2025009082,2025-10-17T03:40:56Z,upGrad,,54828.67,INR,SUCCESS,Netbanking
TXN2025009083,2026-06-05T09:20:52Z,JioMart,Groceries,3957.0,INR,FAILED,Debit Card
TXN2025009084,2026-05-30T15:14:42Z,Airtel,Utilities,1369.57,INR,SUCCESS,Credit Card
TXN2025009085,2025-10-05T05:34:03+05:30,Practo,Health,2357.36,INR,SUCCESS,Netbanking
TXN2025009086,2025-07-23T15:22:29Z,Domino's,Food & Dining,827.61,INR,SUCCESS,Netbanking
TXN2025009087,2026-05-27T00:05:59Z,ACT Fibernet,Utilities,1160.75,INR,SUCCESS,Netbanking
TXN2025009088,2026-04-26T14:15:48Z,BSES,Utilities,3340.0,INR,SUCCESS,UPI
TXN2025009089,2026-01-08T13:04:16Z,DMart,Groceries,1715.5,INR,SUCCESS,Credit Card
TXN2025009090,2026-01-17T23:43:56Z,1mg,Health,6548.47,INR,FAILED,Credit Card
TXN2025009091,17/05/2026 23:09:31,Starbucks,Food & Dining,477.0,INR,SUCCESS,UPI
TXN2025009092,2025-07-01T14:22:14Z,IRCTC,Travel,4534.0,INR,SUCCESS,UPI
TXN2025009093,2025-07-03T03:28:03+05:30,IndiGo,Travel,5779.31,INR,SUCCESS,Credit Card
TXN2025009094,2026-04-25T04:50:10Z,IndiGo,Travel,2462.0,INR,SUCCESS,UPI
TXN2025009095,2025-12-27T23:38:57Z,1mg,Health,4844.0,INR,SUCCESS,Netbanking
TXN2025009096,2025-11-15T01:47:51Z,BYJU'S,Education,29093.31,INR,SUCCESS,Netbanking
TXN2025009097,2026-06-07T13:09:34Z,Hotstar,Entertainment,347.0,INR,SUCCESS,Debit Card
TXN2025009098,2025-10-17T18:46:51Z,Zepto,Groceries,1815.41,INR,SUCCESS,Debit Card
TXN2025009099,02/12/2025 19:57:22,HDFC Ergo,Insurance,27348.66,INR,SUCCESS,UPI
TXN2025009100,2026-03-25T12:45:27Z,Jio,Utilities,3363.0,INR,SUCCESS,Netbanking
TXN2025009101,2025-12-15T08:37:37Z,upGrad,Education,46363.32,INR,SUCCESS,UPI
TXN2025009102,2026-05-29T16:13:25Z,JioMart,Groceries,1830.83,INR,SUCCESS,Credit Card
TXN2025009103,2025-09-08T22:28:03+05:30,LIC Premium,Insurance,16190.25,INR,SUCCESS,Debit Card
TXN2025009104,2025-08-24T23:06:18Z,YouTube Premium,Entertainment,985.0,INR,SUCCESS,Debit Card
TXN2025009105,2026-06-16T13:10:31Z,BookMyShow,Entertainment,1420.73,INR,FAILED,Credit Card
TXN2025009106,2025-10-15T08:21:34Z,Ola,Travel,6084.34,INR,SUCCESS,Credit Card
TXN2025009107,2025-09-07T05:02:21Z,1mg,Health,6749.22,INR,SUCCESS,Debit Card
TXN2025009108,2026-03-05T22:24:13Z,BPCL,Fuel,2263.0,INR,SUCCESS,Debit Card
TXN2025009109,26/09/2025 05:21:55,Rapido,Travel,2169.95,INR,SUCCESS,Netbanking
TXN2025009110,1752549564000,MakeMyTrip,Travel,3524.14,INR,SUCCESS,UPI
TXN2025009111,2026-04-29,Indian Oil,Fuel,1817.0,INR,SUCCESS,Netbanking
TXN2025009112,2025-09-22T16:27:15Z,1mg,Health,2245.83,INR,SUCCESS,Credit Card
TXN2025009113,2025-07-06T23:58:51Z,Udemy,Education,14765.33,INR,SUCCESS,Credit Card
TXN2025009114,2026-01-06T05:03:04+05:30,Blinkit,Groceries,5615.0,INR,SUCCESS,Debit Card
TXN2025009115,1775616551000,Croma,Shopping,15298.0,INR,SUCCESS,UPI
TXN2025009116,2026-07-08T13:03:59Z,DMart,Groceries,695.54,INR,SUCCESS,UPI
TXN2025009117,2026-04-12T06:35:07Z,Policybazaar,Insurance,32848.84,INR,PENDING,Netbanking
TXN2025009118,2026-06-12T06:02:05Z,Domino's,Food & Dining,189.13,INR,SUCCESS,Debit Card
TXN2025009119,2026-03-20T22:52:31Z,Indian Oil,Fuel,4042.45,INR,SUCCESS,Debit Card
TXN2025009120,2025-11-18T00:24:44+05:30,Ajio,Shopping,13323.59,INR,SUCCESS,Credit Card
TXN2025009121,2025-11-05T19:00:38Z,Policybazaar,Insurance,23700.43,INR,PENDING,UPI
TXN2025009122,2026-02-28T21:18:23Z,Cult.fit,Health,4664.35,INR,SUCCESS,UPI
TXN2025009123,2025-12-02T21:11:36Z,upGrad,Education,13557.58,INR,SUCCESS,Credit Card
TXN2025009124,1764396202000,HDFC Ergo,Insurance,11269.8,INR,SUCCESS,UPI
TXN2025009125,2026-02-21T19:08:12+05:30,HP Petrol,Fuel,979.0,INR,FAILED,Netbanking
TXN2025009126,2026-05-04T23:54:28Z,Domino's,Food & Dining,227.21,INR,SUCCESS,Credit Card
TXN2025009127,2025-09-25T08:23:19Z,Uber,Travel,6248.52,INR,SUCCESS,Debit Card
TXN2025009128,2025-07-07T11:13:50+05:30,Coursera,Education,51520.0,INR,SUCCESS,UPI
TXN2025009129,21/01/2026 14:40:20,Practo,Health,440.0,INR,SUCCESS,Netbanking
TXN2025009130,2025-11-17T03:48:56Z,HP Petrol,Fuel,2199.0,INR,SUCCESS,Credit Card
TXN2025009131,2025-11-01T13:16:03Z,IndiGo,Travel,8383.0,INR,SUCCESS,Credit Card
TXN2025009132,2026-03-08,1mg,Health,3765.52,INR,SUCCESS,Debit Card
TXN2025009133,2025-09-19T20:03:14Z,Netflix,Entertainment,791.0,INR,SUCCESS,Netbanking
TXN2025009134,2026-01-07,BPCL,,2583.0,INR,SUCCESS,Debit Card
TXN2025009135,2026-05-08T12:52:28Z,Nykaa,Shopping,15944.0,INR,SUCCESS,Credit Card
TXN2025009136,1758019065000,HP Petrol,,3876.0,INR,SUCCESS,Debit Card
TXN2025009137,2025-07-22T13:19:13+05:30,Unacademy,Education,4215.84,INR,FAILED,Netbanking
TXN2025009138,2025-06-30T23:57:59Z,Airtel,Utilities,1673.0,INR,SUCCESS,Debit Card
TXN2025009139,1777998306000,Ola,Travel,8751.0,INR,SUCCESS,Netbanking
TXN2025009140,2026-05-30T10:59:48+05:30,BYJU'S,Education,4220.0,INR,SUCCESS,Credit Card
TXN2025009141,2025-09-08T23:20:21Z,IRCTC,Travel,8977.0,INR,FAILED,Netbanking
TXN2025009142,2026-05-18T10:09:15Z,BigBasket,Groceries,781.85,INR,SUCCESS,Netbanking
TXN2025009143,2025-12-17T09:10:31Z,HDFC Ergo,Insurance,10119.94,INR,SUCCESS,UPI
TXN2025009144,05/05/2026 14:51:44,Udemy,Education,15862.93,INR,SUCCESS,Credit Card
TXN2025009145,2025-10-26T04:21:50+05:30,upGrad,Education,15278.0,INR,SUCCESS,Debit Card
TXN2025009146,22/12/2025 14:35:18,McDonald's,Food & Dining,466.0,INR,SUCCESS,Debit Card
TXN2025009147,2026-04-22T21:15:37Z,HDFC Ergo,Insurance,20575.0,INR,PENDING,UPI
TXN2025009148,2025-08-01T01:53:39+05:30,Rapido,,7859.57,INR,SUCCESS,Debit Card
TXN2025009149,14/06/2026 19:24:15,Amazon,Shopping,10859.0,INR,SUCCESS,UPI
TXN2025009150,2025-11-04T22:07:29Z,Starbucks,Food & Dining,763.66,INR,SUCCESS,Credit Card
TXN2025009151,2026-06-23T09:11:50Z,Unacademy,Education,18822.07,INR,SUCCESS,Credit Card
TXN2025009152,2026-07-10T11:13:04+05:30,Airtel,Utilities,1916.94,INR,SUCCESS,Netbanking
TXN2025009153,2025-06-30T19:52:31Z,BSES,Utilities,1779.0,INR,FAILED,Credit Card
TXN2025009154,2025-08-16T22:06:09Z,Zepto,Groceries,5651.72,INR,SUCCESS,Debit Card
TXN2025009155,2026-03-13T13:57:03Z,Myntra,Shopping,15986.98,INR,SUCCESS,Credit Card
TXN2025009156,2026-05-14T15:00:23Z,Shell,Fuel,3089.0,INR,SUCCESS,Netbanking
TXN2025009157,2026-03-17T01:14:24Z,JioMart,Groceries,1330.0,INR,SUCCESS,Netbanking
TXN2025009158,2026-04-22T13:31:21Z,Spotify,Entertainment,1062.35,INR,SUCCESS,Debit Card
TXN2025009159,2026-04-29T08:03:50Z,Unacademy,Education,45546.0,INR,SUCCESS,Credit Card
TXN2025009160,2025-11-05T15:11:38Z,1mg,Health,3225.25,INR,FAILED,Netbanking
TXN2025009161,09/09/2025 08:56:01,Coursera,Education,17112.83,INR,SUCCESS,UPI
TXN2025009162,2025-10-08T14:16:44Z,PharmEasy,Health,1944.0,INR,SUCCESS,Netbanking
TXN2025009163,2026-03-28T23:08:30Z,Hotstar,Entertainment,990.78,INR,FAILED,UPI
TXN2025009164,2025-12-29T17:15:57Z,McDonald's,Food & Dining,857.0,INR,SUCCESS,Credit Card
TXN2025009165,2026-01-15T14:59:23+05:30,Airtel,Utilities,406.04,INR,SUCCESS,Debit Card
TXN2025009166,2025-12-22T19:44:13Z,LIC Premium,Insurance,7149.67,INR,SUCCESS,Debit Card
TXN2025009167,1783936633000,upGrad,Education,28955.0,INR,SUCCESS,Debit Card
TXN2025009168,26/02/2026 17:39:14,MakeMyTrip,Travel,416.94,INR,SUCCESS,Netbanking
TXN2025009169,2025-10-13T18:02:06Z,BYJU'S,Education,13962.0,INR,SUCCESS,Debit Card
TXN2025009170,2026-04-25T13:46:11Z,Starbucks,Food & Dining,241.55,INR,SUCCESS,UPI
TXN2025009171,27/11/2025 14:39:23,Zepto,Groceries,4283.61,INR,SUCCESS,UPI
TXN2025009172,2026-06-10T18:47:06Z,Shell,Fuel,3348.7,INR,SUCCESS,Credit Card
TXN2025009173,2025-12-28T11:52:30Z,ACT Fibernet,Utilities,746.34,INR,SUCCESS,UPI
TXN2025009174,2026-01-03T13:53:19+05:30,Netflix,Entertainment,1196.21,INR,SUCCESS,UPI
TXN2025009175,2026-06-08T18:52:13Z,JioMart,Groceries,5368.0,INR,SUCCESS,Credit Card
TXN2025009176,2026-06-28T02:39:57+05:30,McDonald's,Food & Dining,697.0,INR,SUCCESS,UPI
TXN2025009177,2025-09-15T11:13:31Z,IndiGo,Travel,6730.06,INR,FAILED,Debit Card
TXN2025009178,2026-06-17T13:12:17Z,Zomato,Food & Dining,664.98,INR,FAILED,UPI
TXN2025009179,2026-04-05T17:46:59Z,Hotstar,Entertainment,1148.56,INR,SUCCESS,Netbanking
TXN2025009180,1764633129000,Croma,Shopping,5834.12,INR,SUCCESS,Netbanking
TXN2025009181,2026-06-29,BSES,Utilities,3103.64,INR,SUCCESS,UPI
TXN2025009182,1770417376000,Indian Oil,Fuel,1054.0,INR,SUCCESS,Credit Card
TXN2025009183,2026-07-14T16:56:56+05:30,Ajio,Shopping,4897.23,INR,SUCCESS,Netbanking
TXN2025009184,2025-08-09T13:52:10Z,Airtel,Utilities,339.97,INR,SUCCESS,Netbanking
TXN2025009185,2026-02-07T10:34:15Z,Amazon,Shopping,11608.32,INR,SUCCESS,Netbanking
TXN2025009186,21/11/2025 22:15:56,Practo,Health,1115.46,INR,SUCCESS,Credit Card
TXN2025009187,2026-02-18T02:33:09+05:30,Ola,Travel,8618.12,INR,SUCCESS,UPI
TXN2025009188,2026-04-21T07:54:29Z,Zomato,Food & Dining,732.0,INR,SUCCESS,Credit Card
TXN2025009189,2025-08-19T16:55:13Z,Airtel,Utilities,989.0,INR,SUCCESS,Netbanking
TXN2025009190,2026-06-05T21:36:55Z,Policybazaar,Insurance,5191.0,INR,PENDING,Credit Card
TXN2025009191,2026-05-18T00:57:45+05:30,Uber,Travel,8547.96,INR,SUCCESS,Debit Card
TXN2025009192,2026-07-11T16:26:15Z,Amazon,Shopping,8197.47,INR,SUCCESS,Netbanking
TXN2025009193,14/12/2025 00:00:43,Zomato,Food & Dining,459.13,INR,FAILED,Credit Card
TXN2025009194,2025-11-29T16:42:48Z,Myntra,Shopping,4048.25,INR,SUCCESS,Debit Card
TXN2025009195,2026-06-11T07:11:26Z,IndiGo,Travel,5071.0,INR,SUCCESS,Credit Card
TXN2025009196,2025-09-25T08:06:47Z,Netflix,Entertainment,906.0,INR,SUCCESS,Credit Card
TXN2025009197,2026-04-08T02:45:15Z,IndiGo,Travel,6310.41,INR,SUCCESS,UPI
TXN2025009198,25/10/2025 11:21:51,Domino's,Food & Dining,198.0,INR,SUCCESS,Netbanking
TXN2025009199,2025-07-27T13:43:13Z,Airtel,Utilities,1280.77,INR,SUCCESS,Debit Card
TXN2025009200,2025-12-30T18:38:40Z,Apollo Pharmacy,Health,5376.3,INR,SUCCESS,Credit Card
TXN2025009201,2025-11-17T17:26:34Z,Flipkart,Shopping,12755.87,INR,SUCCESS,Credit Card
TXN2025009202,2025-07-26T18:44:26Z,Spotify,Entertainment,1446.0,INR,SUCCESS,Credit Card
TXN2025009203,2026-06-20T21:40:18Z,JioMart,Groceries,2047.71,INR,SUCCESS,Netbanking
TXN2025009204,2026-05-08T19:52:35Z,BSES,Utilities,2233.06,INR,SUCCESS,Netbanking
TXN2025009205,2026-05-27T13:06:25Z,Indian Oil,Fuel,2234.32,INR,SUCCESS,Debit Card
TXN2025009206,2026-06-06T02:44:52Z,LIC Premium,Insurance,13412.97,INR,SUCCESS,UPI
TXN2025009207,2026-04-18T15:50:14Z,Coursera,Education,22804.89,INR,SUCCESS,Netbanking
TXN2025009208,2026-03-03T21:33:50Z,Airtel,Utilities,2712.48,INR,FAILED,Netbanking
TXN2025009209,2026-06-02T22:08:14+05:30,BYJU'S,Education,43352.0,INR,SUCCESS,Debit Card
TXN2025009210,2026-04-20T12:10:08Z,Nykaa,Shopping,11222.23,INR,SUCCESS,UPI
TXN2025009211,2025-10-10T18:31:19Z,Practo,Health,5832.0,INR,SUCCESS,Debit Card
TXN2025009212,2026-01-27T01:35:59Z,Starbucks,Food & Dining,456.08,INR,SUCCESS,UPI
TXN2025009213,2026-01-03T05:38:39Z,Apollo Pharmacy,Health,4116.0,INR,SUCCESS,UPI
TXN2025009214,2026-01-15T10:58:19Z,Flipkart,Shopping,2792.0,INR,SUCCESS,Credit Card
TXN2025009215,2026-06-07T15:38:42Z,PharmEasy,Health,5333.43,INR,SUCCESS,UPI
TXN2025009216,2026-07-05,Spotify,Entertainment,2238.5,INR,SUCCESS,Debit Card
TXN2025009217,2025-12-13T03:21:05Z,Practo,Health,2543.0,INR,SUCCESS,Netbanking
TXN2025009218,2026-03-01T16:30:50Z,BPCL,Fuel,4450.0,INR,SUCCESS,UPI
TXN2025009219,2026-05-28T18:59:00Z,IndiGo,Travel,535.47,INR,SUCCESS,UPI
TXN2025009220,2026-06-03T17:05:04Z,DMart,Groceries,4188.27,INR,SUCCESS,UPI
TXN2025009221,2025-08-15T19:03:02Z,Amazon,Shopping,14538.03,INR,SUCCESS,Credit Card
TXN2025009222,2026-01-08T11:11:22Z,IndiGo,Travel,3863.33,INR,SUCCESS,Credit Card
TXN2025009223,2025-08-16T06:20:30Z,Uber,Travel,1100.74,INR,SUCCESS,Debit Card
TXN2025009224,1773307465000,Apollo Pharmacy,Health,2426.76,INR,SUCCESS,Credit Card
TXN2025009225,2026-02-17,Apollo Pharmacy,Health,711.71,INR,SUCCESS,UPI
TXN2025009226,1781009868000,1mg,Health,2745.65,INR,SUCCESS,UPI
TXN2025009227,2025-10-22T11:30:56Z,1mg,Health,6070.0,INR,SUCCESS,Netbanking
TXN2025009228,2026-02-06T17:48:16Z,Udemy,Education,23479.48,INR,SUCCESS,UPI
TXN2025009229,2026-03-04T04:16:18Z,Spotify,Entertainment,-2448.0,INR,SUCCESS,Netbanking
TXN2025009230,2026-06-11T08:32:08Z,Zomato,Food & Dining,822.81,INR,SUCCESS,Netbanking
TXN2025009231,1762727701000,HP Petrol,Fuel,554.37,INR,SUCCESS,Credit Card
TXN2025009232,2025-10-22T04:02:18Z,HDFC Ergo,Insurance,17529.6,INR,SUCCESS,Debit Card
TXN2025009233,2026-03-12T05:36:48Z,Spotify,Entertainment,1634.05,INR,SUCCESS,Netbanking
TXN2025009234,2026-02-12T08:05:43Z,IRCTC,Travel,1309.0,INR,SUCCESS,UPI
TXN2025009235,1778289128000,Myntra,Shopping,6908.0,INR,SUCCESS,UPI
TXN2025009236,2025-11-11T13:16:07+05:30,Netflix,Entertainment,667.25,INR,PENDING,Credit Card
TXN2025009237,2026-01-29,Zepto,Groceries,4159.81,INR,SUCCESS,UPI
TXN2025009238,2025-10-11T13:56:58Z,Zepto,Groceries,5967.72,INR,PENDING,Debit Card
TXN2025009239,2025-11-16T03:14:39Z,BPCL,Fuel,4033.0,INR,SUCCESS,Netbanking
TXN2025009240,2025-10-18T14:31:23Z,Apollo Pharmacy,Health,5165.0,INR,SUCCESS,Debit Card
TXN2025009241,04/05/2026 21:42:52,Policybazaar,Insurance,26087.03,INR,SUCCESS,Debit Card
TXN2025009242,2025-09-18T07:51:21Z,Flipkart,Shopping,1771.74,INR,SUCCESS,Credit Card
TXN2025009243,1768524743000,Apollo Pharmacy,Health,822.0,INR,SUCCESS,UPI
TXN2025009244,2026-01-10T06:05:48+05:30,upGrad,Education,22407.69,INR,SUCCESS,UPI
TXN2025009245,2025-08-30T00:49:20Z,Practo,Health,6091.53,INR,SUCCESS,Debit Card
TXN2025009246,23/01/2026 01:57:18,Unacademy,Education,28231.1,INR,SUCCESS,UPI
TXN2025009247,2025-10-09T21:52:25Z,Rapido,Travel,6316.0,INR,SUCCESS,UPI
TXN2025009248,2026-03-14T10:35:09+05:30,Domino's,Food & Dining,897.36,INR,SUCCESS,Credit Card
TXN2025009249,1779106046000,DMart,Groceries,4709.88,INR,SUCCESS,Debit Card
TXN2025009250,2026-04-04T16:47:26+05:30,BSES,Utilities,1895.0,INR,SUCCESS,UPI
TXN2025009251,2025-12-30T21:07:43Z,Ola,Travel,4408.0,INR,SUCCESS,UPI
TXN2025009252,2026-05-03T20:22:06+05:30,Nykaa,Shopping,1263.26,INR,SUCCESS,Netbanking
TXN2025009253,2025-11-15T13:14:40Z,Apollo Pharmacy,Health,4550.0,INR,SUCCESS,UPI
TXN2025009254,2026-01-30T20:12:48Z,Tata Power,Utilities,1031.63,INR,SUCCESS,Credit Card
TXN2025009255,13/11/2025 13:36:52,Rapido,Travel,8780.48,INR,SUCCESS,UPI
TXN2025009256,2025-07-28T22:07:33+05:30,BigBasket,Groceries,381.0,INR,SUCCESS,UPI
TXN2025009257,2025-07-30T02:43:33+05:30,IndiGo,Travel,6451.67,INR,SUCCESS,UPI
TXN2025009258,2026-05-15T03:08:07Z,Swiggy,Food & Dining,149.0,INR,SUCCESS,Debit Card
TXN2025009259,2026-04-26,LIC Premium,Insurance,26801.03,INR,SUCCESS,Credit Card
TXN2025009260,2026-06-25T02:22:27Z,Unacademy,Education,11383.0,INR,SUCCESS,UPI
TXN2025009261,2025-09-03T00:15:56Z,LIC Premium,Insurance,23932.6,INR,SUCCESS,Debit Card
TXN2025009262,2025-11-03T06:51:38Z,IndiGo,Travel,6357.52,INR,SUCCESS,Netbanking
TXN2025009263,1756521420000,Amazon,Shopping,5143.0,INR,SUCCESS,Netbanking
TXN2025009264,2026-02-23T12:10:37Z,Starbucks,Food & Dining,168.88,INR,SUCCESS,Credit Card
TXN2025009265,2025-08-11T21:26:19+05:30,Myntra,Shopping,6233.22,INR,FAILED,Netbanking
TXN2025009266,2025-10-28T13:52:15+05:30,Myntra,Shopping,2303.55,INR,SUCCESS,Credit Card
TXN2025009267,2026-02-18T08:45:38Z,Croma,Shopping,4771.24,INR,SUCCESS,Debit Card
TXN2025009268,2026-05-12T15:38:43Z,Policybazaar,Insurance,6717.69,INR,SUCCESS,Credit Card
TXN2025009269,2026-04-04T10:15:21+05:30,Myntra,,7198.36,INR,SUCCESS,Debit Card
TXN2025009270,2026-03-05T04:49:02Z,HP Petrol,Fuel,852.17,INR,SUCCESS,UPI
TXN2025009271,24/09/2025 03:33:58,McDonald's,Food & Dining,170.14,INR,SUCCESS,UPI
TXN2025009272,2025-11-25T22:45:07Z,Myntra,Shopping,7758.87,INR,FAILED,Debit Card
TXN2025009273,2026-06-17T12:05:03Z,Cult.fit,Health,6910.59,INR,SUCCESS,Credit Card
TXN2025009274,2025-09-13T09:33:09Z,MakeMyTrip,Travel,5025.5,INR,SUCCESS,Debit Card
TXN2025009275,2025-11-30T10:17:07Z,Flipkart,Shopping,5529.0,INR,SUCCESS,Credit Card
TXN2025009276,1773536679000,Indian Oil,Fuel,590.5,INR,FAILED,UPI
TXN2025009277,2026-05-30,DMart,Groceries,5894.0,INR,SUCCESS,UPI
TXN2025009278,2026-02-24,JioMart,Groceries,4461.68,INR,SUCCESS,Debit Card
TXN2025009279,2026-01-27T19:21:31Z,Croma,Shopping,9611.0,INR,SUCCESS,Netbanking
TXN2025009280,2025-09-08T08:05:24Z,Nykaa,Shopping,6198.48,INR,SUCCESS,UPI
TXN2025009281,2025-10-20T02:36:27Z,upGrad,Education,28103.0,INR,SUCCESS,UPI
TXN2025009282,2026-06-20T10:31:50Z,Spotify,Entertainment,1519.65,INR,SUCCESS,Netbanking
TXN2025009283,2026-06-05T16:28:57Z,Apollo Pharmacy,Health,3636.2,INR,SUCCESS,Debit Card
TXN2025009284,2026-02-16T01:14:48Z,JioMart,Groceries,2216.06,INR,SUCCESS,Debit Card
TXN2025009285,2026-03-01T05:48:37Z,Croma,Shopping,11340.0,INR,SUCCESS,Credit Card
TXN2025009286,2026-01-31T00:37:32Z,Ajio,Shopping,2044.0,INR,SUCCESS,Credit Card
TXN2025009287,07/03/2026 18:13:05,Rapido,Travel,7036.59,INR,FAILED,Credit Card
TXN2025009288,2025-07-09T12:09:58Z,Apollo Pharmacy,Health,3812.98,INR,SUCCESS,UPI
TXN2025009289,2025-11-26T21:15:11Z,Udemy,Education,51175.57,INR,SUCCESS,UPI
TXN2025009290,2025-08-26T07:40:41Z,Udemy,Education,35984.06,INR,SUCCESS,Debit Card
TXN2025009291,2026-04-19T09:42:32Z,Cult.fit,Health,2448.89,INR,SUCCESS,Credit Card
TXN2025009292,2026-06-01T01:35:22Z,Flipkart,Shopping,5486.32,INR,SUCCESS,Credit Card
TXN2025009293,2025-07-24T06:03:06Z,LIC Premium,Insurance,15855.0,INR,SUCCESS,Debit Card
TXN2025009294,2025-08-13T16:52:00Z,McDonald's,Food & Dining,291.0,INR,SUCCESS,UPI
TXN2025009295,2025-09-10T14:01:13Z,Blinkit,Groceries,2718.47,INR,SUCCESS,Debit Card
TXN2025009296,21/03/2026 06:22:43,IndiGo,Travel,4291.76,INR,SUCCESS,UPI
TXN2025009297,2025-08-23,Spotify,Entertainment,938.51,INR,SUCCESS,Credit Card
TXN2025009298,2026-03-14T07:40:48Z,BSES,Utilities,3387.0,INR,SUCCESS,Netbanking
TXN2025009299,1764713239000,Starbucks,Food & Dining,697.58,INR,FAILED,Netbanking
TXN2025009300,2026-06-29T17:09:01+05:30,Practo,Health,4148.39,INR,SUCCESS,Credit Card
TXN2025009301,2026-03-09,Netflix,Entertainment,1096.09,INR,SUCCESS,Debit Card
TXN2025009302,2026-05-28T16:18:21+05:30,McDonald's,Food & Dining,169.0,INR,SUCCESS,Netbanking
TXN2025009303,04/09/2025 04:52:21,Blinkit,,3823.33,INR,SUCCESS,Netbanking
TXN2025009304,2025-12-07T13:39:23+05:30,BYJU'S,Education,22754.0,INR,SUCCESS,UPI
TXN2025009305,2026-02-24T23:37:37Z,Domino's,Food & Dining,465.46,INR,SUCCESS,Netbanking
TXN2025009306,1763259643000,DMart,Groceries,572.02,INR,SUCCESS,Credit Card
TXN2025009307,2026-06-09T10:49:31+05:30,Ajio,Shopping,1152.0,INR,SUCCESS,UPI
TXN2025009308,2026-03-29T12:06:03Z,LIC Premium,Insurance,12355.0,INR,SUCCESS,Credit Card
TXN2025009309,2025-09-20,IndiGo,Travel,5910.73,INR,SUCCESS,UPI
TXN2025009310,2026-06-13T08:24:33Z,Zepto,Groceries,1624.0,INR,SUCCESS,Netbanking
TXN2025009311,2026-03-16T01:19:08+05:30,Hotstar,Entertainment,1885.56,INR,SUCCESS,Debit Card
TXN2025009312,2026-02-12T02:38:08+05:30,Unacademy,Education,17598.69,INR,SUCCESS,UPI
TXN2025009313,21/01/2026 16:29:10,ACT Fibernet,Utilities,577.77,INR,SUCCESS,Debit Card
TXN2025009314,2026-01-08T21:13:59+05:30,McDonald's,Food & Dining,737.0,INR,SUCCESS,Netbanking
TXN2025009315,2025-09-15T14:32:28+05:30,Ajio,Shopping,4583.0,INR,SUCCESS,UPI
TXN2025009316,2026-01-17T01:55:18Z,DMart,Groceries,3988.94,INR,SUCCESS,UPI
TXN2025009317,2025-12-04T08:39:37Z,Uber,Travel,3740.0,INR,SUCCESS,Debit Card
TXN2025009318,19/10/2025 22:02:59,JioMart,Groceries,4842.85,INR,FAILED,Netbanking
TXN2025009319,2025-07-27T15:23:22Z,HDFC Ergo,Insurance,23859.0,INR,SUCCESS,Netbanking
TXN2025009320,2025-07-11T00:32:13+05:30,Udemy,Education,30776.0,INR,SUCCESS,UPI
TXN2025009321,2025-07-26T04:47:55Z,Netflix,Entertainment,1668.06,INR,SUCCESS,Netbanking
TXN2025009322,2025-07-19T19:58:42Z,HP Petrol,Fuel,1532.0,INR,SUCCESS,Credit Card
TXN2025009323,1768386010000,LIC Premium,Insurance,20262.0,INR,SUCCESS,Debit Card
TXN2025009324,1766124503000,Croma,Shopping,5224.61,INR,SUCCESS,Credit Card
TXN2025009325,2025-10-20T01:44:03Z,Hotstar,Entertainment,1065.26,INR,SUCCESS,Netbanking
TXN2025009326,2026-01-20T06:46:18Z,HDFC Ergo,Insurance,19153.0,INR,SUCCESS,Netbanking
TXN2025009327,2026-04-05T09:30:10+05:30,McDonald's,Food & Dining,530.34,INR,SUCCESS,Credit Card
TXN2025009328,2026-02-14T04:10:56Z,Blinkit,Groceries,4994.69,INR,SUCCESS,Netbanking
TXN2025009329,2025-08-18T17:03:58+05:30,HP Petrol,Fuel,3463.42,INR,FAILED,Credit Card
TXN2025009330,2026-03-06T08:31:37Z,upGrad,Education,54334.29,INR,SUCCESS,UPI
TXN2025009331,2025-10-19T09:57:43Z,DMart,Groceries,2667.0,INR,SUCCESS,Credit Card
TXN2025009332,2026-03-03T13:52:11Z,JioMart,Groceries,1880.53,INR,SUCCESS,Debit Card
TXN2025009333,2026-05-10T05:44:30Z,Coursera,Education,24661.47,INR,SUCCESS,Netbanking
TXN2025009334,2026-06-12T23:25:53+05:30,1mg,Health,5518.0,INR,SUCCESS,UPI
TXN2025009335,2026-07-11T23:32:17Z,Zepto,Groceries,3896.2,INR,SUCCESS,UPI
TXN2025009336,2026-04-28T05:25:27Z,Zomato,Food & Dining,175.0,INR,SUCCESS,UPI
TXN2025009337,2026-02-14T00:43:58Z,Nykaa,Shopping,8658.85,INR,SUCCESS,UPI
TXN2025009338,2025-11-16T13:29:55Z,Cult.fit,Health,1406.55,INR,SUCCESS,Netbanking
TXN2025009339,2025-11-19T22:07:18Z,upGrad,Education,7866.0,INR,PENDING,Credit Card
TXN2025009340,2025-12-29T23:15:36Z,DMart,Groceries,5152.0,INR,FAILED,Debit Card
TXN2025009341,2025-12-04T11:53:58Z,Jio,Utilities,1258.37,INR,SUCCESS,Credit Card
TXN2025009342,2025-12-17T18:46:31Z,Policybazaar,,35347.0,INR,SUCCESS,Credit Card
TXN2025009343,2025-07-09T23:07:46Z,Indian Oil,Fuel,3477.64,INR,PENDING,Credit Card
TXN2025009344,2025-10-22T14:57:14+05:30,Starbucks,Food & Dining,334.0,INR,SUCCESS,Netbanking
TXN2025009345,30/08/2025 17:36:39,Domino's,Food & Dining,476.94,INR,SUCCESS,UPI
TXN2025009346,2025-12-26T22:23:30Z,Unacademy,Education,6769.0,INR,SUCCESS,UPI
TXN2025009347,2025-12-18T07:24:18Z,Practo,Health,2966.7,INR,SUCCESS,Debit Card
TXN2025009348,2025-09-01T05:13:05Z,Domino's,Food & Dining,162.0,INR,PENDING,Debit Card
TXN2025009349,2025-09-14T13:13:16Z,BookMyShow,Entertainment,1843.3,INR,SUCCESS,UPI
TXN2025009350,2025-11-12T16:15:50Z,Spotify,Entertainment,1871.03,INR,SUCCESS,Netbanking
TXN2025009351,19/03/2026 09:03:47,Apollo Pharmacy,Health,2809.63,INR,SUCCESS,Debit Card
TXN2025009352,2025-11-14T04:16:16Z,Shell,Fuel,2579.0,INR,SUCCESS,Credit Card
TXN2025009353,2025-07-28T19:21:37Z,Hotstar,Entertainment,736.86,INR,SUCCESS,UPI
TXN2025009354,2025-07-13T21:19:42+05:30,Domino's,Food & Dining,739.91,INR,SUCCESS,Netbanking
TXN2025009355,2025-07-23T11:32:16Z,ACT Fibernet,Utilities,1532.0,INR,SUCCESS,Credit Card
TXN2025009356,2025-11-18T13:57:50Z,IndiGo,Travel,8521.0,INR,SUCCESS,Netbanking
TXN2025009357,2026-02-14T23:56:30Z,DMart,Groceries,1010.27,INR,SUCCESS,Netbanking
TXN2025009358,2025-09-29T18:51:13Z,Zomato,Food & Dining,383.11,INR,SUCCESS,Debit Card
TXN2025009359,2025-09-07T22:51:29Z,Unacademy,Education,44014.0,INR,SUCCESS,UPI
TXN2025009360,2025-09-23T00:58:42Z,ACT Fibernet,Utilities,2928.47,INR,SUCCESS,UPI
TXN2025009361,2026-02-04T00:14:08+05:30,Tata Power,Utilities,1709.0,INR,SUCCESS,Debit Card
TXN2025009362,2025-11-07T02:52:52+05:30,Practo,Health,6528.56,INR,PENDING,Credit Card
TXN2025009363,2025-09-02T20:15:10+05:30,LIC Premium,Insurance,16908.22,INR,SUCCESS,Netbanking
TXN2025009364,10/06/2026 08:45:14,Domino's,Food & Dining,183.99,INR,SUCCESS,Netbanking
TXN2025009365,2025-09-21T21:15:44+05:30,Coursera,Education,47788.62,INR,SUCCESS,UPI
TXN2025009366,1752418381000,Myntra,Shopping,2182.62,INR,SUCCESS,Debit Card
TXN2025009367,2026-07-02T18:21:02Z,Uber,Travel,6245.95,INR,SUCCESS,Credit Card
TXN2025009368,2025-09-20T16:49:39+05:30,Spotify,Entertainment,2320.0,INR,SUCCESS,Netbanking
TXN2025009369,2026-01-20T09:08:08Z,JioMart,Groceries,552.0,INR,SUCCESS,Netbanking
TXN2025009370,2025-10-17T05:16:18+05:30,Udemy,Education,-14075.0,INR,SUCCESS,Netbanking
TXN2025009371,2026-05-24T15:22:08Z,BPCL,Fuel,1501.0,INR,SUCCESS,Credit Card
TXN2025009372,2025-11-20T01:52:28Z,YouTube Premium,Entertainment,395.46,INR,SUCCESS,Debit Card
TXN2025009373,1773410127000,Ajio,Shopping,8594.0,INR,SUCCESS,Netbanking
TXN2025009374,24/10/2025 16:01:13,Starbucks,Food & Dining,223.17,INR,SUCCESS,Netbanking
TXN2025009375,2026-04-16,McDonald's,Food & Dining,698.19,INR,SUCCESS,UPI
TXN2025009376,2025-07-20T08:47:21Z,Zepto,Groceries,2999.41,INR,SUCCESS,Netbanking
TXN2025009377,2025-11-20T04:47:39Z,Coursera,Education,41923.28,INR,SUCCESS,Debit Card
TXN2025009378,2026-05-05T23:39:18Z,Amazon,Shopping,10710.0,INR,SUCCESS,Credit Card
TXN2025009379,1772042993000,ACT Fibernet,Utilities,1734.0,INR,FAILED,Netbanking
TXN2025009380,2025-07-04T21:23:46Z,Tata Power,Utilities,3251.0,INR,SUCCESS,Debit Card
TXN2025009381,2025-10-01T07:11:06+05:30,YouTube Premium,Entertainment,1979.29,INR,FAILED,Credit Card
TXN2025009382,2026-04-26T10:32:05Z,Policybazaar,Insurance,12057.86,INR,SUCCESS,Netbanking
TXN2025009383,2026-06-11T10:39:19Z,Swiggy,Food & Dining,349.4,INR,SUCCESS,UPI
TXN2025009384,2025-12-04T21:38:34Z,Amazon,Shopping,10677.0,INR,SUCCESS,Netbanking
TXN2025009385,2026-03-19T05:59:48Z,LIC Premium,Insurance,10559.8,INR,SUCCESS,Netbanking
TXN2025009386,2026-05-13T05:08:46+05:30,1mg,Health,638.0,INR,SUCCESS,Debit Card
TXN2025009387,05/09/2025 13:14:24,Myntra,Shopping,3521.81,INR,SUCCESS,Netbanking
TXN2025009388,1764911879000,Uber,Travel,7209.34,INR,PENDING,Debit Card
TXN2025009389,1779765259000,Ajio,Shopping,13812.0,INR,SUCCESS,Credit Card
TXN2025009390,2026-01-31T08:37:50+05:30,Netflix,Entertainment,729.0,INR,FAILED,Debit Card
TXN2025009391,2026-01-07T01:15:08Z,BSES,Utilities,3389.93,INR,SUCCESS,Debit Card
TXN2025009392,2025-10-09T02:31:53Z,Unacademy,Education,27165.0,INR,SUCCESS,Credit Card
TXN2025009393,2026-02-03T02:35:34Z,Jio,Utilities,1628.53,INR,SUCCESS,Credit Card
TXN2025009394,2026-04-11T11:17:31Z,Coursera,Education,16261.52,INR,SUCCESS,Netbanking
TXN2025009395,2025-08-13T10:00:21Z,Indian Oil,Fuel,1372.56,INR,SUCCESS,Credit Card
TXN2025009396,2026-03-08T06:42:15+05:30,BookMyShow,Entertainment,1123.84,INR,SUCCESS,UPI
TXN2025009397,2025-11-21T03:52:52Z,Shell,Fuel,4278.24,INR,SUCCESS,Debit Card
TXN2025009398,2026-05-11T22:50:51Z,IndiGo,Travel,647.0,INR,SUCCESS,Netbanking
TXN2025009399,1765037517000,Spotify,Entertainment,180.0,INR,SUCCESS,UPI
TXN2025009400,2025-08-30T08:19:30+05:30,BigBasket,,2980.0,INR,SUCCESS,UPI
TXN2025009401,2025-08-03T13:21:28Z,IndiGo,Travel,8074.09,INR,SUCCESS,Credit Card
TXN2025009402,2025-10-21T02:43:47+05:30,Unacademy,Education,7018.01,INR,SUCCESS,Credit Card
TXN2025009403,1757194457000,ACT Fibernet,Utilities,2931.0,INR,FAILED,Credit Card
TXN2025009404,1768196261000,Unacademy,Education,23011.96,INR,PENDING,Debit Card
TXN2025009405,2026-05-16T11:31:53Z,Apollo Pharmacy,Health,2394.0,INR,SUCCESS,Credit Card
TXN2025009406,2025-10-04T12:29:24Z,Practo,Health,1837.69,INR,PENDING,Credit Card
TXN2025009407,2025-12-30T19:36:16Z,Nykaa,Shopping,13622.0,INR,SUCCESS,UPI
TXN2025009408,1754825267000,Practo,Health,5828.72,INR,SUCCESS,Netbanking
TXN2025009409,2026-05-07T11:12:07+05:30,McDonald's,Food & Dining,638.0,INR,SUCCESS,UPI
TXN2025009410,2025-10-10T19:43:33Z,1mg,Health,3809.68,INR,SUCCESS,Credit Card
TXN2025009411,2025-08-26T16:50:13Z,MakeMyTrip,Travel,3667.0,INR,SUCCESS,Debit Card
TXN2025009412,1763367425000,JioMart,Groceries,5025.0,INR,SUCCESS,Debit Card
TXN2025009413,21/08/2025 23:34:29,Ajio,Shopping,7228.0,INR,SUCCESS,Netbanking
TXN2025009414,2026-05-07T15:21:28Z,Uber,Travel,1831.0,INR,SUCCESS,Debit Card
TXN2025009415,2025-08-07T04:24:13Z,IndiGo,Travel,1484.0,INR,SUCCESS,Credit Card
TXN2025009416,2025-10-07T06:14:44Z,Uber,Travel,5186.94,INR,SUCCESS,UPI
TXN2025009417,13/05/2026 10:36:27,Amazon,,12786.57,INR,SUCCESS,UPI
TXN2025009418,2026-04-27T17:13:31Z,Jio,Utilities,213.91,INR,SUCCESS,Debit Card
TXN2025009419,13/12/2025 11:29:48,Flipkart,Shopping,4316.63,INR,SUCCESS,UPI
TXN2025009420,2025-11-03T11:40:12Z,HDFC Ergo,Insurance,38089.32,INR,SUCCESS,Netbanking
TXN2025009421,2026-01-02T18:11:42Z,Hotstar,Entertainment,1897.84,INR,FAILED,UPI
TXN2025009422,1755824885000,Indian Oil,Fuel,842.87,INR,SUCCESS,UPI
TXN2025009423,2025-08-16T02:10:45+05:30,Tata Power,Utilities,711.64,INR,SUCCESS,UPI
TXN2025009424,2026-06-25T13:25:01Z,Shell,Fuel,1552.36,INR,SUCCESS,UPI
TXN2025009425,27/03/2026 22:25:52,YouTube Premium,Entertainment,2352.5,INR,SUCCESS,Debit Card
TXN2025009426,2026-04-13T03:42:00Z,McDonald's,,876.55,INR,SUCCESS,Debit Card
TXN2025009427,2026-02-11T04:47:41Z,Netflix,Entertainment,1606.74,INR,SUCCESS,Netbanking
TXN2025009428,2026-04-14T09:45:49Z,YouTube Premium,Entertainment,1525.04,INR,FAILED,Credit Card
TXN2025009429,08/02/2026 04:21:57,Ola,Travel,3528.5,INR,SUCCESS,Debit Card
TXN2025009430,22/12/2025 21:12:55,Unacademy,Education,6622.0,INR,SUCCESS,UPI
TXN2025009431,2025-10-06T14:45:58Z,HDFC Ergo,Insurance,11853.62,INR,SUCCESS,Debit Card
TXN2025009432,2025-12-14T16:45:41Z,1mg,Health,859.57,INR,SUCCESS,UPI
TXN2025009433,2026-04-01T19:25:28Z,ACT Fibernet,Utilities,1744.13,INR,SUCCESS,Credit Card
TXN2025009434,2026-03-21T18:00:57Z,Uber,Travel,1477.11,INR,SUCCESS,Credit Card
TXN2025009435,2026-02-15T06:25:35+05:30,Udemy,Education,6815.7,INR,SUCCESS,Credit Card
TXN2025009436,08/05/2026 13:14:02,Indian Oil,Fuel,870.58,INR,PENDING,UPI
TXN2025009437,2025-12-23T23:18:10Z,MakeMyTrip,Travel,2464.0,INR,SUCCESS,UPI
TXN2025009438,2025-11-19T21:20:32+05:30,Domino's,Food & Dining,636.08,INR,SUCCESS,Credit Card
TXN2025009439,2026-04-12T10:14:45Z,LIC Premium,Insurance,23041.0,INR,SUCCESS,Credit Card
TXN2025009440,2025-10-30T17:52:15Z,Croma,Shopping,8715.0,INR,SUCCESS,Debit Card
TXN2025009441,2025-12-13,Amazon,Shopping,17386.0,INR,SUCCESS,Credit Card
TXN2025009442,26/07/2025 09:55:48,Unacademy,Education,39283.9,INR,SUCCESS,Netbanking
TXN2025009443,2026-07-11T00:41:30Z,McDonald's,Food & Dining,592.25,INR,SUCCESS,Netbanking
TXN2025009444,2025-11-13T00:18:06Z,MakeMyTrip,Travel,8381.0,INR,SUCCESS,Netbanking
TXN2025009445,2025-10-09T22:14:34Z,Cult.fit,Health,733.03,INR,SUCCESS,Credit Card
TXN2025009446,2025-09-03T09:13:26Z,Cult.fit,Health,4491.25,INR,SUCCESS,Debit Card
TXN2025009447,2026-02-07T16:44:37Z,Flipkart,Shopping,8906.1,INR,SUCCESS,Credit Card
TXN2025009448,1770421202000,Domino's,Food & Dining,430.49,INR,PENDING,Debit Card
TXN2025009449,2025-09-06T11:13:37+05:30,JioMart,Groceries,4703.22,INR,SUCCESS,Debit Card
TXN2025009450,2025-12-10T04:29:43+05:30,Netflix,Entertainment,1232.49,INR,SUCCESS,UPI
TXN2025009451,2026-07-13T04:51:21Z,Policybazaar,Insurance,23221.28,INR,FAILED,Netbanking
TXN2025009452,1771337578000,HDFC Ergo,Insurance,8275.82,INR,SUCCESS,Credit Card
TXN2025009453,2026-04-10T03:20:23Z,Flipkart,Shopping,16592.0,INR,SUCCESS,Debit Card
TXN2025009454,2026-07-11T07:02:21+05:30,Flipkart,Shopping,3885.44,INR,PENDING,UPI
TXN2025009455,2026-05-26T08:59:03Z,MakeMyTrip,Travel,3845.61,INR,SUCCESS,UPI
TXN2025009456,2025-11-01T13:09:40Z,Jio,Utilities,531.54,INR,SUCCESS,Credit Card
TXN2025009457,19/04/2026 04:19:27,MakeMyTrip,Travel,4183.0,INR,SUCCESS,Credit Card
TXN2025009458,2026-03-29T22:23:01Z,BookMyShow,Entertainment,1253.0,INR,SUCCESS,Netbanking
TXN2025009459,2026-05-28T14:19:20Z,Swiggy,Food & Dining,445.73,INR,SUCCESS,Credit Card
TXN2025009460,2026-01-22,McDonald's,Food & Dining,255.78,INR,SUCCESS,Debit Card
TXN2025009461,2026-04-25T21:18:58+05:30,Swiggy,Food & Dining,637.18,INR,SUCCESS,Credit Card
TXN2025009462,2026-05-28T10:48:06Z,1mg,Health,3069.36,INR,SUCCESS,Debit Card
TXN2025009463,2025-09-14T15:32:51Z,Amazon,Shopping,10138.0,INR,SUCCESS,UPI
TXN2025009464,1782366544000,Udemy,Education,21358.14,INR,SUCCESS,Netbanking
TXN2025009465,27/11/2025 13:38:28,DMart,Groceries,4537.31,INR,SUCCESS,Debit Card
TXN2025009466,2026-04-29T08:33:42Z,ACT Fibernet,Utilities,3383.0,INR,SUCCESS,Credit Card
TXN2025009467,2025-08-16T20:50:30+05:30,Cult.fit,Health,2640.0,INR,FAILED,Debit Card
TXN2025009468,2026-05-22T04:33:06Z,DMart,Groceries,4855.0,INR,SUCCESS,Netbanking
TXN2025009469,2026-05-25,Myntra,,5556.0,INR,SUCCESS,Debit Card
TXN2025009470,2025-08-18T14:06:42Z,Starbucks,Food & Dining,296.82,INR,SUCCESS,Netbanking
TXN2025009471,1778773325000,JioMart,Groceries,1903.65,INR,SUCCESS,UPI
TXN2025009472,1763246337000,PharmEasy,Health,2165.0,INR,SUCCESS,UPI
TXN2025009473,2026-03-21,Practo,Health,2565.0,INR,SUCCESS,UPI
TXN2025009474,2025-09-01T07:37:49+05:30,IRCTC,Travel,4683.18,INR,SUCCESS,Credit Card
TXN2025009475,1772036186000,Ola,Travel,1219.0,INR,SUCCESS,Netbanking
TXN2025009476,2026-05-30T14:47:24Z,ACT Fibernet,Utilities,1888.75,INR,SUCCESS,Credit Card
TXN2025009477,1763547659000,Netflix,Entertainment,1408.62,INR,SUCCESS,UPI
TXN2025009478,2025-12-06T17:23:27Z,1mg,Health,3323.21,INR,SUCCESS,Debit Card
TXN2025009479,2026-03-13T08:32:09+05:30,Indian Oil,Fuel,4224.69,INR,SUCCESS,Credit Card
TXN2025009480,2025-10-13T12:54:34Z,Nykaa,Shopping,6246.94,INR,SUCCESS,Netbanking
TXN2025009481,2025-09-07T14:21:39+05:30,upGrad,Education,22976.62,INR,SUCCESS,Netbanking
TXN2025009482,2026-07-10T19:06:30+05:30,Flipkart,Shopping,1706.0,INR,SUCCESS,Debit Card
TXN2025009483,2026-04-20T21:49:36Z,IRCTC,Travel,8693.0,INR,SUCCESS,Debit Card
TXN2025009484,2026-05-10T02:18:55Z,Ola,Travel,5528.36,INR,FAILED,Netbanking
TXN2025009485,2026-01-12,Coursera,Education,31678.06,INR,SUCCESS,Credit Card
TXN2025009486,2026-04-30T09:21:43Z,1mg,Health,1956.13,INR,SUCCESS,Netbanking
TXN2025009487,1774611100000,BYJU'S,Education,9124.0,INR,SUCCESS,Debit Card
TXN2025009488,2026-05-20,Myntra,Shopping,8233.0,INR,SUCCESS,Debit Card
TXN2025009489,2026-03-31T11:50:22Z,MakeMyTrip,Travel,949.32,INR,SUCCESS,Debit Card
TXN2025009490,29/10/2025 09:36:46,Croma,Shopping,16423.4,INR,SUCCESS,UPI
TXN2025009491,2025-08-26T20:56:21Z,PharmEasy,Health,2899.45,INR,PENDING,Credit Card
TXN2025009492,2025-10-10T09:44:06Z,BPCL,Fuel,4315.88,INR,SUCCESS,Debit Card
TXN2025009493,16/04/2026 04:08:07,Zomato,Food & Dining,859.81,INR,SUCCESS,Netbanking
TXN2025009494,2026-05-03T16:21:50Z,Cult.fit,Health,4881.49,INR,SUCCESS,Credit Card
TXN2025009495,2025-11-25T11:42:32Z,Spotify,Entertainment,740.25,INR,SUCCESS,UPI
TXN2025009496,2025-12-19T11:39:41+05:30,Airtel,Utilities,2804.87,INR,SUCCESS,Netbanking
TXN2025009497,2026-02-12T02:23:35Z,DMart,Groceries,738.43,INR,SUCCESS,Netbanking
TXN2025009498,2026-07-11T00:12:14Z,BYJU'S,Education,36401.55,INR,SUCCESS,Debit Card
TXN2025009499,2026-07-11T00:52:18Z,Zomato,Food & Dining,500.38,INR,SUCCESS,Debit Card
TXN2025009500,2025-10-14T09:13:16Z,YouTube Premium,Entertainment,390.08,INR,SUCCESS,UPI
TXN2025009501,2025-08-28T15:00:14Z,ACT Fibernet,Utilities,364.0,INR,SUCCESS,UPI
TXN2025009502,21/04/2026 00:20:19,PharmEasy,Health,1133.0,INR,SUCCESS,Credit Card
TXN2025009503,2026-03-25T01:30:35Z,Practo,Health,344.0,INR,SUCCESS,UPI
TXN2025009504,2025-12-19T02:49:51Z,McDonald's,Food & Dining,730.0,INR,SUCCESS,Netbanking
TXN2025009505,2025-11-12T16:49:53Z,Uber,Travel,5628.0,INR,FAILED,Debit Card
TXN2025009506,1774602518000,Ajio,Shopping,4597.26,INR,SUCCESS,UPI
TXN2025009507,2025-11-11T22:59:58+05:30,Rapido,Travel,5596.13,INR,SUCCESS,Debit Card
TXN2025009508,2025-10-18T21:24:20Z,DMart,Groceries,2447.44,INR,SUCCESS,Netbanking
TXN2025009509,2025-10-04,MakeMyTrip,Travel,1921.11,INR,SUCCESS,Debit Card
TXN2025009510,2026-02-07T10:06:27Z,LIC Premium,Insurance,34860.0,INR,SUCCESS,Credit Card
TXN2025009511,2025-07-21T14:37:39+05:30,BYJU'S,Education,16710.0,INR,SUCCESS,Credit Card
TXN2025009512,2025-12-11T18:03:10Z,Blinkit,Groceries,808.0,INR,SUCCESS,Netbanking
TXN2025009513,2026-05-30,Coursera,Education,42631.0,INR,SUCCESS,Debit Card
TXN2025009514,2026-04-16T01:06:32+05:30,PharmEasy,Health,430.99,INR,SUCCESS,Credit Card
TXN2025009515,05/01/2026 11:33:09,Blinkit,Groceries,5585.0,INR,SUCCESS,Netbanking
TXN2025009516,2025-09-17T22:53:38Z,HDFC Ergo,Insurance,35538.04,INR,SUCCESS,Credit Card
TXN2025009517,21/04/2026 10:05:40,Policybazaar,Insurance,28783.0,INR,SUCCESS,Netbanking
TXN2025009518,2026-05-19T20:59:39Z,Myntra,Shopping,10005.4,INR,SUCCESS,Credit Card
TXN2025009519,2026-06-09T12:47:00+05:30,Amazon,Shopping,14484.84,INR,SUCCESS,Credit Card
TXN2025009520,2026-01-21T20:36:13Z,Apollo Pharmacy,Health,1279.0,INR,SUCCESS,Netbanking
TXN2025009521,1754158853000,Cult.fit,Health,4710.0,INR,SUCCESS,UPI
TXN2025009522,2025-08-29T16:13:39Z,Shell,Fuel,3709.69,INR,SUCCESS,Credit Card
TXN2025009523,2026-06-19T02:46:15Z,Hotstar,Entertainment,2493.48,INR,SUCCESS,Credit Card
TXN2025009524,2026-06-08T14:20:49Z,Coursera,Education,43825.88,INR,SUCCESS,Credit Card
TXN2025009525,2025-07-25T13:29:43Z,Netflix,Entertainment,1143.0,INR,SUCCESS,Credit Card
TXN2025009526,2026-03-27T06:43:00Z,Netflix,Entertainment,835.45,INR,SUCCESS,Netbanking
TXN2025009527,2025-11-30T01:34:52Z,IndiGo,Travel,5408.13,INR,SUCCESS,Debit Card
TXN2025009528,2026-03-30T13:15:00Z,Zomato,Food & Dining,637.0,INR,PENDING,Credit Card
TXN2025009529,1762884613000,Starbucks,Food & Dining,295.87,INR,SUCCESS,UPI
TXN2025009530,1771491404000,Rapido,Travel,3022.84,INR,SUCCESS,UPI
TXN2025009531,2026-04-24T21:56:06+05:30,Udemy,Education,11326.53,INR,SUCCESS,Credit Card
TXN2025009532,2026-02-24T13:28:37Z,HP Petrol,Fuel,4079.93,INR,SUCCESS,Credit Card
TXN2025009533,2026-06-06T14:10:09Z,Apollo Pharmacy,Health,6662.76,INR,FAILED,UPI
TXN2025009534,2025-09-24T06:42:57Z,BookMyShow,Entertainment,2147.71,INR,SUCCESS,Credit Card
TXN2025009535,2026-05-15T05:47:48Z,Airtel,Utilities,1467.2,INR,SUCCESS,Debit Card
TXN2025009536,2026-03-26T14:46:01Z,Shell,Fuel,3179.38,INR,SUCCESS,Netbanking
TXN2025009537,2025-09-05T06:50:58Z,Hotstar,Entertainment,1374.19,INR,SUCCESS,Debit Card
TXN2025009538,2025-09-09T14:46:01Z,BPCL,Fuel,1880.0,INR,SUCCESS,UPI
TXN2025009539,04/03/2026 09:37:56,Swiggy,Food & Dining,650.0,INR,SUCCESS,Debit Card
TXN2025009540,2026-01-30T14:10:09Z,Unacademy,Education,17744.82,INR,SUCCESS,Netbanking
TXN2025009541,2025-07-22T21:14:45Z,1mg,Health,1117.25,INR,SUCCESS,UPI
TXN2025009542,2026-07-12T22:28:07+05:30,LIC Premium,Insurance,33209.72,INR,SUCCESS,UPI
TXN2025009543,1775553778000,Ola,Travel,6171.0,INR,SUCCESS,Netbanking
TXN2025009544,2025-08-21T18:59:03Z,Tata Power,Utilities,1283.08,INR,SUCCESS,Debit Card
TXN2025009545,2026-01-22T10:53:29Z,HDFC Ergo,Insurance,36030.08,INR,SUCCESS,UPI
TXN2025009546,03/07/2025 10:07:55,Zomato,Food & Dining,869.0,INR,SUCCESS,Debit Card
TXN2025009547,2026-01-05T19:39:55Z,Flipkart,,13112.0,INR,SUCCESS,UPI
TXN2025009548,1780880965000,Starbucks,Food & Dining,890.07,INR,SUCCESS,Netbanking
TXN2025009549,2025-12-21T18:37:52Z,Uber,Travel,5439.87,INR,SUCCESS,Debit Card
TXN2025009550,1753181839000,Myntra,Shopping,3099.0,INR,SUCCESS,UPI
TXN2025009551,1782411784000,ACT Fibernet,Utilities,2716.69,INR,SUCCESS,Credit Card
TXN2025009552,2025-08-31T06:31:46Z,IRCTC,Travel,6377.13,INR,SUCCESS,UPI
TXN2025009553,1769177180000,Tata Power,Utilities,1477.52,INR,SUCCESS,Credit Card
TXN2025009554,2025-12-10T01:32:49Z,Myntra,Shopping,16342.69,INR,SUCCESS,UPI
TXN2025009555,11/06/2026 20:34:45,IRCTC,Travel,2083.94,INR,SUCCESS,Debit Card
TXN2025009556,2025-11-20T12:05:36Z,BPCL,Fuel,1208.34,INR,SUCCESS,Debit Card
TXN2025009557,1757049281000,Hotstar,Entertainment,524.26,INR,SUCCESS,Debit Card
TXN2025009558,2026-02-05T21:38:57Z,1mg,Health,375.21,INR,SUCCESS,Debit Card
TXN2025009559,2026-06-22T12:04:21Z,McDonald's,Food & Dining,705.55,INR,SUCCESS,Netbanking
TXN2025009560,2026-04-22T11:34:38+05:30,Jio,Utilities,2991.71,INR,SUCCESS,Credit Card
TXN2025009561,2026-04-25T21:38:18+05:30,Netflix,Entertainment,2409.06,INR,SUCCESS,Debit Card
TXN2025009562,2026-01-10T06:59:35+05:30,Shell,Fuel,2213.0,INR,SUCCESS,Netbanking
TXN2025009563,2026-03-20T21:56:33+05:30,PharmEasy,Health,2603.0,INR,FAILED,Netbanking
TXN2025009564,2025-12-05T18:27:48Z,LIC Premium,Insurance,1672.0,INR,SUCCESS,UPI
TXN2025009565,2026-02-11T10:28:00Z,Hotstar,Entertainment,1239.77,INR,SUCCESS,Debit Card
TXN2025009566,2026-03-06T18:34:04Z,JioMart,Groceries,679.74,INR,SUCCESS,Debit Card
TXN2025009567,2025-11-06T11:09:37Z,Practo,Health,1090.84,INR,SUCCESS,Netbanking
TXN2025009568,2025-10-10T15:41:27Z,Swiggy,Food & Dining,362.0,INR,SUCCESS,Netbanking
TXN2025009569,2026-01-28T14:32:43Z,Practo,Health,2596.2,INR,SUCCESS,Debit Card
TXN2025009570,1774548758000,upGrad,Education,22460.54,INR,SUCCESS,Netbanking
TXN2025009571,2026-05-18T14:39:51Z,MakeMyTrip,Travel,4663.52,INR,SUCCESS,Debit Card
TXN2025009572,2025-08-25,Domino's,Food & Dining,678.0,INR,SUCCESS,Netbanking
TXN2025009573,2026-03-06T00:26:37Z,JioMart,Groceries,300.33,INR,SUCCESS,UPI
TXN2025009574,2025-09-06T15:34:46Z,Cult.fit,,4359.0,INR,SUCCESS,Credit Card
TXN2025009575,14/05/2026 07:08:30,MakeMyTrip,Travel,5137.0,INR,SUCCESS,Debit Card
TXN2025009576,2026-06-07T01:57:59Z,Rapido,Travel,6359.47,INR,SUCCESS,Netbanking
TXN2025009577,2025-08-07T00:34:35Z,BookMyShow,Entertainment,721.42,INR,SUCCESS,Netbanking
TXN2025009578,2025-08-05T08:22:18Z,Rapido,Travel,5392.98,INR,SUCCESS,UPI
TXN2025009579,2025-10-15T21:07:42Z,Ajio,Shopping,12227.13,INR,SUCCESS,Credit Card
TXN2025009580,1781425522000,LIC Premium,Insurance,39416.0,INR,SUCCESS,Credit Card
TXN2025009581,1770450351000,JioMart,Groceries,3151.27,INR,SUCCESS,UPI
TXN2025009582,2025-11-13,Jio,Utilities,2148.0,INR,SUCCESS,Debit Card
TXN2025009583,11/03/2026 07:39:11,Nykaa,Shopping,2705.75,INR,SUCCESS,Debit Card
TXN2025009584,2026-03-26T21:45:44Z,Amazon,Shopping,2640.0,INR,SUCCESS,UPI
TXN2025009585,2026-04-19T20:23:15+05:30,BPCL,Fuel,859.26,INR,SUCCESS,Netbanking
TXN2025009586,1760942710000,IndiGo,Travel,6942.0,INR,SUCCESS,Netbanking
TXN2025009587,2026-02-05T05:48:39+05:30,IndiGo,Travel,2047.56,INR,SUCCESS,UPI
TXN2025009588,2026-03-19,Starbucks,Food & Dining,365.0,INR,FAILED,Debit Card
TXN2025009589,1754730443000,1mg,Health,5300.63,INR,SUCCESS,Netbanking
TXN2025009590,25/05/2026 21:38:40,Udemy,Education,52955.0,INR,SUCCESS,Debit Card
TXN2025009591,2025-09-19T12:36:42Z,Practo,Health,3511.65,INR,SUCCESS,Debit Card
TXN2025009592,2025-08-04T08:09:07Z,Netflix,Entertainment,1560.0,INR,success,Debit Card
TXN2025009593,2025-10-23T02:34:56Z,Croma,Shopping,644.68,INR,SUCCESS,Credit Card
TXN2025009594,2025-11-02T06:07:44Z,Shell,Fuel,3008.73,INR,SUCCESS,UPI
TXN2025009595,2025-11-05T12:32:12Z,Tata Power,Utilities,2005.0,INR,SUCCESS,Debit Card
TXN2025009596,1755361482000,Zepto,Groceries,980.76,INR,PENDING,UPI
TXN2025009597,2025-12-21,Apollo Pharmacy,Health,1554.67,INR,SUCCESS,Netbanking
TXN2025009598,2026-05-18T17:14:18+05:30,Swiggy,Food & Dining,886.2,INR,SUCCESS,Netbanking
TXN2025009599,2026-03-22T12:59:29Z,Coursera,Education,49745.41,INR,SUCCESS,UPI
TXN2025009600,2025-09-21,Coursera,Education,23882.0,INR,SUCCESS,Debit Card
TXN2025009601,2026-05-03T02:21:53+05:30,Flipkart,Shopping,3382.9,INR,SUCCESS,Credit Card
TXN2025009602,2026-04-28T06:47:31Z,BookMyShow,Entertainment,2142.0,INR,SUCCESS,Debit Card
TXN2025009603,2026-04-13T00:24:34Z,Shell,Fuel,4377.6,INR,PENDING,Netbanking
TXN2025009604,2025-08-22T18:26:26Z,PharmEasy,Health,4392.0,INR,SUCCESS,UPI
TXN2025009605,2026-06-11T20:38:02Z,Spotify,Entertainment,1062.75,INR,FAILED,UPI
TXN2025009606,2026-03-08T06:21:46Z,Jio,Utilities,3125.18,INR,SUCCESS,Netbanking
TXN2025009607,2026-04-03T03:28:27Z,Jio,Utilities,610.0,INR,SUCCESS,Debit Card
TXN2025009608,2026-02-28,McDonald's,Food & Dining,633.00,INR,SUCCESS,Debit Card
TXN2025009609,2025-11-27T00:43:10+05:30,Spotify,Entertainment,2482.82,INR,SUCCESS,UPI
TXN2025009610,2026-03-31T03:19:49Z,JioMart,Groceries,5723.44,INR,SUCCESS,Debit Card
TXN2025009611,2026-03-14T06:18:28Z,Ola,Travel,5149.73,INR,SUCCESS,Credit Card
TXN2025009612,15/01/2026 19:23:48,IRCTC,Travel,4394.57,INR,SUCCESS,Debit Card
TXN2025009613,2026-01-26,PharmEasy,Health,4895.0,INR,SUCCESS,Netbanking
TXN2025009614,2025-08-13T21:13:09+05:30,BYJU'S,Education,29551.71,INR,SUCCESS,UPI
TXN2025009615,31/03/2026 19:05:54,Cult.fit,Health,5516.69,INR,SUCCESS,UPI
TXN2025009616,1767187923000,Myntra,Shopping,13073.0,INR,SUCCESS,Debit Card
TXN2025009617,2025-08-06T04:25:34Z,Coursera,Education,51556.0,INR,FAILED,Credit Card
TXN2025009618,2025-12-19T11:50:34Z,Croma,Shopping,5212.32,INR,SUCCESS,Netbanking
TXN2025009619,2026-01-12T10:23:12+05:30,Policybazaar,Insurance,30838.0,INR,SUCCESS,Netbanking
TXN2025009620,1776791536000,IndiGo,Travel,2362.03,INR,SUCCESS,UPI
TXN2025009621,2026-07-03T17:55:42Z,Indian Oil,Fuel,3398.0,INR,SUCCESS,Credit Card
TXN2025009622,2025-08-24T19:22:41Z,HDFC Ergo,Insurance,3444.7,INR,SUCCESS,UPI
TXN2025009623,13/05/2026 04:09:13,Zepto,Groceries,1906.0,INR,SUCCESS,Credit Card
TXN2025009624,2026-04-28,DMart,Groceries,939.63,INR,SUCCESS,UPI
TXN2025009625,2026-01-01T13:22:45Z,YouTube Premium,Entertainment,2219.54,INR,SUCCESS,UPI
TXN2025009626,1762740520000,Blinkit,Groceries,5842.62,INR,SUCCESS,UPI
TXN2025009627,2025-09-11T09:09:57+05:30,Swiggy,Food & Dining,668.58,INR,SUCCESS,Debit Card
TXN2025009628,2026-01-10T09:26:44Z,Croma,Shopping,2699.41,INR,SUCCESS,UPI
TXN2025009629,2026-07-03T06:51:41Z,Shell,Fuel,3702.87,INR,SUCCESS,UPI
TXN2025009630,2025-09-20T04:13:53Z,IndiGo,Travel,4550.93,INR,SUCCESS,UPI
TXN2025009631,2026-05-22T20:23:42Z,MakeMyTrip,Travel,8885.27,INR,SUCCESS,Netbanking
TXN2025009632,2026-03-05T23:30:51Z,Apollo Pharmacy,Health,1318.38,INR,FAILED,Netbanking
TXN2025009633,2026-01-18T22:25:54Z,MakeMyTrip,Travel,2162.09,INR,SUCCESS,Credit Card
TXN2025009634,2025-07-18T23:25:28Z,YouTube Premium,Entertainment,1326.46,INR,SUCCESS,Debit Card
TXN2025009635,1767632706000,Nykaa,Shopping,11172.96,INR,SUCCESS,Netbanking
TXN2025009636,2025-09-07T00:00:12Z,BPCL,Fuel,1972.0,INR,SUCCESS,UPI
TXN2025009637,2025-07-21T13:33:11Z,BookMyShow,Entertainment,2389.0,INR,SUCCESS,Credit Card
TXN2025009638,2026-05-16T13:34:45Z,Domino's,Food & Dining,521.04,INR,SUCCESS,Debit Card
TXN2025009639,2025-11-24T14:28:40+05:30,Swiggy,Food & Dining,476.51,INR,SUCCESS,Debit Card
TXN2025009640,2026-05-14T03:08:53Z,LIC Premium,Insurance,26013.0,INR,FAILED,Netbanking
TXN2025009641,20/04/2026 17:44:53,Nykaa,Shopping,14966.0,INR,SUCCESS,Credit Card
TXN2025009642,2025-08-08T18:23:51Z,LIC Premium,Insurance,14308.77,INR,SUCCESS,Credit Card
TXN2025009643,27/01/2026 09:38:54,BigBasket,Groceries,-1760.83,INR,SUCCESS,Debit Card
TXN2025009644,2025-08-02T02:04:15+05:30,Zomato,Food & Dining,580.12,INR,SUCCESS,Debit Card
TXN2025009645,2025-10-08T09:58:09Z,Indian Oil,Fuel,4261.99,INR,SUCCESS,Debit Card
TXN2025009646,1775980318000,Coursera,Education,50218.07,INR,SUCCESS,Netbanking
TXN2025009647,1756231551000,Nykaa,Shopping,6559.28,INR,SUCCESS,UPI
TXN2025009648,2025-10-27T20:32:35Z,Blinkit,Groceries,3090.13,INR,SUCCESS,UPI
TXN2025009649,2026-02-06T18:02:00Z,Airtel,Utilities,2960.89,INR,SUCCESS,UPI
TXN2025009650,2026-06-04T19:24:21Z,Rapido,Travel,7357.0,INR,SUCCESS,Debit Card
TXN2025009651,2025-11-19T00:22:55+05:30,Rapido,Travel,2885.42,INR,SUCCESS,Debit Card
TXN2025009652,2025-11-01T08:21:05Z,HP Petrol,Fuel,772.0,INR,SUCCESS,Debit Card
TXN2025009653,2026-01-15T09:04:08+05:30,Ajio,Shopping,12763.45,INR,SUCCESS,Netbanking
TXN2025009654,2026-06-09T14:44:14+05:30,Zepto,Groceries,2459.77,INR,SUCCESS,Credit Card
TXN2025009655,2026-01-01T17:27:57+05:30,Zomato,Food & Dining,315.0,INR,SUCCESS,Debit Card
TXN2025009656,2025-08-07T19:09:33Z,Nykaa,Shopping,1699.18,INR,SUCCESS,Netbanking
TXN2025009657,2025-11-09T21:42:01Z,upGrad,Education,33905.28,INR,SUCCESS,Credit Card
TXN2025009658,2026-06-13T12:46:34Z,Practo,Health,1620.39,INR,FAILED,Netbanking
TXN2025009659,2026-05-21T09:11:33Z,HDFC Ergo,Insurance,6196.3,INR,SUCCESS,Credit Card
TXN2025009660,2026-07-12,Rapido,Travel,1217.15,INR,PENDING,UPI
TXN2025009661,2025-09-20T13:05:47Z,BYJU'S,Education,11991.57,INR,SUCCESS,UPI
TXN2025009662,2025-09-28T03:51:30+05:30,Uber,Travel,2734.0,INR,SUCCESS,Credit Card
TXN2025009663,2026-02-18T16:56:25+05:30,Domino's,Food & Dining,466.75,INR,SUCCESS,Debit Card
TXN2025009664,2026-03-19T19:59:57Z,IRCTC,Travel,7443.0,INR,SUCCESS,Netbanking
TXN2025009665,1782335091000,IndiGo,Travel,1618.52,INR,SUCCESS,Netbanking
TXN2025009666,2025-08-31T15:16:47Z,Tata Power,Utilities,892.13,INR,SUCCESS,UPI
TXN2025009667,1783777573000,HP Petrol,Fuel,1865.88,INR,SUCCESS,Netbanking
TXN2025009668,2026-06-12T09:37:12Z,Spotify,Entertainment,986.84,INR,SUCCESS,Netbanking
TXN2025009669,2026-02-20T04:37:18Z,MakeMyTrip,Travel,1600.0,INR,SUCCESS,Debit Card
TXN2025009670,2025-11-12,Flipkart,Shopping,13186.15,INR,SUCCESS,UPI
TXN2025009671,1783327644000,HP Petrol,Fuel,989.0,INR,SUCCESS,Debit Card
TXN2025009672,11/06/2026 04:16:34,Uber,Travel,5139.98,INR,SUCCESS,Credit Card
TXN2025009673,2025-12-07T16:10:45Z,Blinkit,Groceries,1068.95,INR,FAILED,Credit Card
TXN2025009674,2026-03-12T11:59:44Z,Ola,Travel,5990.6,INR,SUCCESS,Debit Card
TXN2025009675,2025-10-19T05:08:05+05:30,Ola,Travel,7334.0,INR,SUCCESS,Netbanking
TXN2025009676,1755590357000,BYJU'S,Education,6333.81,INR,SUCCESS,UPI
TXN2025009677,05/02/2026 11:10:30,BigBasket,,587.77,INR,SUCCESS,Credit Card
TXN2025009678,1757884019000,Uber,Travel,2761.0,INR,FAILED,UPI
TXN2025009679,2026-04-14,Zomato,Food & Dining,598.0,INR,SUCCESS,Netbanking
TXN2025009680,2025-08-21T17:23:45Z,MakeMyTrip,Travel,1182.0,INR,SUCCESS,Credit Card
TXN2025009681,2026-03-16T05:42:47+05:30,Swiggy,Food & Dining,632.97,INR,SUCCESS,Credit Card
TXN2025009682,2026-05-22T20:08:02+05:30,Zepto,,1750.61,INR,SUCCESS,UPI
TXN2025009683,2026-06-19T10:58:10Z,ACT Fibernet,Utilities,592.0,INR,SUCCESS,Debit Card
TXN2025009684,2026-02-14T09:02:11+05:30,ACT Fibernet,Utilities,2244.1,INR,SUCCESS,UPI
TXN2025009685,2026-02-06T22:32:52+05:30,Starbucks,Food & Dining,234.26,INR,SUCCESS,Credit Card
TXN2025009686,1761068478000,BSES,Utilities,2725.28,INR,SUCCESS,Debit Card
TXN2025009687,2026-02-07T13:49:06+05:30,Uber,Travel,8996.26,INR,SUCCESS,UPI
TXN2025009688,2025-09-20T12:32:12Z,Netflix,Entertainment,486.01,INR,SUCCESS,UPI
TXN2025009689,2025-11-16T08:28:55Z,Apollo Pharmacy,Health,3325.06,INR,SUCCESS,Netbanking
TXN2025009690,2026-06-27T10:07:30Z,Hotstar,Entertainment,991.31,INR,SUCCESS,UPI
TXN2025009691,2025-07-09,Starbucks,Food & Dining,410.0,INR,SUCCESS,Credit Card
TXN2025009692,2026-03-16T04:12:03Z,Tata Power,Utilities,1644.0,INR,FAILED,Credit Card
TXN2025009693,2025-12-30T19:48:10Z,Flipkart,Shopping,7215.0,INR,SUCCESS,UPI
TXN2025009694,2025-11-27T15:40:48Z,Zomato,Food & Dining,886.0,INR,SUCCESS,Debit Card
TXN2025009695,2026-04-29T10:16:04+05:30,BSES,Utilities,3041.0,INR,SUCCESS,Credit Card
TXN2025004175,1783907424000,BPCL,Fuel,1580.52,INR,SUCCESS,UPI
TXN2025009697,2026-06-19T02:14:26Z,HDFC Ergo,Insurance,-28186.0,INR,SUCCESS,UPI
TXN2025009698,2025-09-07T06:16:15Z,BookMyShow,Entertainment,682.0,INR,SUCCESS,Credit Card
TXN2025009699,2025-09-13T08:04:24Z,PharmEasy,Health,5663.79,INR,PENDING,Credit Card
TXN2025009700,2025-08-13T17:42:43Z,BSES,Utilities,3408.0,INR,SUCCESS,Credit Card
TXN2025009701,2026-04-15T16:29:24Z,1mg,Health,4696.8,INR,SUCCESS,UPI
TXN2025009702,2025-12-18T21:45:39Z,Starbucks,Food & Dining,240.0,INR,SUCCESS,Debit Card
TXN2025009703,2025-10-23T11:55:56+05:30,Domino's,Food & Dining,-419.2,INR,SUCCESS,Credit Card
TXN2025009704,2025-08-29T04:31:54+05:30,Unacademy,Education,19922.73,INR,SUCCESS,Credit Card
TXN2025009705,2025-11-30T12:27:48Z,DMart,Groceries,1903.7,INR,SUCCESS,Debit Card
TXN2025009706,1765820385000,ACT Fibernet,Utilities,1441.0,INR,SUCCESS,UPI
TXN2025009707,2026-07-05T13:20:57Z,Zepto,Groceries,2412.32,INR,SUCCESS,Credit Card
TXN2025009708,2026-04-17T05:11:23Z,BookMyShow,Entertainment,944.41,INR,SUCCESS,Credit Card
TXN2025009709,2025-10-08T06:42:52+05:30,IRCTC,Travel,4080.52,INR,SUCCESS,Netbanking
TXN2025009710,2025-08-18T13:56:54Z,Airtel,Utilities,3060.85,INR,SUCCESS,Netbanking
TXN2025009711,1761513177000,upGrad,Education,27018.0,INR,SUCCESS,Netbanking
TXN2025009712,2026-04-18T15:57:37Z,PharmEasy,Health,231.29,INR,SUCCESS,Credit Card
TXN2025009713,05/09/2025 07:02:05,Policybazaar,Insurance,6998.47,INR,SUCCESS,UPI
TXN2025009714,2026-07-12T12:23:24Z,Spotify,Entertainment,1553.42,INR,SUCCESS,Debit Card
TXN2025009715,2025-11-23T13:51:57Z,Blinkit,,3744.44,INR,SUCCESS,Credit Card
TXN2025009716,1783514917000,BSES,Utilities,474.25,INR,SUCCESS,Netbanking
TXN2025009717,2026-05-27,Domino's,Food & Dining,661.0,INR,SUCCESS,Netbanking
TXN2025009718,2025-08-17T11:39:04Z,MakeMyTrip,Travel,808.03,INR,SUCCESS,Netbanking
TXN2025009719,2026-02-19T22:42:02Z,JioMart,Groceries,1636.94,INR,SUCCESS,Credit Card
TXN2025009720,10/04/2026 21:48:18,Amazon,Shopping,2042.07,INR,SUCCESS,Debit Card
TXN2025009721,2025-08-06T00:56:28Z,BigBasket,Groceries,4927.0,INR,SUCCESS,UPI
TXN2025009722,2026-03-06T06:56:13+05:30,Unacademy,Education,41031.0,INR,SUCCESS,UPI
TXN2025009723,2025-07-11T09:19:48+05:30,BYJU'S,Education,29332.17,INR,SUCCESS,Credit Card
TXN2025009724,2026-06-12T08:23:36Z,JioMart,Groceries,3305.62,INR,SUCCESS,Credit Card
TXN2025009725,2026-02-04T04:41:36+05:30,Jio,Utilities,1060.0,INR,SUCCESS,Debit Card
TXN2025009726,2026-04-26,Policybazaar,Insurance,25097.78,INR,FAILED,Netbanking
TXN2025009727,2026-06-23T19:56:05Z,Rapido,Travel,1370.28,INR,SUCCESS,UPI
TXN2025009728,2025-11-27T08:39:33+05:30,LIC Premium,Insurance,31093.0,INR,PENDING,Credit Card
TXN2025009729,2026-02-13T06:23:03+05:30,BSES,Utilities,1277.83,INR,SUCCESS,Debit Card
TXN2025009730,2025-12-23T23:25:18+05:30,Starbucks,Food & Dining,749.3,INR,SUCCESS,Netbanking
TXN2025009731,2025-09-29T02:12:01Z,BSES,Utilities,3257.15,INR,SUCCESS,UPI
TXN2025009732,2025-12-04T22:03:10+05:30,JioMart,Groceries,3320.66,INR,SUCCESS,Debit Card
TXN2025009733,1781347047000,Spotify,Entertainment,403.63,INR,FAILED,Credit Card
TXN2025009734,2025-10-18T20:00:43Z,Unacademy,Education,49902.0,INR,SUCCESS,Netbanking
TXN2025009735,1772008247000,McDonald's,Food & Dining,623.65,INR,SUCCESS,Credit Card
TXN2025009736,2026-06-15T04:43:53Z,Tata Power,Utilities,1309.0,INR,SUCCESS,UPI
TXN2025009737,2026-02-27T14:23:30Z,Swiggy,Food & Dining,684.61,INR,SUCCESS,Netbanking
TXN2025009738,2026-02-03T06:50:50+05:30,Ola,Travel,2999.88,INR,FAILED,Debit Card
TXN2025009739,2025-09-09T02:46:28Z,Airtel,Utilities,383.0,INR,SUCCESS,Credit Card
TXN2025009740,2025-07-08T14:08:51Z,BookMyShow,Entertainment,328.4,INR,SUCCESS,Debit Card
TXN2025009741,2026-07-10T14:13:43Z,Zepto,Groceries,4899.0,INR,FAILED,Netbanking
TXN2025009742,2026-03-12T17:34:07Z,Croma,Shopping,12882.28,INR,SUCCESS,UPI
TXN2025009743,2025-11-05T10:11:00+05:30,Coursera,Education,4095.57,INR,SUCCESS,UPI
TXN2025009744,29/08/2025 16:31:43,BookMyShow,Entertainment,1485.05,INR,SUCCESS,Debit Card
TXN2025009745,2025-07-30T21:54:17Z,Domino's,Food & Dining,175.0,INR,SUCCESS,UPI
TXN2025009746,1752246292000,Policybazaar,Insurance,11064.38,INR,SUCCESS,Netbanking
TXN2025009747,1766705345000,Flipkart,Shopping,9687.33,INR,SUCCESS,UPI
TXN2025009748,2025-09-29T22:13:54+05:30,BPCL,Fuel,2361.04,INR,SUCCESS,Credit Card
TXN2025009749,2026-02-07T13:42:15Z,Cult.fit,Health,873.21,INR,SUCCESS,Netbanking
TXN2025009750,2025-12-08T11:12:31Z,Netflix,Entertainment,1582.21,INR,SUCCESS,UPI
TXN2025009751,1771751514000,Domino's,Food & Dining,132.65,INR,SUCCESS,Netbanking
TXN2025009752,2026-03-25T14:19:03+05:30,BSES,,1163.0,INR,SUCCESS,UPI
TXN2025009753,02/03/2026 13:24:44,McDonald's,Food & Dining,520.0,INR,SUCCESS,Netbanking
TXN2025009754,2025-07-04T03:27:19Z,BookMyShow,Entertainment,1897.0,INR,SUCCESS,UPI
TXN2025009755,2025-10-03T15:12:34+05:30,Swiggy,Food & Dining,530.0,INR,FAILED,UPI
TXN2025009756,2025-08-08T16:45:50Z,Swiggy,Food & Dining,509.71,INR,SUCCESS,Credit Card
TXN2025009757,04/09/2025 17:44:54,Policybazaar,Insurance,6908.01,INR,SUCCESS,Netbanking
TXN2025009758,1782980639000,BPCL,,3815.07,INR,SUCCESS,UPI
TXN2025009759,2025-08-17T02:38:26Z,DMart,Groceries,846.05,INR,SUCCESS,UPI
TXN2025009760,13/10/2025 07:36:59,LIC Premium,Insurance,16083.0,INR,PENDING,UPI
TXN2025009761,1765950352000,Swiggy,Food & Dining,730.66,INR,SUCCESS,Netbanking
TXN2025009762,1760757547000,McDonald's,Food & Dining,150.94,INR,SUCCESS,Debit Card
TXN2025009763,2026-04-28T12:16:45Z,Amazon,Shopping,1789.59,INR,PENDING,Credit Card
TXN2025009764,2025-11-18T16:03:23Z,Uber,Travel,5116.06,INR,SUCCESS,Netbanking
TXN2025009765,1782080514000,Rapido,Travel,7002.48,INR,SUCCESS,Debit Card
TXN2025009766,2025-12-21T00:08:44Z,Indian Oil,Fuel,3024.0,INR,SUCCESS,UPI
TXN2025009767,2026-06-02T17:24:20Z,McDonald's,Food & Dining,820.63,INR,SUCCESS,Debit Card
TXN2025009768,2026-02-16T20:55:11Z,Rapido,Travel,7713.43,INR,SUCCESS,Debit Card
TXN2025009769,2025-10-15,DMart,Groceries,505.0,INR,SUCCESS,Credit Card
TXN2025009770,2026-07-10T07:27:08Z,BYJU'S,Education,5515.02,INR,SUCCESS,Debit Card
TXN2025009771,2026-03-28T00:48:56+05:30,Rapido,Travel,5801.0,INR,SUCCESS,Debit Card
TXN2025009772,2026-06-07T13:56:58Z,Practo,Health,5884.0,INR,SUCCESS,Debit Card
TXN2025009773,2025-08-23T11:43:14Z,Nykaa,Shopping,17442.1,INR,SUCCESS,Credit Card
TXN2025009774,1755179327000,IndiGo,Travel,8690.0,INR,SUCCESS,Netbanking
TXN2025009775,2026-01-10T01:44:53Z,Cult.fit,Health,2344.36,INR,SUCCESS,Credit Card
TXN2025009776,04/08/2025 23:46:19,Nykaa,Shopping,392.0,INR,SUCCESS,Credit Card
TXN2025009777,2025-09-30T01:50:42Z,Practo,Health,5643.0,INR,SUCCESS,Netbanking
TXN2025009778,2026-05-14T03:35:10+05:30,Airtel,Utilities,1603.53,INR,SUCCESS,Debit Card
TXN2025009779,2026-01-15,Zepto,Groceries,3252.0,INR,SUCCESS,Netbanking
TXN2025009780,2026-02-24T14:10:04Z,BPCL,Fuel,543.51,INR,SUCCESS,UPI
TXN2025009781,2026-03-29T01:32:24+05:30,Zepto,Groceries,3789.0,INR,SUCCESS,Netbanking
TXN2025009782,2026-05-21T22:51:21+05:30,YouTube Premium,Entertainment,1069.2,INR,FAILED,Credit Card
TXN2025009783,03/07/2026 21:40:33,Apollo Pharmacy,Health,2741.64,INR,SUCCESS,Netbanking
TXN2025009784,1753659365000,Udemy,Education,17841.19,INR,SUCCESS,UPI
TXN2025009785,2025-12-08T22:50:07Z,Rapido,Travel,7169.68,INR,SUCCESS,Debit Card
TXN2025009786,2026-03-05T18:07:31+05:30,Rapido,Travel,8889.36,INR,SUCCESS,Debit Card
TXN2025009787,2025-12-29T15:58:18+05:30,LIC Premium,Insurance,13230.34,INR,SUCCESS,UPI
TXN2025009788,2025-12-22T14:41:54Z,IndiGo,Travel,6253.22,INR,SUCCESS,Debit Card
TXN2025009789,2026-04-16T20:45:52+05:30,Ola,Travel,2441.07,INR,SUCCESS,Credit Card
TXN2025009790,2026-05-26T16:24:19+05:30,Cult.fit,Health,5919.91,INR,SUCCESS,Credit Card
TXN2025009791,2026-05-09T22:49:16+05:30,Nykaa,Shopping,16893.06,INR,SUCCESS,Netbanking
TXN2025009792,2026-04-11T21:58:18+05:30,Jio,Utilities,3370.0,INR,SUCCESS,Debit Card
TXN2025009793,2026-02-16,Ajio,Shopping,9168.0,INR,PENDING,Debit Card
TXN2025009794,1760540269000,Jio,Utilities,2472.0,INR,FAILED,UPI
TXN2025009795,2025-07-11T14:40:40Z,Ola,Travel,8051.0,INR,SUCCESS,UPI
TXN2025009796,2026-04-20T21:56:35+05:30,Zepto,Groceries,1631.98,INR,SUCCESS,Debit Card
TXN2025009797,2026-01-31T14:03:43Z,Netflix,Entertainment,2262.0,INR,SUCCESS,Credit Card
TXN2025009798,2026-07-07T04:57:54Z,Ajio,Shopping,17650.0,INR,SUCCESS,Credit Card
TXN2025009799,2026-05-10T23:27:35Z,IRCTC,Travel,3272.16,INR,SUCCESS,Credit Card
TXN2025009800,2026-04-23T22:28:43Z,Policybazaar,Insurance,21668.44,INR,SUCCESS,Debit Card
TXN2025009801,1781561890000,BSES,Utilities,2413.0,INR,PENDING,Credit Card
TXN2025009802,24/09/2025 20:37:33,Coursera,Education,1285.06,INR,SUCCESS,UPI
TXN2025009803,1766968929000,Myntra,Shopping,3912.38,INR,SUCCESS,Netbanking
TXN2025009804,19/11/2025 22:00:44,McDonald's,Food & Dining,738.0,INR,SUCCESS,Netbanking
TXN2025009805,2025-10-29T10:29:29Z,BSES,Utilities,3403.0,INR,SUCCESS,UPI
TXN2025009806,1754930577000,Amazon,Shopping,6635.79,INR,SUCCESS,Netbanking
TXN2025009807,2026-02-22T11:57:23Z,Nykaa,Shopping,4089.4,INR,SUCCESS,Credit Card
TXN2025009808,27/12/2025 16:10:51,BPCL,Fuel,793.24,INR,FAILED,Netbanking
TXN2025009809,2025-11-23T22:32:57Z,JioMart,Groceries,522.6,INR,SUCCESS,Netbanking
TXN2025009810,2025-12-18,Cult.fit,Health,2645.39,INR,PENDING,Credit Card
TXN2025009811,1752599123000,Myntra,Shopping,15736.45,INR,SUCCESS,UPI
TXN2025009812,2025-10-11T14:38:05Z,Starbucks,Food & Dining,143.73,INR,SUCCESS,Credit Card
TXN2025009813,2025-09-26T06:19:43Z,Swiggy,Food & Dining,147.68,INR,SUCCESS,UPI
TXN2025009814,2025-10-21T01:06:44Z,Unacademy,Education,21253.17,INR,SUCCESS,Netbanking
TXN2025009815,1751594110000,Udemy,Education,23304.0,INR,SUCCESS,Credit Card
TXN2025009816,2026-06-04T03:55:57Z,BookMyShow,Entertainment,-2179.1,INR,SUCCESS,Netbanking
TXN2025009817,2025-08-08T18:50:06Z,YouTube Premium,Entertainment,1880.72,INR,SUCCESS,Debit Card
TXN2025003582,2025-11-09T16:47:00Z,IndiGo,Travel,896.0,INR,SUCCESS,Netbanking
TXN2025009819,2026-07-15T02:37:26Z,Amazon,Shopping,5227.0,INR,SUCCESS,Netbanking
TXN2025009820,2025-09-24T11:57:24Z,LIC Premium,Insurance,35964.0,INR,SUCCESS,Netbanking
TXN2025009821,2025-11-25T22:00:07Z,Coursera,Education,54720.0,INR,SUCCESS,Debit Card
TXN2025009822,2026-06-17,Ola,Travel,4654.0,INR,SUCCESS,UPI
TXN2025009823,22/08/2025 04:21:51,YouTube Premium,Entertainment,1317.97,INR,SUCCESS,Debit Card
TXN2025009824,1760850614000,Zepto,Groceries,5270.81,INR,SUCCESS,Netbanking
TXN2025009825,2025-10-22T17:15:23+05:30,Rapido,Travel,2365.9,INR,SUCCESS,Debit Card
TXN2025009826,2026-01-04T20:42:43Z,Ajio,Shopping,14407.56,INR,SUCCESS,Debit Card
TXN2025009827,2026-02-05T00:07:43+05:30,JioMart,Groceries,4956.0,INR,SUCCESS,Credit Card
TXN2025009828,11/11/2025 21:59:13,Uber,Travel,8346.0,INR,SUCCESS,Debit Card
TXN2025009829,2025-08-28T13:26:53Z,Zomato,Food & Dining,687.91,INR,SUCCESS,UPI
TXN2025009830,2026-02-23T02:14:43Z,Swiggy,Food & Dining,207.96,INR,SUCCESS,UPI
TXN2025009831,2025-12-21T00:34:37+05:30,Myntra,Shopping,13782.85,INR,SUCCESS,Debit Card
TXN2025009832,1779367004000,BigBasket,Groceries,2419.06,INR,FAILED,UPI
TXN2025009833,2026-01-28T23:15:04Z,LIC Premium,Insurance,-14836.18,INR,SUCCESS,Netbanking
TXN2025009834,2025-09-07T09:42:27Z,Ajio,,17584.69,INR,SUCCESS,Credit Card
TXN2025009835,2026-06-26,Apollo Pharmacy,Health,2468.0,INR,SUCCESS,UPI
TXN2025009836,1755598157000,Domino's,Food & Dining,701.92,INR,SUCCESS,Debit Card
TXN2025009837,1762538022000,HDFC Ergo,Insurance,15023.0,INR,SUCCESS,Credit Card
TXN2025009838,2025-12-24T11:35:55+05:30,Cult.fit,Health,2679.24,INR,SUCCESS,Credit Card
TXN2025009839,2025-10-29T17:28:18Z,Flipkart,Shopping,3451.3,INR,SUCCESS,Netbanking
TXN2025009840,2026-04-13T09:59:38Z,Domino's,Food & Dining,215.95,INR,SUCCESS,UPI
TXN2025009841,2026-03-16T19:43:11Z,Airtel,Utilities,1358.48,INR,SUCCESS,Debit Card
TXN2025009842,2025-10-23T04:07:59+05:30,BPCL,Fuel,1284.0,INR,SUCCESS,Credit Card
TXN2025009843,2026-02-10T16:30:23Z,Myntra,Shopping,6296.0,INR,SUCCESS,Debit Card
TXN2025009844,2026-01-01T11:23:07Z,MakeMyTrip,Travel,5068.11,INR,SUCCESS,Netbanking
TXN2025009845,1780970725000,McDonald's,Food & Dining,300.16,INR,SUCCESS,Credit Card
TXN2025009846,2026-03-22T10:02:20+05:30,Netflix,Entertainment,2255.61,INR,SUCCESS,UPI
TXN2025009847,2025-10-17T04:47:29+05:30,Starbucks,Food & Dining,832.91,INR,SUCCESS,Credit Card
TXN2025009848,2026-01-04T16:51:50Z,JioMart,Groceries,2769.35,INR,FAILED,Netbanking
TXN2025009849,2026-05-29T01:34:25Z,BigBasket,Groceries,1434.91,INR,SUCCESS,Netbanking
TXN2025009850,1771422902000,Amazon,Shopping,13891.0,INR,SUCCESS,Credit Card
TXN2025009851,07/04/2026 12:46:22,BPCL,Fuel,2182.8,INR,SUCCESS,Netbanking
TXN2025009852,2025-12-31T08:26:35+05:30,BPCL,Fuel,1673.04,INR,SUCCESS,Debit Card
TXN2025009853,2025-12-18T13:09:52Z,Flipkart,Shopping,5900.77,INR,SUCCESS,UPI
TXN2025009854,2026-04-17T12:14:33Z,upGrad,Education,32855.42,INR,PENDING,UPI
TXN2025009855,1774261697000,BookMyShow,Entertainment,1031.8,INR,SUCCESS,Credit Card
TXN2025009856,2026-04-13T11:19:08Z,LIC Premium,Insurance,22541.12,INR,FAILED,Debit Card
TXN2025009857,2025-12-11T00:38:46Z,Apollo Pharmacy,Health,6049.0,INR,SUCCESS,Credit Card
TXN2025009858,2025-08-03T14:48:18Z,IRCTC,Travel,1074.27,INR,SUCCESS,Netbanking
TXN2025009859,2025-10-30T00:11:26Z,Policybazaar,Insurance,26032.84,INR,SUCCESS,Credit Card
TXN2025009860,2026-01-17T21:39:14Z,BookMyShow,Entertainment,1908.0,INR,SUCCESS,Netbanking
TXN2025009861,2026-04-04T17:55:31Z,BYJU'S,,38431.89,INR,SUCCESS,Netbanking
TXN2025009862,2026-04-14T01:02:06Z,IndiGo,Travel,1694.08,INR,PENDING,Debit Card
TXN2025009863,2025-12-13T19:28:07Z,Croma,Shopping,2902.44,INR,SUCCESS,Netbanking
TXN2025009864,2026-05-21T20:55:42+05:30,Amazon,Shopping,3867.12,INR,PENDING,Credit Card
TXN2025009865,09/03/2026 15:39:33,Practo,Health,3681.59,INR,SUCCESS,Debit Card
TXN2025009866,2025-10-13T23:53:11Z,Indian Oil,Fuel,1656.0,INR,SUCCESS,Credit Card
TXN2025009867,2026-04-30T16:31:28Z,Zomato,Food & Dining,123.1,INR,SUCCESS,Netbanking
TXN2025009868,1755371840000,HDFC Ergo,Insurance,20313.09,INR,SUCCESS,Debit Card
TXN2025009869,2026-05-04T03:14:23Z,YouTube Premium,Entertainment,2081.12,INR,SUCCESS,UPI
TXN2025009870,2025-09-16,Indian Oil,Fuel,1339.87,INR,SUCCESS,Credit Card
TXN2025009871,2026-06-10T23:27:31Z,Spotify,Entertainment,670.2,INR,PENDING,Netbanking
TXN2025009872,2025-11-15T03:56:37+05:30,Ola,Travel,549.87,INR,SUCCESS,Netbanking
TXN2025009873,2025-07-23T10:25:19Z,Hotstar,Entertainment,2205.56,INR,SUCCESS,Debit Card
TXN2025009874,2025-12-13T20:47:48Z,Zomato,Food & Dining,476.06,INR,SUCCESS,UPI
TXN2025009875,2025-07-08T11:42:34+05:30,BookMyShow,Entertainment,1502.19,INR,SUCCESS,Debit Card
TXN2025009876,2025-07-19T02:55:48Z,BYJU'S,Education,8990.0,INR,SUCCESS,Netbanking
TXN2025009877,2025-09-20T00:14:36Z,Spotify,Entertainment,-962.78,INR,SUCCESS,Netbanking
TXN2025009878,2026-06-01T22:54:40Z,Policybazaar,Insurance,39150.74,INR,SUCCESS,Debit Card
TXN2025009879,2026-03-19,McDonald's,Food & Dining,260.0,INR,SUCCESS,Debit Card
TXN2025009880,2026-01-16T16:45:30Z,Ola,Travel,5205.48,INR,SUCCESS,Debit Card
TXN2025009881,2025-07-03T12:53:41Z,PharmEasy,Health,5544.89,INR,SUCCESS,UPI
TXN2025009882,2026-06-16T04:13:17+05:30,BPCL,Fuel,3140.0,INR,SUCCESS,Netbanking
TXN2025009883,2026-06-10T15:02:56+05:30,Flipkart,Shopping,7188.0,INR,SUCCESS,UPI
TXN2025009884,1772494623000,PharmEasy,Health,1626.34,INR,SUCCESS,Credit Card
TXN2025009885,2026-02-16T01:41:45+05:30,BSES,Utilities,468.0,INR,SUCCESS,Credit Card
TXN2025009886,2026-02-23T00:53:21+05:30,BPCL,Fuel,3864.0,INR,SUCCESS,Netbanking
TXN2025009887,2025-07-01T19:55:21Z,1mg,Health,1030.74,INR,SUCCESS,UPI
TXN2025009888,2026-04-15T21:26:23Z,Tata Power,,2632.17,INR,SUCCESS,UPI
TXN2025009889,2026-04-03T19:43:14+05:30,Indian Oil,Fuel,627.94,INR,SUCCESS,Debit Card
TXN2025009890,1761583001000,HDFC Ergo,Insurance,6317.27,INR,SUCCESS,UPI
TXN2025009891,2025-09-26T02:12:49Z,JioMart,Groceries,1033.57,INR,SUCCESS,UPI
TXN2025009892,2026-04-17T20:01:00Z,Hotstar,Entertainment,2199.0,INR,SUCCESS,Netbanking
TXN2025005655,1779686854000,ACT Fibernet,Utilities,863.0,INR,SUCCESS,Netbanking
TXN2025009894,2025-11-04T10:29:40Z,Blinkit,Groceries,3545.0,INR,SUCCESS,Netbanking
TXN2025009895,2026-05-01T00:29:50Z,Unacademy,Education,52309.67,INR,SUCCESS,Debit Card
TXN2025009896,2026-03-13T19:03:12Z,Practo,Health,1842.21,INR,SUCCESS,UPI
TXN2025009897,2025-11-02T11:09:55+05:30,Amazon,Shopping,15553.12,INR,SUCCESS,Netbanking
TXN2025009898,1758505560000,Cult.fit,Health,5451.0,INR,SUCCESS,UPI
TXN2025009899,2025-11-05T19:40:34Z,Tata Power,Utilities,759.0,INR,SUCCESS,Credit Card
TXN2025009900,2026-04-13T09:45:41Z,YouTube Premium,Entertainment,553.0,INR,SUCCESS,Debit Card
TXN2025009901,2025-09-11T17:11:51Z,Myntra,Shopping,4484.0,INR,SUCCESS,Debit Card
TXN2025009902,2026-02-15T23:22:58Z,Hotstar,Entertainment,178.09,INR,SUCCESS,Netbanking
TXN2025009903,2025-10-23T15:18:24Z,DMart,Groceries,2841.36,INR,SUCCESS,Debit Card
TXN2025009904,2025-08-14T14:56:56+05:30,Zepto,Groceries,4340.5,INR,SUCCESS,Netbanking
TXN2025009905,2025-09-07T11:15:57Z,IRCTC,Travel,5610.16,INR,SUCCESS,Credit Card
TXN2025009906,2026-06-30T20:08:31+05:30,JioMart,Groceries,5461.33,INR,FAILED,Netbanking
TXN2025005746,2025-11-14T05:25:26Z,BigBasket,Groceries,4982.06,INR,SUCCESS,Credit Card
TXN2025009908,23/04/2026 18:22:05,McDonald's,Food & Dining,385.0,INR,SUCCESS,Netbanking
TXN2025009909,2025-12-09T05:55:41Z,Spotify,Entertainment,275.69,INR,SUCCESS,Netbanking
TXN2025009910,2026-04-16T03:13:47Z,Practo,Health,4004.2,INR,SUCCESS,Netbanking
TXN2025009911,2025-07-31T03:29:40Z,BigBasket,Groceries,1970.99,INR,SUCCESS,Debit Card
TXN2025009912,2026-03-07T00:29:35+05:30,Amazon,Shopping,3268.27,INR,SUCCESS,Credit Card
TXN2025009913,2025-12-12T09:50:26Z,Rapido,Travel,7802.0,INR,PENDING,Netbanking
TXN2025009914,1784002176000,Ajio,Shopping,11131.98,INR,SUCCESS,Netbanking
TXN2025009915,2026-04-23T15:32:12Z,YouTube Premium,Entertainment,2121.19,INR,SUCCESS,UPI
TXN2025009916,2026-06-02T11:37:06Z,YouTube Premium,Entertainment,2072.1,INR,SUCCESS,Credit Card
TXN2025009917,2026-03-22T02:59:41+05:30,IRCTC,Travel,8814.85,INR,SUCCESS,Netbanking
TXN2025009918,2026-05-31,Rapido,Travel,2940.0,INR,SUCCESS,Debit Card
TXN2025009919,2026-04-18,Ola,Travel,5351.61,INR,SUCCESS,UPI
TXN2025009920,2026-06-16T02:44:49Z,HP Petrol,Fuel,1244.04,INR,SUCCESS,Credit Card
TXN2025009921,2026-02-27,Coursera,Education,50524.0,INR,SUCCESS,Credit Card
TXN2025009922,2026-01-02,JioMart,Groceries,4501.25,INR,SUCCESS,UPI
TXN2025009923,2025-08-22T06:44:42Z,ACT Fibernet,Utilities,853.72,INR,SUCCESS,Credit Card
TXN2025009924,2025-12-01T00:08:07Z,Amazon,Shopping,12075.1,INR,SUCCESS,Netbanking
TXN2025009925,2026-01-11T13:22:41Z,upGrad,Education,20419.83,INR,SUCCESS,Netbanking
TXN2025009926,1781707254000,Indian Oil,,3662.72,INR,SUCCESS,Netbanking
TXN2025009927,2025-11-13T19:01:57+05:30,HP Petrol,Fuel,2696.43,INR,SUCCESS,Netbanking
TXN2025009928,2026-03-30T01:47:25+05:30,Practo,Health,5167.35,INR,PENDING,Netbanking
TXN2025009929,2025-08-03T15:12:25+05:30,Amazon,Shopping,2096.53,INR,FAILED,Debit Card
TXN2025009930,2025-07-21T19:18:56Z,YouTube Premium,Entertainment,306.6,INR,SUCCESS,Credit Card
TXN2025009931,2025-11-15T09:17:12Z,MakeMyTrip,Travel,5819.83,INR,SUCCESS,UPI
TXN2025009932,2026-04-07,Shell,Fuel,3941.21,INR,SUCCESS,Credit Card
TXN2025009933,2026-07-09T10:28:26Z,Ajio,Shopping,13797.97,INR,SUCCESS,Netbanking
TXN2025009934,1773463547000,HP Petrol,Fuel,3926.57,INR,SUCCESS,Debit Card
TXN2025009935,2026-07-01T15:11:30Z,Nykaa,Shopping,663.0,INR,SUCCESS,Debit Card
TXN2025009936,2026-06-06T20:12:14Z,Starbucks,Food & Dining,620.35,INR,SUCCESS,Credit Card
TXN2025009937,2025-09-04T04:05:56Z,Rapido,Travel,1025.0,INR,SUCCESS,Netbanking
TXN2025009938,2026-05-10T00:01:09Z,YouTube Premium,Entertainment,1028.0,INR,FAILED,Credit Card
TXN2025009939,2026-02-18T20:40:00Z,JioMart,Groceries,1313.35,INR,SUCCESS,Netbanking
TXN2025009940,2026-03-02,Jio,Utilities,375.05,INR,SUCCESS,Netbanking
TXN2025009941,1760383793000,upGrad,Education,4814.0,INR,SUCCESS,Credit Card
TXN2025009942,2025-10-25,Policybazaar,Insurance,29162.24,INR,SUCCESS,Debit Card
TXN2025009943,2025-12-20T06:56:07Z,IRCTC,Travel,4789.27,INR,SUCCESS,UPI
TXN2025009944,2025-12-07T16:26:21+05:30,Nykaa,Shopping,12612.41,INR,SUCCESS,Netbanking
TXN2025009945,2026-05-29T17:57:46Z,Nykaa,Shopping,2353.88,INR,FAILED,Debit Card
TXN2025009946,2025-07-27T06:35:30Z,Zepto,Groceries,3896.82,INR,SUCCESS,Credit Card
TXN2025009947,2026-03-16T07:34:05+05:30,Myntra,Shopping,6429.0,INR,SUCCESS,Credit Card
TXN2025009948,1779324179000,Unacademy,Education,48487.39,INR,SUCCESS,Debit Card
TXN2025009949,2026-06-03T16:49:15Z,IndiGo,Travel,8822.0,INR,SUCCESS,UPI
TXN2025009950,2025-07-17T07:02:55Z,HP Petrol,Fuel,3563.85,INR,SUCCESS,UPI
TXN2025009951,15/07/2026 10:51:27,Zomato,Food & Dining,796.0,INR,SUCCESS,Netbanking
TXN2025009952,2025-09-09T23:12:21Z,Domino's,Food & Dining,287.64,INR,SUCCESS,Netbanking
TXN2025009953,1761338981000,LIC Premium,Insurance,11057.0,INR,PENDING,Credit Card
TXN2025009954,2025-12-18T13:59:31Z,Zepto,Groceries,656.86,INR,SUCCESS,Netbanking
TXN2025009955,2026-01-03T12:57:14+05:30,Hotstar,Entertainment,530.0,INR,SUCCESS,Debit Card
TXN2025009956,2026-02-22T13:18:11Z,LIC Premium,Insurance,6932.72,INR,SUCCESS,UPI
TXN2025009957,2026-01-09T07:02:04Z,Domino's,Food & Dining,756.2,INR,SUCCESS,Credit Card
TXN2025009958,2026-06-16T15:48:48+05:30,Amazon,Shopping,12855.67,INR,SUCCESS,Debit Card
TXN2025009959,2026-02-06T03:20:42Z,Zomato,Food & Dining,690.99,INR,SUCCESS,Credit Card
TXN2025009960,1753333794000,Amazon,Shopping,4319.0,INR,SUCCESS,Debit Card
TXN2025009961,2026-06-15T10:13:39Z,PharmEasy,Health,2817.0,INR,SUCCESS,Debit Card
TXN2025009962,2026-01-03T17:41:30Z,Amazon,Shopping,11122.31,INR,PENDING,Debit Card
TXN2025009963,31/10/2025 21:11:30,Netflix,Entertainment,1287.44,INR,PENDING,Netbanking
TXN2025009964,2026-06-24T06:13:36Z,Indian Oil,Fuel,2243.5,INR,PENDING,Netbanking
TXN2025009965,2025-12-27T09:13:03Z,Indian Oil,Fuel,1988.14,INR,SUCCESS,Netbanking
TXN2025009966,2026-02-07T10:08:31Z,Myntra,,3490.56,INR,SUCCESS,UPI
TXN2025009967,01/07/2025 09:42:14,ACT Fibernet,Utilities,1452.96,INR,SUCCESS,Netbanking
TXN2025009968,2026-03-09T03:31:35+05:30,Cult.fit,Health,227.0,INR,SUCCESS,Netbanking
TXN2025009969,2025-09-10T02:02:34+05:30,Croma,Shopping,13350.0,INR,SUCCESS,Debit Card
TXN2025009970,1758670507000,Ola,Travel,200.69,INR,SUCCESS,Netbanking
TXN2025009971,2026-04-30T21:27:28Z,Indian Oil,Fuel,3048.0,INR,SUCCESS,Netbanking
TXN2025009972,2026-02-17T13:06:11Z,JioMart,Groceries,5050.0,INR,PENDING,Netbanking
TXN2025009973,1761509685000,Shell,Fuel,3082.14,INR,SUCCESS,Netbanking
TXN2025009974,2026-03-29T03:34:30Z,upGrad,Education,15673.33,INR,PENDING,UPI
TXN2025009975,2025-11-24T20:02:04+05:30,IRCTC,Travel,6550.0,INR,SUCCESS,Netbanking
TXN2025009976,2025-09-19T09:31:58+05:30,Indian Oil,Fuel,2383.23,INR,SUCCESS,Debit Card
TXN2025009977,2026-01-07T17:33:40+05:30,Spotify,Entertainment,2429.72,INR,SUCCESS,Debit Card
TXN2025009978,2026-06-14T03:17:12Z,Blinkit,Groceries,2167.77,INR,SUCCESS,Debit Card
TXN2025009979,2026-04-16T23:18:32Z,IRCTC,Travel,237.0,INR,SUCCESS,Debit Card
TXN2025009980,2025-09-25T04:20:50Z,IRCTC,Travel,358.98,INR,SUCCESS,Credit Card
TXN2025009981,2025-07-08T04:08:29Z,Uber,Travel,3244.9,INR,SUCCESS,UPI
TXN2025009982,2026-04-18T23:58:42Z,Ajio,Shopping,3238.02,INR,PENDING,Debit Card
TXN2025009983,2026-05-22T08:01:45Z,LIC Premium,Insurance,30774.39,INR,SUCCESS,Debit Card
TXN2025009984,2025-08-07T20:20:36Z,HDFC Ergo,Insurance,26404.4,INR,SUCCESS,Credit Card
TXN2025009985,1756189987000,Coursera,Education,52689.65,INR,SUCCESS,Debit Card
TXN2025009986,2026-02-01T11:31:50Z,ACT Fibernet,Utilities,1646.0,INR,PENDING,UPI
TXN2025009987,2025-08-25T21:13:32Z,BSES,Utilities,3373.0,INR,SUCCESS,Debit Card
TXN2025009988,2026-03-20,HP Petrol,Fuel,3590.12,INR,SUCCESS,Netbanking
TXN2025009989,2026-02-13T22:44:24Z,BigBasket,Groceries,945.27,INR,SUCCESS,Netbanking
TXN2025009990,2026-06-05,Practo,Health,-3426.0,INR,SUCCESS,Credit Card
TXN2025009991,2025-10-04T10:45:09+05:30,Policybazaar,Insurance,32124.76,INR,SUCCESS,Credit Card
TXN2025009992,2025-12-14T19:53:54+05:30,LIC Premium,Insurance,9042.88,INR,PENDING,Credit Card
TXN2025009993,2026-02-11T13:56:33+05:30,BPCL,Fuel,3378.88,INR,FAILED,Credit Card
TXN2025009994,2025-09-20T17:00:37+05:30,Netflix,Entertainment,1354.42,INR,SUCCESS,Netbanking
TXN2025009995,2025-11-13T03:37:07Z,Shell,Fuel,909.99,INR,SUCCESS,Credit Card
TXN2025009996,1779089277000,IndiGo,Travel,3127.07,INR,SUCCESS,Credit Card
TXN2025009997,1775895370000,BSES,Utilities,1993.29,INR,SUCCESS,Debit Card
TXN2025009998,2025-07-10T12:07:42Z,Ajio,Shopping,2362.21,INR,SUCCESS,Debit Card
TXN2025009999,2026-06-26T18:38:09Z,1mg,Health,2916.55,INR,FAILED,Debit Card
